analysis,model,fold,sample_id,source_index,publication_group,activity_type,target,y_true,y_pred,log10_true,log10_pred,log10_error_pred_minus_true,abs_log10_error,prediction_to_true_ratio
known_activity_only_random_5fold,A0_physics_no_arrhenius,1,R003,2,,catalase,Km (mM),458.9,7.748107733695213,2.6617180576946593,0.8891956507440352,-1.7725224069506242,1.7725224069506242,0.016884087456298134
known_activity_only_random_5fold,A0_physics_no_arrhenius,1,R003,2,,catalase,Kcat (s⁻¹),312000.0,7.306186165570751,5.494154594018442,0.8636907340749164,-4.630463859943526,4.630463859943526,2.3417263351188306e-05
known_activity_only_random_5fold,A0_physics_no_arrhenius,1,R003,2,,catalase,Vmax (nM s⁻¹),3.06,37.26777340045935,0.48572142648158,1.5713334461807107,1.0856120196991306,1.0856120196991306,12.179010915182793
known_activity_only_random_5fold,A0_physics_no_arrhenius,1,R007,6,,peroxidase,Km (mM),6.22,5.689830809436411,0.7937903846908186,0.7550993525777407,-0.038691032113077894,0.038691032113077894,0.9147637957293265
known_activity_only_random_5fold,A0_physics_no_arrhenius,1,R007,6,,peroxidase,Kcat (s⁻¹),1.8256,27.710721247718297,0.2614056270741394,1.4426478296374363,1.181242202563297,1.181242202563297,15.178966502913179
known_activity_only_random_5fold,A0_physics_no_arrhenius,1,R007,6,,peroxidase,Vmax (nM s⁻¹),157.0,140.97375786027737,2.1958996524092336,2.149138276647134,-0.04676137576209971,0.04676137576209971,0.8979220245877539
known_activity_only_random_5fold,A0_physics_no_arrhenius,1,R013,12,,peroxidase,Km (mM),0.0906,2.423888591836241,-1.0428718023231869,0.38451265465981466,1.4273844569830016,1.4273844569830016,26.753737216735555
known_activity_only_random_5fold,A0_physics_no_arrhenius,1,R013,12,,peroxidase,Kcat (s⁻¹),500.0,21.42612122359298,2.6989700043360187,1.330943557712082,-1.3680264466239367,1.3680264466239367,0.04285224244718596
known_activity_only_random_5fold,A0_physics_no_arrhenius,1,R013,12,,peroxidase,Vmax (nM s⁻¹),1700.0,316.04802215113443,3.230448921378274,2.499753076829464,-0.7306958445488103,0.7306958445488103,0.1859106012653732
known_activity_only_random_5fold,A0_physics_no_arrhenius,1,R015,14,,catalase,Km (mM),2.97,5.922565996554383,0.4727564493172124,0.7725099088679473,0.29975345955073496,0.29975345955073496,1.9941299651698257
known_activity_only_random_5fold,A0_physics_no_arrhenius,1,R015,14,,catalase,Kcat (s⁻¹),0.000166,2.92410960311582,-3.779891911959945,0.4659936470602084,4.245885559020153,4.245885559020153,17615.118091059157
known_activity_only_random_5fold,A0_physics_no_arrhenius,1,R015,14,,catalase,Vmax (nM s⁻¹),76.7,36.3080355539457,1.884795363948981,1.5600027520480961,-0.3247926119008848,0.3247926119008848,0.47337725624440286
known_activity_only_random_5fold,A0_physics_no_arrhenius,1,R022,21,,peroxidase,Km (mM),5.55,4.1150092055559595,0.7442929831226762,0.614370811095721,-0.12992217202695522,0.12992217202695522,0.7414431001001729
known_activity_only_random_5fold,A0_physics_no_arrhenius,1,R022,21,,peroxidase,Kcat (s⁻¹),1062.0,34.981204633949645,3.0261245167454502,1.5438347610279897,-1.4822897557174606,1.4822897557174606,0.0329389874142652
known_activity_only_random_5fold,A0_physics_no_arrhenius,1,R022,21,,peroxidase,Vmax (nM s⁻¹),1062.0,2076.0599828876984,3.0261245167454502,3.317239897278926,0.29111538053347585,0.29111538053347585,1.9548587409488685
known_activity_only_random_5fold,A0_physics_no_arrhenius,1,R033,32,,catalase,Km (mM),214.0,2.278207095881503,2.330413773349191,0.3575932002130123,-1.9728205731361788,1.9728205731361788,0.010645827550848143
known_activity_only_random_5fold,A0_physics_no_arrhenius,1,R033,32,,catalase,Kcat (s⁻¹),60500.0,31810.571131917364,4.781755374652469,4.502571466567705,-0.27918390808476357,0.27918390808476357,0.5257945641639233
known_activity_only_random_5fold,A0_physics_no_arrhenius,1,R033,32,,catalase,Vmax (nM s⁻¹),506.0,240.2082725507998,2.7041505168397992,2.38058796002483,-0.32356255681496915,0.32356255681496915,0.47471990622687704
known_activity_only_random_5fold,A0_physics_no_arrhenius,1,R039,38,,peroxidase,Km (mM),0.24,1.9161098279532938,-0.619788758288394,0.28242039843097855,0.9022091567193725,0.9022091567193725,7.983790949805391
known_activity_only_random_5fold,A0_physics_no_arrhenius,1,R039,38,,peroxidase,Kcat (s⁻¹),2.64e-05,8.93296506717212,-4.578396073130169,0.9509956356608021,5.529391708790971,5.529391708790971,338369.88890803483
known_activity_only_random_5fold,A0_physics_no_arrhenius,1,R039,38,,peroxidase,Vmax (nM s⁻¹),4.0,129.62100532001196,0.6020599913279624,2.112675385449493,1.5106153941215306,1.5106153941215306,32.40525133000299
known_activity_only_random_5fold,A0_physics_no_arrhenius,1,R043,42,,peroxidase,Km (mM),0.148,3.854103337364816,-0.8297382846050426,0.5859233549083434,1.4156616395133859,1.4156616395133859,26.041238765978488
known_activity_only_random_5fold,A0_physics_no_arrhenius,1,R043,42,,peroxidase,Kcat (s⁻¹),0.708,6.616916840929548,-0.149966742310231,0.8206556766184542,0.9706224189286852,0.9706224189286852,9.345927741425916
known_activity_only_random_5fold,A0_physics_no_arrhenius,1,R043,42,,peroxidase,Vmax (nM s⁻¹),758.0,100.30805772123286,2.8796692056320534,2.001335821189017,-0.8783333844430365,0.8783333844430365,0.13233252997524123
known_activity_only_random_5fold,A0_physics_no_arrhenius,1,R054,53,,peroxidase,Km (mM),0.022,2.278207095881503,-1.6575773191777938,0.3575932002130123,2.0151705193908063,2.0151705193908063,103.55486799461377
known_activity_only_random_5fold,A0_physics_no_arrhenius,1,R054,53,,peroxidase,Kcat (s⁻¹),22500.0,31810.571131917364,4.352182518111363,4.502571466567705,0.15038894845634232,0.15038894845634232,1.4138031614185496
known_activity_only_random_5fold,A0_physics_no_arrhenius,1,R054,53,,peroxidase,Vmax (nM s⁻¹),174.0,240.2082725507998,2.2405492482826,2.38058796002483,0.14003871174223015,0.14003871174223015,1.3805073135103436
known_activity_only_random_5fold,A0_physics_no_arrhenius,1,R056,55,,catalase,Km (mM),0.27,2.423888591836241,-0.5686362358410126,0.38451265465981466,0.9531488905008273,0.9531488905008273,8.977365154949041
known_activity_only_random_5fold,A0_physics_no_arrhenius,1,R056,55,,catalase,Kcat (s⁻¹),440.0,21.42612122359298,2.6434526764861874,1.330943557712082,-1.3125091187741054,1.3125091187741054,0.048695730053620406
known_activity_only_random_5fold,A0_physics_no_arrhenius,1,R056,55,,catalase,Vmax (nM s⁻¹),1500.0,316.04802215113443,3.1760912590556813,2.499753076829464,-0.6763381822262176,0.6763381822262176,0.21069868143408962
known_activity_only_random_5fold,A0_physics_no_arrhenius,1,R059,58,,peroxidase,Km (mM),0.224,9.165744492883345,-0.6497519816658371,0.9621677465507613,1.6119197282165985,1.6119197282165985,40.918502200372075
known_activity_only_random_5fold,A0_physics_no_arrhenius,1,R059,58,,peroxidase,Kcat (s⁻¹),4970000.0,5703.406633171358,6.696356388733332,3.75613433638379,-2.9402220523495424,2.9402220523495424,0.0011475667269962493
known_activity_only_random_5fold,A0_physics_no_arrhenius,1,R059,58,,peroxidase,Vmax (nM s⁻¹),121.5,43.69302963796709,2.084576277934331,1.6404121593681527,-0.4441641185661782,0.4441641185661782,0.3596134126581654
known_activity_only_random_5fold,A0_physics_no_arrhenius,1,R063,62,,peroxidase,Km (mM),0.253,3.7280992319091792,-0.5968794788241821,0.5714874635792164,1.1683669424033987,1.1683669424033987,14.735570086597546
known_activity_only_random_5fold,A0_physics_no_arrhenius,1,R063,62,,peroxidase,Kcat (s⁻¹),0.374,3.000126680663436,-0.42712839779951983,0.47713959323684063,0.9042679910363605,0.9042679910363605,8.021729092682984
known_activity_only_random_5fold,A0_physics_no_arrhenius,1,R063,62,,peroxidase,Vmax (nM s⁻¹),400.0,89.78380740458631,2.6020599913279625,1.9531980183049025,-0.64886197302306,0.64886197302306,0.22445951851146578
known_activity_only_random_5fold,A0_physics_no_arrhenius,1,R068,67,,catalase,Km (mM),0.097,0.13860629332184515,-1.0132282657337552,-0.8582170504392138,0.15501121529454143,0.15501121529454143,1.4289308589880942
known_activity_only_random_5fold,A0_physics_no_arrhenius,1,R068,67,,catalase,Kcat (s⁻¹),216.6,227.78813441601267,2.3356584522893016,2.357531097741927,0.02187264545262524,0.02187264545262524,1.0516534368236965
known_activity_only_random_5fold,A0_physics_no_arrhenius,1,R068,67,,catalase,Vmax (nM s⁻¹),9.16,20.15851536800498,0.9618954736678504,1.304458544081752,0.34256307041390155,0.34256307041390155,2.200711284716701
known_activity_only_random_5fold,A0_physics_no_arrhenius,1,R076,75,,catalase,Km (mM),0.14,0.13860629332184515,-0.8538719643217619,-0.8582170504392138,-0.0043450861174518796,0.0043450861174518796,0.9900449522988939
known_activity_only_random_5fold,A0_physics_no_arrhenius,1,R076,75,,catalase,Kcat (s⁻¹),1216.6,227.78813441601267,3.0851478121269045,2.357531097741927,-0.7276167143849777,0.7276167143849777,0.18723338354102637
known_activity_only_random_5fold,A0_physics_no_arrhenius,1,R076,75,,catalase,Vmax (nM s⁻¹),53.33,20.15851536800498,1.7269715836828767,1.304458544081752,-0.42251303960112474,0.42251303960112474,0.37799578788683635
known_activity_only_random_5fold,A0_physics_no_arrhenius,1,R078,77,,catalase,Km (mM),0.072,0.13860629332184515,-1.1426675035687315,-0.8582170504392138,0.28445045312951767,0.28445045312951767,1.9250874072478494
known_activity_only_random_5fold,A0_physics_no_arrhenius,1,R078,77,,catalase,Kcat (s⁻¹),163.33,227.78813441601267,2.2130659620657176,2.357531097741927,0.14446513567620922,0.14446513567620922,1.3946496933570847
known_activity_only_random_5fold,A0_physics_no_arrhenius,1,R078,77,,catalase,Vmax (nM s⁻¹),7.16,20.15851536800498,0.8549130223078556,1.304458544081752,0.4495455217738964,0.4495455217738964,2.8154351072632653
known_activity_only_random_5fold,A0_physics_no_arrhenius,1,R084,83,,catalase,Km (mM),0.14,0.13860629332184515,-0.8538719643217619,-0.8582170504392138,-0.0043450861174518796,0.0043450861174518796,0.9900449522988939
known_activity_only_random_5fold,A0_physics_no_arrhenius,1,R084,83,,catalase,Kcat (s⁻¹),266.6,227.78813441601267,2.4258601450778405,2.357531097741927,-0.06832904733591372,0.06832904733591372,0.8544191088372567
known_activity_only_random_5fold,A0_physics_no_arrhenius,1,R084,83,,catalase,Vmax (nM s⁻¹),11.6,20.15851536800498,1.0644579892269184,1.304458544081752,0.24000055485483363,0.24000055485483363,1.7378030489659466
known_activity_only_random_5fold,A1_physics_plus_activity_category,1,R003,2,,catalase,Km (mM),458.9,35.05822319456993,2.6617180576946593,1.5447899015938358,-1.1169281561008235,1.1169281561008235,0.07639621528561764
known_activity_only_random_5fold,A1_physics_plus_activity_category,1,R003,2,,catalase,Kcat (s⁻¹),312000.0,251.96835834194275,5.494154594018442,2.401346006415316,-3.0928085876031264,3.0928085876031264,0.0008075908921216114
known_activity_only_random_5fold,A1_physics_plus_activity_category,1,R003,2,,catalase,Vmax (nM s⁻¹),3.06,36.63783402395771,0.48572142648158,1.5639297908896959,1.0782083644081157,1.0782083644081157,11.973148373842388
known_activity_only_random_5fold,A1_physics_plus_activity_category,1,R007,6,,peroxidase,Km (mM),6.22,0.15756415118638664,0.7937903846908186,-0.8025425857862769,-1.5963329704770954,1.5963329704770954,0.025331857103920684
known_activity_only_random_5fold,A1_physics_plus_activity_category,1,R007,6,,peroxidase,Kcat (s⁻¹),1.8256,4.14684194371621,0.2614056270741394,0.6177174826078033,0.35631185553366396,0.35631185553366396,2.2714953679427095
known_activity_only_random_5fold,A1_physics_plus_activity_category,1,R007,6,,peroxidase,Vmax (nM s⁻¹),157.0,165.0446104856087,2.1958996524092336,2.2176013470572635,0.021701694648029957,0.021701694648029957,1.0512395572331765
known_activity_only_random_5fold,A1_physics_plus_activity_category,1,R013,12,,peroxidase,Km (mM),0.0906,0.5564215787310508,-1.0428718023231869,-0.25459603586529006,0.7882757664578968,0.7882757664578968,6.141518529040296
known_activity_only_random_5fold,A1_physics_plus_activity_category,1,R013,12,,peroxidase,Kcat (s⁻¹),500.0,3.5149565456310574,2.6989700043360187,0.5459199603347047,-2.153050044001314,2.153050044001314,0.007029913091262115
known_activity_only_random_5fold,A1_physics_plus_activity_category,1,R013,12,,peroxidase,Vmax (nM s⁻¹),1700.0,204.4509464291328,3.230448921378274,2.3105891252987605,-0.9198597960795136,0.9198597960795136,0.12026526260537224
known_activity_only_random_5fold,A1_physics_plus_activity_category,1,R015,14,,catalase,Km (mM),2.97,15.549492208610008,0.4727564493172124,1.1917162110735011,0.7189597617562887,0.7189597617562887,5.235519262158252
known_activity_only_random_5fold,A1_physics_plus_activity_category,1,R015,14,,catalase,Kcat (s⁻¹),0.000166,163.266248554327,-3.779891911959945,2.2128964138756,5.992788325835545,5.992788325835545,983531.6177971506
known_activity_only_random_5fold,A1_physics_plus_activity_category,1,R015,14,,catalase,Vmax (nM s⁻¹),76.7,35.172388128657495,1.884795363948981,1.5462018569688356,-0.33859350698014534,0.33859350698014534,0.45857090128627764
known_activity_only_random_5fold,A1_physics_plus_activity_category,1,R022,21,,peroxidase,Km (mM),5.55,0.5421825242536724,0.7442929831226762,-0.2658544848051663,-1.0101474679278426,1.0101474679278426,0.09769054491057161
known_activity_only_random_5fold,A1_physics_plus_activity_category,1,R022,21,,peroxidase,Kcat (s⁻¹),1062.0,9.639991680771285,3.0261245167454502,0.9840766591106437,-2.0420478576348065,2.0420478576348065,0.00907720497247767
known_activity_only_random_5fold,A1_physics_plus_activity_category,1,R022,21,,peroxidase,Vmax (nM s⁻¹),1062.0,484.1767949764561,3.0261245167454502,2.6850039712784275,-0.34112054546702275,0.34112054546702275,0.45591035308517525
known_activity_only_random_5fold,A1_physics_plus_activity_category,1,R033,32,,catalase,Km (mM),214.0,198.40707677537293,2.330413773349191,2.2975571584919625,-0.03285661485722846,0.03285661485722846,0.9271358727821165
known_activity_only_random_5fold,A1_physics_plus_activity_category,1,R033,32,,catalase,Kcat (s⁻¹),60500.0,63198.47066010011,4.781755374652469,4.80070656891663,0.018951194264161586,0.018951194264161586,1.044602820828101
known_activity_only_random_5fold,A1_physics_plus_activity_category,1,R033,32,,catalase,Vmax (nM s⁻¹),506.0,530.830797368722,2.7041505168397992,2.7249561115158554,0.02080559467605614,0.02080559467605614,1.049072722072573
known_activity_only_random_5fold,A1_physics_plus_activity_category,1,R039,38,,peroxidase,Km (mM),0.24,0.5625167610039348,-0.619788758288394,-0.24986453258891703,0.3699242256994769,0.3699242256994769,2.3438198375163948
known_activity_only_random_5fold,A1_physics_plus_activity_category,1,R039,38,,peroxidase,Kcat (s⁻¹),2.64e-05,1.5556988915965027,-4.578396073130169,0.19192554228565095,4.770321615415821,4.770321615415821,58927.98831804934
known_activity_only_random_5fold,A1_physics_plus_activity_category,1,R039,38,,peroxidase,Vmax (nM s⁻¹),4.0,120.5445489670707,0.6020599913279624,2.0811475763306686,1.479087585002706,1.479087585002706,30.136137241767674
known_activity_only_random_5fold,A1_physics_plus_activity_category,1,R043,42,,peroxidase,Km (mM),0.148,0.13276911242487882,-0.8297382846050426,-0.8769029480378343,-0.04716466343279169,0.04716466343279169,0.8970885974653975
known_activity_only_random_5fold,A1_physics_plus_activity_category,1,R043,42,,peroxidase,Kcat (s⁻¹),0.708,1.8651071719682784,-0.149966742310231,0.2707037921002889,0.4206705344105199,0.4206705344105199,2.6343321637970036
known_activity_only_random_5fold,A1_physics_plus_activity_category,1,R043,42,,peroxidase,Vmax (nM s⁻¹),758.0,105.83391084226396,2.8796692056320534,2.0246248447501354,-0.855044360881918,0.855044360881918,0.13962257367053293
known_activity_only_random_5fold,A1_physics_plus_activity_category,1,R054,53,,peroxidase,Km (mM),0.022,0.03296377755801418,-1.6575773191777938,-1.4819630251729046,0.17561429400488926,0.17561429400488926,1.4983535253642812
known_activity_only_random_5fold,A1_physics_plus_activity_category,1,R054,53,,peroxidase,Kcat (s⁻¹),22500.0,9610.807275039999,4.352182518111363,3.9827598684563124,-0.36942264965505034,0.36942264965505034,0.42714699000177775
known_activity_only_random_5fold,A1_physics_plus_activity_category,1,R054,53,,peroxidase,Vmax (nM s⁻¹),174.0,150.7535405781318,2.2405492482826,2.178267520715928,-0.06228172756667183,0.06228172756667183,0.8663996584950103
known_activity_only_random_5fold,A1_physics_plus_activity_category,1,R056,55,,catalase,Km (mM),0.27,12.668005514375691,-0.5686362358410126,1.1027082437480598,1.6713444795890724,1.6713444795890724,46.91853894213219
known_activity_only_random_5fold,A1_physics_plus_activity_category,1,R056,55,,catalase,Kcat (s⁻¹),440.0,53.00141818237189,2.6434526764861874,1.7242874903656626,-0.9191651861205248,0.9191651861205248,0.12045776859629975
known_activity_only_random_5fold,A1_physics_plus_activity_category,1,R056,55,,catalase,Vmax (nM s⁻¹),1500.0,250.86173523268835,3.1760912590556813,2.39943442199758,-0.7766568370581015,0.7766568370581015,0.16724115682179222
known_activity_only_random_5fold,A1_physics_plus_activity_category,1,R059,58,,peroxidase,Km (mM),0.224,0.59632197392961,-0.6497519816658371,-0.22451918699746923,0.42523279466836794,0.42523279466836794,2.662151669328616
known_activity_only_random_5fold,A1_physics_plus_activity_category,1,R059,58,,peroxidase,Kcat (s⁻¹),4970000.0,507.52758172953025,6.696356388733332,2.70545964908267,-3.9908967396506623,3.9908967396506623,0.00010211822570010669
known_activity_only_random_5fold,A1_physics_plus_activity_category,1,R059,58,,peroxidase,Vmax (nM s⁻¹),121.5,65.45392964054305,2.084576277934331,1.8159357252943025,-0.2686405526400284,0.2686405526400284,0.5387154702925354
known_activity_only_random_5fold,A1_physics_plus_activity_category,1,R063,62,,peroxidase,Km (mM),0.253,1.0233008366477228,-0.5968794788241821,0.010003329205082474,0.6068828080292646,0.6068828080292646,4.044667338528549
known_activity_only_random_5fold,A1_physics_plus_activity_category,1,R063,62,,peroxidase,Kcat (s⁻¹),0.374,0.8267616705715067,-0.42712839779951983,-0.08261966586810578,0.34450873193141407,0.34450873193141407,2.2105927020628524
known_activity_only_random_5fold,A1_physics_plus_activity_category,1,R063,62,,peroxidase,Vmax (nM s⁻¹),400.0,81.56481999187238,2.6020599913279625,1.9115028820646747,-0.6905571092632878,0.6905571092632878,0.20391204997968096
known_activity_only_random_5fold,A1_physics_plus_activity_category,1,R068,67,,catalase,Km (mM),0.097,0.2581821533232132,-1.0132282657337552,-0.5880737813613266,0.42515448437242864,0.42515448437242864,2.661671683744466
known_activity_only_random_5fold,A1_physics_plus_activity_category,1,R068,67,,catalase,Kcat (s⁻¹),216.6,179.92456457690596,2.3356584522893016,2.255090460354524,-0.0805679919347777,0.0805679919347777,0.8306766600965187
known_activity_only_random_5fold,A1_physics_plus_activity_category,1,R068,67,,catalase,Vmax (nM s⁻¹),9.16,24.01678747333323,0.9618954736678504,1.3805149149773288,0.41861944130947837,0.41861944130947837,2.621920029839872
known_activity_only_random_5fold,A1_physics_plus_activity_category,1,R076,75,,catalase,Km (mM),0.14,0.2581821533232132,-0.8538719643217619,-0.5880737813613266,0.26579818296043534,0.26579818296043534,1.8441582380229513
known_activity_only_random_5fold,A1_physics_plus_activity_category,1,R076,75,,catalase,Kcat (s⁻¹),1216.6,179.92456457690596,3.0851478121269045,2.255090460354524,-0.8300573517723806,0.8300573517723806,0.14789130739512246
known_activity_only_random_5fold,A1_physics_plus_activity_category,1,R076,75,,catalase,Vmax (nM s⁻¹),53.33,24.01678747333323,1.7269715836828767,1.3805149149773288,-0.3464566687055479,0.3464566687055479,0.4503429115569704
known_activity_only_random_5fold,A1_physics_plus_activity_category,1,R078,77,,catalase,Km (mM),0.072,0.2581821533232132,-1.1426675035687315,-0.5880737813613266,0.5545937222074049,0.5545937222074049,3.5858632406001836
known_activity_only_random_5fold,A1_physics_plus_activity_category,1,R078,77,,catalase,Kcat (s⁻¹),163.33,179.92456457690596,2.2130659620657176,2.255090460354524,0.04202449828880628,0.04202449828880628,1.1016014484595968
known_activity_only_random_5fold,A1_physics_plus_activity_category,1,R078,77,,catalase,Vmax (nM s⁻¹),7.16,24.01678747333323,0.8549130223078556,1.3805149149773288,0.5256018926694732,0.5256018926694732,3.3542999264431885
known_activity_only_random_5fold,A1_physics_plus_activity_category,1,R084,83,,catalase,Km (mM),0.14,0.2581821533232132,-0.8538719643217619,-0.5880737813613266,0.26579818296043534,0.26579818296043534,1.8441582380229513
known_activity_only_random_5fold,A1_physics_plus_activity_category,1,R084,83,,catalase,Kcat (s⁻¹),266.6,179.92456457690596,2.4258601450778405,2.255090460354524,-0.17076968472331666,0.17076968472331666,0.6748858386230531
known_activity_only_random_5fold,A1_physics_plus_activity_category,1,R084,83,,catalase,Vmax (nM s⁻¹),11.6,24.01678747333323,1.0644579892269184,1.3805149149773288,0.31605692575041044,0.31605692575041044,2.0704127132183823
known_activity_only_random_5fold,A2_physics_plus_arrhenius,1,R003,2,,catalase,Km (mM),458.9,7.7416768623165435,2.6617180576946593,0.8888350399044538,-1.7728830177902055,1.7728830177902055,0.016870073790186412
known_activity_only_random_5fold,A2_physics_plus_arrhenius,1,R003,2,,catalase,Kcat (s⁻¹),312000.0,9.929741546339708,5.494154594018442,0.9969379447230499,-4.497216649295392,4.497216649295392,3.1826094699806756e-05
known_activity_only_random_5fold,A2_physics_plus_arrhenius,1,R003,2,,catalase,Vmax (nM s⁻¹),3.06,39.148530012648344,0.48572142648158,1.5927154593855097,1.1069940329039296,1.1069940329039296,12.793637259035407
known_activity_only_random_5fold,A2_physics_plus_arrhenius,1,R007,6,,peroxidase,Km (mM),6.22,5.612829243573116,0.7937903846908186,0.7491818300867703,-0.044608554604048334,0.044608554604048334,0.9023841227609511
known_activity_only_random_5fold,A2_physics_plus_arrhenius,1,R007,6,,peroxidase,Kcat (s⁻¹),1.8256,35.06181296358131,0.2614056270741394,1.5448343686808406,1.2834287416067012,1.2834287416067012,19.20563812641395
known_activity_only_random_5fold,A2_physics_plus_arrhenius,1,R007,6,,peroxidase,Vmax (nM s⁻¹),157.0,156.19017734968753,2.1958996524092336,2.1936537180370212,-0.0022459343722123215,0.0022459343722123215,0.9948418939470544
known_activity_only_random_5fold,A2_physics_plus_arrhenius,1,R013,12,,peroxidase,Km (mM),0.0906,2.2338516295675066,-1.0428718023231869,0.34905432428542366,1.3919261266086105,1.3919261266086105,24.656199001848858
known_activity_only_random_5fold,A2_physics_plus_arrhenius,1,R013,12,,peroxidase,Kcat (s⁻¹),500.0,15.794262285879105,2.6989700043360187,1.198499345805964,-1.5004706585300547,1.5004706585300547,0.03158852457175821
known_activity_only_random_5fold,A2_physics_plus_arrhenius,1,R013,12,,peroxidase,Vmax (nM s⁻¹),1700.0,290.8422259951226,3.230448921378274,2.4636574599083527,-0.7667914614699214,0.7667914614699214,0.1710836623500721
known_activity_only_random_5fold,A2_physics_plus_arrhenius,1,R015,14,,catalase,Km (mM),2.97,5.875616495007144,0.4727564493172124,0.7690534413834326,0.2962969920662202,0.2962969920662202,1.9783220521909572
known_activity_only_random_5fold,A2_physics_plus_arrhenius,1,R015,14,,catalase,Kcat (s⁻¹),0.000166,2.7090420602818654,-3.779891911959945,0.4328157478927173,4.212707659852662,4.212707659852662,16319.530483625696
known_activity_only_random_5fold,A2_physics_plus_arrhenius,1,R015,14,,catalase,Vmax (nM s⁻¹),76.7,38.944326993163095,1.884795363948981,1.5904442030867971,-0.2943511608621838,0.2943511608621838,0.5077487222055163
known_activity_only_random_5fold,A2_physics_plus_arrhenius,1,R022,21,,peroxidase,Km (mM),5.55,3.8077392349712262,0.7442929831226762,0.5806671989848147,-0.16362578413786155,0.16362578413786155,0.686079141436257
known_activity_only_random_5fold,A2_physics_plus_arrhenius,1,R022,21,,peroxidase,Kcat (s⁻¹),1062.0,31.458610083059398,3.0261245167454502,1.4977395305379866,-1.5283849862074637,1.5283849862074637,0.029622043392711298
known_activity_only_random_5fold,A2_physics_plus_arrhenius,1,R022,21,,peroxidase,Vmax (nM s⁻¹),1062.0,1930.468083494228,3.0261245167454502,3.2856626258114425,0.2595381090659923,0.2595381090659923,1.8177665569625499
known_activity_only_random_5fold,A2_physics_plus_arrhenius,1,R033,32,,catalase,Km (mM),214.0,2.279981765436057,2.330413773349191,0.35793137366616967,-1.9724823996830212,1.9724823996830212,0.010654120399233911
known_activity_only_random_5fold,A2_physics_plus_arrhenius,1,R033,32,,catalase,Kcat (s⁻¹),60500.0,34508.9332888173,4.781755374652469,4.537931534952443,-0.24382383970002586,0.24382383970002586,0.5703955915506992
known_activity_only_random_5fold,A2_physics_plus_arrhenius,1,R033,32,,catalase,Vmax (nM s⁻¹),506.0,256.89496781123995,2.7041505168397992,2.4097555971693625,-0.29439491967043674,0.29439491967043674,0.5076975648443477
known_activity_only_random_5fold,A2_physics_plus_arrhenius,1,R039,38,,peroxidase,Km (mM),0.24,1.8283180156294023,-0.619788758288394,0.2620517386739337,0.8818404969623277,0.8818404969623277,7.617991731789177
known_activity_only_random_5fold,A2_physics_plus_arrhenius,1,R039,38,,peroxidase,Kcat (s⁻¹),2.64e-05,7.310791403748694,-4.578396073130169,0.8639643925087783,5.442360465638948,5.442360465638948,276923.91680866265
known_activity_only_random_5fold,A2_physics_plus_arrhenius,1,R039,38,,peroxidase,Vmax (nM s⁻¹),4.0,129.83310913732032,0.6020599913279624,2.1133854573491875,1.511325466021225,1.511325466021225,32.45827728433008
known_activity_only_random_5fold,A2_physics_plus_arrhenius,1,R043,42,,peroxidase,Km (mM),0.148,3.786819801456876,-0.8297382846050426,0.5782746393973229,1.4080129240023656,1.4080129240023656,25.586620280114026
known_activity_only_random_5fold,A2_physics_plus_arrhenius,1,R043,42,,peroxidase,Kcat (s⁻¹),0.708,14.527480440062487,-0.149966742310231,1.1621902993729931,1.312157041683224,1.312157041683224,20.519040169579785
known_activity_only_random_5fold,A2_physics_plus_arrhenius,1,R043,42,,peroxidase,Vmax (nM s⁻¹),758.0,97.22799783511869,2.8796692056320534,1.9877913426467337,-0.8918778629853197,0.8918778629853197,0.128269126431555
known_activity_only_random_5fold,A2_physics_plus_arrhenius,1,R054,53,,peroxidase,Km (mM),0.022,2.279981765436057,-1.6575773191777938,0.35793137366616967,2.0155086928439636,2.0155086928439636,103.63553479254806
known_activity_only_random_5fold,A2_physics_plus_arrhenius,1,R054,53,,peroxidase,Kcat (s⁻¹),22500.0,34508.9332888173,4.352182518111363,4.537931534952443,0.18574901684108003,0.18574901684108003,1.5337303683918802
known_activity_only_random_5fold,A2_physics_plus_arrhenius,1,R054,53,,peroxidase,Vmax (nM s⁻¹),174.0,256.89496781123995,2.2405492482826,2.4097555971693625,0.16920634888676256,0.16920634888676256,1.4764078609841376
known_activity_only_random_5fold,A2_physics_plus_arrhenius,1,R056,55,,catalase,Km (mM),0.27,2.2338516295675066,-0.5686362358410126,0.34905432428542366,0.9176905601264362,0.9176905601264362,8.273524553953727
known_activity_only_random_5fold,A2_physics_plus_arrhenius,1,R056,55,,catalase,Kcat (s⁻¹),440.0,15.794262285879105,2.6434526764861874,1.198499345805964,-1.4449533306802234,1.4449533306802234,0.03589605064972524
known_activity_only_random_5fold,A2_physics_plus_arrhenius,1,R056,55,,catalase,Vmax (nM s⁻¹),1500.0,290.8422259951226,3.1760912590556813,2.4636574599083527,-0.7124337991473286,0.7124337991473286,0.19389481733008174
known_activity_only_random_5fold,A2_physics_plus_arrhenius,1,R059,58,,peroxidase,Km (mM),0.224,8.949433948582342,-0.6497519816658371,0.951795567072173,1.6015475487380102,1.6015475487380102,39.95283012759974
known_activity_only_random_5fold,A2_physics_plus_arrhenius,1,R059,58,,peroxidase,Kcat (s⁻¹),4970000.0,5960.379333490536,6.696356388733332,3.7752739002099207,-2.9210824885234117,2.9210824885234117,0.00119927149567214
known_activity_only_random_5fold,A2_physics_plus_arrhenius,1,R059,58,,peroxidase,Vmax (nM s⁻¹),121.5,48.20390472462661,2.084576277934331,1.6830822193938964,-0.4014940585404345,0.4014940585404345,0.39673995658128897
known_activity_only_random_5fold,A2_physics_plus_arrhenius,1,R063,62,,peroxidase,Km (mM),0.253,3.9278635476600408,-0.5968794788241821,0.5941563921679626,1.1910358709921447,1.1910358709921447,15.525152362292651
known_activity_only_random_5fold,A2_physics_plus_arrhenius,1,R063,62,,peroxidase,Kcat (s⁻¹),0.374,2.8634970534683015,-0.42712839779951983,0.4568967405615828,0.8840251383611026,0.8840251383611026,7.656409233872464
known_activity_only_random_5fold,A2_physics_plus_arrhenius,1,R063,62,,peroxidase,Vmax (nM s⁻¹),400.0,80.24620136841521,2.6020599913279625,1.904424483272771,-0.6976355080551915,0.6976355080551915,0.20061550342103804
known_activity_only_random_5fold,A2_physics_plus_arrhenius,1,R068,67,,catalase,Km (mM),0.097,0.14522892588635467,-1.0132282657337552,-0.8379468746710815,0.1752813910626737,0.1752813910626737,1.4972054215088109
known_activity_only_random_5fold,A2_physics_plus_arrhenius,1,R068,67,,catalase,Kcat (s⁻¹),216.6,188.6811749217201,2.3356584522893016,2.275728571943131,-0.05992988034617053,0.05992988034617053,0.8711042240153283
known_activity_only_random_5fold,A2_physics_plus_arrhenius,1,R068,67,,catalase,Vmax (nM s⁻¹),9.16,20.014574389760025,0.9618954736678504,1.3013463592603114,0.33945088559246095,0.33945088559246095,2.1849972041222734
known_activity_only_random_5fold,A2_physics_plus_arrhenius,1,R076,75,,catalase,Km (mM),0.14,0.14522892588635467,-0.8538719643217619,-0.8379468746710815,0.015925089650680402,0.015925089650680402,1.037349470616819
known_activity_only_random_5fold,A2_physics_plus_arrhenius,1,R076,75,,catalase,Kcat (s⁻¹),1216.6,188.6811749217201,3.0851478121269045,2.275728571943131,-0.8094192401837734,0.8094192401837734,0.15508891576666128
known_activity_only_random_5fold,A2_physics_plus_arrhenius,1,R076,75,,catalase,Vmax (nM s⁻¹),53.33,20.014574389760025,1.7269715836828767,1.3013463592603114,-0.42562522442256534,0.42562522442256534,0.3752967258533663
known_activity_only_random_5fold,A2_physics_plus_arrhenius,1,R078,77,,catalase,Km (mM),0.072,0.14522892588635467,-1.1426675035687315,-0.8379468746710815,0.30472062889764995,0.30472062889764995,2.0170684150882594
known_activity_only_random_5fold,A2_physics_plus_arrhenius,1,R078,77,,catalase,Kcat (s⁻¹),163.33,188.6811749217201,2.2130659620657176,2.275728571943131,0.06266260987741346,0.06266260987741346,1.1552144426726265
known_activity_only_random_5fold,A2_physics_plus_arrhenius,1,R078,77,,catalase,Vmax (nM s⁻¹),7.16,20.014574389760025,0.8549130223078556,1.3013463592603114,0.4464333369524558,0.4464333369524558,2.7953316186815678
known_activity_only_random_5fold,A2_physics_plus_arrhenius,1,R084,83,,catalase,Km (mM),0.14,0.14522892588635467,-0.8538719643217619,-0.8379468746710815,0.015925089650680402,0.015925089650680402,1.037349470616819
known_activity_only_random_5fold,A2_physics_plus_arrhenius,1,R084,83,,catalase,Kcat (s⁻¹),266.6,188.6811749217201,2.4258601450778405,2.275728571943131,-0.15013157313470948,0.15013157313470948,0.7077313387911481
known_activity_only_random_5fold,A2_physics_plus_arrhenius,1,R084,83,,catalase,Vmax (nM s⁻¹),11.6,20.014574389760025,1.0644579892269184,1.3013463592603114,0.23688837003339303,0.23688837003339303,1.7253943439448298
known_activity_only_random_5fold,A3_physics_plus_activity_and_arrhenius,1,R003,2,,catalase,Km (mM),458.9,32.322433878301354,2.6617180576946593,1.509504055695312,-1.1522140019993472,1.1522140019993472,0.07043459114905504
known_activity_only_random_5fold,A3_physics_plus_activity_and_arrhenius,1,R003,2,,catalase,Kcat (s⁻¹),312000.0,384.7220391852373,5.494154594018442,2.5851470660114493,-2.909007528006993,2.909007528006993,0.0012330834589270427
known_activity_only_random_5fold,A3_physics_plus_activity_and_arrhenius,1,R003,2,,catalase,Vmax (nM s⁻¹),3.06,34.797958242338446,0.48572142648158,1.5415537626218856,1.0558323361403055,1.0558323361403055,11.371881778541976
known_activity_only_random_5fold,A3_physics_plus_activity_and_arrhenius,1,R007,6,,peroxidase,Km (mM),6.22,0.20596599520854134,0.7937903846908186,-0.6862044753217243,-1.479994860012543,1.479994860012543,0.03311350405282015
known_activity_only_random_5fold,A3_physics_plus_activity_and_arrhenius,1,R007,6,,peroxidase,Kcat (s⁻¹),1.8256,4.17905522221963,0.2614056270741394,0.6210781099679401,0.3596724828938007,0.3596724828938007,2.2891406782535224
known_activity_only_random_5fold,A3_physics_plus_activity_and_arrhenius,1,R007,6,,peroxidase,Vmax (nM s⁻¹),157.0,167.7848033007038,2.1958996524092336,2.224752623110555,0.028852970701321645,0.028852970701321645,1.0686930146541642
known_activity_only_random_5fold,A3_physics_plus_activity_and_arrhenius,1,R013,12,,peroxidase,Km (mM),0.0906,0.5744773355428316,-1.0428718023231869,-0.24072710055767424,0.8021447017655127,0.8021447017655127,6.340809443077612
known_activity_only_random_5fold,A3_physics_plus_activity_and_arrhenius,1,R013,12,,peroxidase,Kcat (s⁻¹),500.0,3.2572315697464407,2.6989700043360187,0.5128486354110584,-2.1861213689249603,2.1861213689249603,0.0065144631394928815
known_activity_only_random_5fold,A3_physics_plus_activity_and_arrhenius,1,R013,12,,peroxidase,Vmax (nM s⁻¹),1700.0,188.54464374830997,3.230448921378274,2.275414199305447,-0.9550347220728272,0.9550347220728272,0.1109086139695941
known_activity_only_random_5fold,A3_physics_plus_activity_and_arrhenius,1,R015,14,,catalase,Km (mM),2.97,15.519708082521865,0.4727564493172124,1.1908835481501185,0.7181270988329062,0.7181270988329062,5.2254909368760485
known_activity_only_random_5fold,A3_physics_plus_activity_and_arrhenius,1,R015,14,,catalase,Kcat (s⁻¹),0.000166,219.61933434101385,-3.779891911959945,2.341670570878208,6.1215624828381525,6.1215624828381525,1323008.0381988788
known_activity_only_random_5fold,A3_physics_plus_activity_and_arrhenius,1,R015,14,,catalase,Vmax (nM s⁻¹),76.7,33.3800249354127,1.884795363948981,1.5234866567682757,-0.3613087071807053,0.3613087071807053,0.4352024111527079
known_activity_only_random_5fold,A3_physics_plus_activity_and_arrhenius,1,R022,21,,peroxidase,Km (mM),5.55,0.5211420294304039,0.7442929831226762,-0.28304390013272906,-1.0273368832554053,1.0273368832554053,0.09389946476223494
known_activity_only_random_5fold,A3_physics_plus_activity_and_arrhenius,1,R022,21,,peroxidase,Kcat (s⁻¹),1062.0,8.64454886352003,3.0261245167454502,0.936742333503963,-2.0893821832414874,2.0893821832414874,0.008139876519322062
known_activity_only_random_5fold,A3_physics_plus_activity_and_arrhenius,1,R022,21,,peroxidase,Vmax (nM s⁻¹),1062.0,416.3477011910914,3.0261245167454502,2.6194561711012456,-0.4066683456442046,0.4066683456442046,0.39204114989744954
known_activity_only_random_5fold,A3_physics_plus_activity_and_arrhenius,1,R033,32,,catalase,Km (mM),214.0,203.12769328779058,2.330413773349191,2.3077691367095152,-0.022644636639675753,0.022644636639675753,0.9491948284476195
known_activity_only_random_5fold,A3_physics_plus_activity_and_arrhenius,1,R033,32,,catalase,Kcat (s⁻¹),60500.0,70114.2081912145,4.781755374652469,4.845806033855248,0.06405065920277941,0.06405065920277941,1.15891253208619
known_activity_only_random_5fold,A3_physics_plus_activity_and_arrhenius,1,R033,32,,catalase,Vmax (nM s⁻¹),506.0,533.42103060827,2.7041505168397992,2.7270701341455195,0.02291961730572023,0.02291961730572023,1.0541917600953954
known_activity_only_random_5fold,A3_physics_plus_activity_and_arrhenius,1,R039,38,,peroxidase,Km (mM),0.24,0.5861731537383778,-0.619788758288394,-0.23197407578204055,0.3878146825063534,0.3878146825063534,2.442388140576574
known_activity_only_random_5fold,A3_physics_plus_activity_and_arrhenius,1,R039,38,,peroxidase,Kcat (s⁻¹),2.64e-05,1.5213064892513355,-4.578396073130169,0.18221671778842957,4.760612790918599,4.760612790918599,57625.245804974824
known_activity_only_random_5fold,A3_physics_plus_activity_and_arrhenius,1,R039,38,,peroxidase,Vmax (nM s⁻¹),4.0,121.89958656903076,0.6020599913279624,2.086002232680785,1.4839422413528225,1.4839422413528225,30.47489664225769
known_activity_only_random_5fold,A3_physics_plus_activity_and_arrhenius,1,R043,42,,peroxidase,Km (mM),0.148,0.16837330059066447,-0.8297382846050426,-0.7737267746264723,0.056011509978570295,0.056011509978570295,1.1376574364234087
known_activity_only_random_5fold,A3_physics_plus_activity_and_arrhenius,1,R043,42,,peroxidase,Kcat (s⁻¹),0.708,1.533290297652981,-0.149966742310231,0.18562438755704672,0.3355911298672777,0.3355911298672777,2.165664262221725
known_activity_only_random_5fold,A3_physics_plus_activity_and_arrhenius,1,R043,42,,peroxidase,Vmax (nM s⁻¹),758.0,108.23946879435765,2.8796692056320534,2.034385652212577,-0.8452835534194763,0.8452835534194763,0.1427961329740866
known_activity_only_random_5fold,A3_physics_plus_activity_and_arrhenius,1,R054,53,,peroxidase,Km (mM),0.022,0.03498119307110596,-1.6575773191777938,-1.4561653825256726,0.2014119366521212,0.2014119366521212,1.5900542305048166
known_activity_only_random_5fold,A3_physics_plus_activity_and_arrhenius,1,R054,53,,peroxidase,Kcat (s⁻¹),22500.0,10174.683144640396,4.352182518111363,4.007520893506409,-0.34466162460495386,0.34466162460495386,0.45220813976179536
known_activity_only_random_5fold,A3_physics_plus_activity_and_arrhenius,1,R054,53,,peroxidase,Vmax (nM s⁻¹),174.0,149.60420189535324,2.2405492482826,2.1749437916189374,-0.06560545666366258,0.06560545666366258,0.8597942637663979
known_activity_only_random_5fold,A3_physics_plus_activity_and_arrhenius,1,R056,55,,catalase,Km (mM),0.27,12.115135388187548,-0.5686362358410126,1.083328271797027,1.6519645076380396,1.6519645076380396,44.87087180810203
known_activity_only_random_5fold,A3_physics_plus_activity_and_arrhenius,1,R056,55,,catalase,Kcat (s⁻¹),440.0,56.403332803793404,2.6434526764861874,1.7513047666700943,-0.8921479098160932,0.8921479098160932,0.1281893927358941
known_activity_only_random_5fold,A3_physics_plus_activity_and_arrhenius,1,R056,55,,catalase,Vmax (nM s⁻¹),1500.0,265.9809982057535,3.1760912590556813,2.424850611559048,-0.7512406474966333,0.7512406474966333,0.17732066547050235
known_activity_only_random_5fold,A3_physics_plus_activity_and_arrhenius,1,R059,58,,peroxidase,Km (mM),0.224,0.5168080171923571,-0.6497519816658371,-0.28667075779278206,0.3630812238730551,0.3630812238730551,2.307178648180166
known_activity_only_random_5fold,A3_physics_plus_activity_and_arrhenius,1,R059,58,,peroxidase,Kcat (s⁻¹),4970000.0,395.9532723310955,6.696356388733332,2.597643936516008,-4.098712452217324,4.098712452217324,7.966866646500915e-05
known_activity_only_random_5fold,A3_physics_plus_activity_and_arrhenius,1,R059,58,,peroxidase,Vmax (nM s⁻¹),121.5,65.69068781819038,2.084576277934331,1.8175038091973483,-0.26707246873698254,0.26707246873698254,0.5406640972690566
known_activity_only_random_5fold,A3_physics_plus_activity_and_arrhenius,1,R063,62,,peroxidase,Km (mM),0.253,1.0071497323996996,-0.5968794788241821,0.003094041676633768,0.5999735205008159,0.5999735205008159,3.9808289818169946
known_activity_only_random_5fold,A3_physics_plus_activity_and_arrhenius,1,R063,62,,peroxidase,Kcat (s⁻¹),0.374,0.9046368680121571,-0.42712839779951983,-0.04352571678028102,0.38360268101923883,0.38360268101923883,2.4188151551127195
known_activity_only_random_5fold,A3_physics_plus_activity_and_arrhenius,1,R063,62,,peroxidase,Vmax (nM s⁻¹),400.0,84.059661009534,2.6020599913279625,1.924587634277726,-0.6774723570502366,0.6774723570502366,0.21014915252383498
known_activity_only_random_5fold,A3_physics_plus_activity_and_arrhenius,1,R068,67,,catalase,Km (mM),0.097,0.2418810911333922,-1.0132282657337552,-0.6163980809452821,0.3968301847884731,0.3968301847884731,2.4936194962205382
known_activity_only_random_5fold,A3_physics_plus_activity_and_arrhenius,1,R068,67,,catalase,Kcat (s⁻¹),216.6,179.60559689542805,2.3356584522893016,2.2543198660892303,-0.08133858620007128,0.08133858620007128,0.8292040484553466
known_activity_only_random_5fold,A3_physics_plus_activity_and_arrhenius,1,R068,67,,catalase,Vmax (nM s⁻¹),9.16,26.22619982493147,0.9618954736678504,1.4187353659000053,0.4568398922321548,0.4568398922321548,2.863122251630073
known_activity_only_random_5fold,A3_physics_plus_activity_and_arrhenius,1,R076,75,,catalase,Km (mM),0.14,0.2418810911333922,-0.8538719643217619,-0.6163980809452821,0.2374738833764798,0.2374738833764798,1.7277220795242298
known_activity_only_random_5fold,A3_physics_plus_activity_and_arrhenius,1,R076,75,,catalase,Kcat (s⁻¹),1216.6,179.60559689542805,3.0851478121269045,2.2543198660892303,-0.8308279460376742,0.8308279460376742,0.14762912781146478
known_activity_only_random_5fold,A3_physics_plus_activity_and_arrhenius,1,R076,75,,catalase,Vmax (nM s⁻¹),53.33,26.22619982493147,1.7269715836828767,1.4187353659000053,-0.30823621778287147,0.30823621778287147,0.4917719824663692
known_activity_only_random_5fold,A3_physics_plus_activity_and_arrhenius,1,R078,77,,catalase,Km (mM),0.072,0.2418810911333922,-1.1426675035687315,-0.6163980809452821,0.5262694226234493,0.5262694226234493,3.359459599074892
known_activity_only_random_5fold,A3_physics_plus_activity_and_arrhenius,1,R078,77,,catalase,Kcat (s⁻¹),163.33,179.60559689542805,2.2130659620657176,2.2543198660892303,0.0412539040235127,0.0412539040235127,1.0996485452484421
known_activity_only_random_5fold,A3_physics_plus_activity_and_arrhenius,1,R078,77,,catalase,Vmax (nM s⁻¹),7.16,26.22619982493147,0.8549130223078556,1.4187353659000053,0.5638223435921497,0.5638223435921497,3.662877070521155
known_activity_only_random_5fold,A3_physics_plus_activity_and_arrhenius,1,R084,83,,catalase,Km (mM),0.14,0.2418810911333922,-0.8538719643217619,-0.6163980809452821,0.2374738833764798,0.2374738833764798,1.7277220795242298
known_activity_only_random_5fold,A3_physics_plus_activity_and_arrhenius,1,R084,83,,catalase,Kcat (s⁻¹),266.6,179.60559689542805,2.4258601450778405,2.2543198660892303,-0.17154027898861024,0.17154027898861024,0.6736894107105328
known_activity_only_random_5fold,A3_physics_plus_activity_and_arrhenius,1,R084,83,,catalase,Vmax (nM s⁻¹),11.6,26.22619982493147,1.0644579892269184,1.4187353659000053,0.3542773766730869,0.3542773766730869,2.260879295252713
known_activity_only_random_5fold,A0_physics_no_arrhenius,2,R008,7,,catalase,Km (mM),2.5118,0.7183867781062658,0.3999850561024504,-0.14364166944811735,-0.5436267255505678,0.5436267255505678,0.2860047687340815
known_activity_only_random_5fold,A0_physics_no_arrhenius,2,R008,7,,catalase,Kcat (s⁻¹),1532.198,1.9495858613979165,3.1853148911132174,0.2899423666387464,-2.895372524474471,2.895372524474471,0.001272411177535747
known_activity_only_random_5fold,A0_physics_no_arrhenius,2,R008,7,,catalase,Vmax (nM s⁻¹),264.4,127.67012893814754,2.4222614508136027,2.1060892969905547,-0.316172153823048,0.316172153823048,0.482867356044431
known_activity_only_random_5fold,A0_physics_no_arrhenius,2,R010,9,,peroxidase,Km (mM),0.098,9.547771278901374,-1.0087739243075051,0.9799020067422585,1.9886759310497637,1.9886759310497637,97.42623753980993
known_activity_only_random_5fold,A0_physics_no_arrhenius,2,R010,9,,peroxidase,Kcat (s⁻¹),30200.0,2175.1900675540373,4.480006942957151,3.3374972114899246,-1.1425097314672263,1.1425097314672263,0.07202616117728601
known_activity_only_random_5fold,A0_physics_no_arrhenius,2,R010,9,,peroxidase,Vmax (nM s⁻¹),34.4,168.77408154838034,1.5365584425715302,2.2273057532802882,0.690747310708758,0.690747310708758,4.90622330082501
known_activity_only_random_5fold,A0_physics_no_arrhenius,2,R012,11,,catalase,Km (mM),281.0,4.543780139864478,2.44870631990508,0.657417308980756,-1.7912890109243238,1.7912890109243238,0.016170036084926967
known_activity_only_random_5fold,A0_physics_no_arrhenius,2,R012,11,,catalase,Kcat (s⁻¹),74600.0,41736.9275795381,4.872738827472669,4.62052047577006,-0.2522183517026093,0.2522183517026093,0.5594762410125751
known_activity_only_random_5fold,A0_physics_no_arrhenius,2,R012,11,,catalase,Vmax (nM s⁻¹),527.0,321.3147055932873,2.7218106152125467,2.5069306023391587,-0.2148800128733881,0.2148800128733881,0.6097053237064275
known_activity_only_random_5fold,A0_physics_no_arrhenius,2,R019,18,,catalase,Km (mM),44.69,3.2839939129859723,1.650210354660359,0.5164023434659618,-1.1338080111943971,1.1338080111943971,0.07348386468977339
known_activity_only_random_5fold,A0_physics_no_arrhenius,2,R019,18,,catalase,Kcat (s⁻¹),15.25,8.132680150936547,1.1832698436828046,0.9102336923278347,-0.27303615135496995,0.27303615135496995,0.5332905017007572
known_activity_only_random_5fold,A0_physics_no_arrhenius,2,R019,18,,catalase,Vmax (nM s⁻¹),22.3,155.31420471426696,1.3483048630481607,2.191211177215431,0.8429063141672701,0.8429063141672701,6.964762543240671
known_activity_only_random_5fold,A0_physics_no_arrhenius,2,R026,25,,catalase,Km (mM),214.0,4.543780139864478,2.330413773349191,0.657417308980756,-1.672996464368435,1.672996464368435,0.021232617476002233
known_activity_only_random_5fold,A0_physics_no_arrhenius,2,R026,25,,catalase,Kcat (s⁻¹),60500.0,41736.9275795381,4.781755374652469,4.62052047577006,-0.16123489888240883,0.16123489888240883,0.6898665715626133
known_activity_only_random_5fold,A0_physics_no_arrhenius,2,R026,25,,catalase,Vmax (nM s⁻¹),506.0,321.3147055932873,2.7041505168397992,2.5069306023391587,-0.19721991450064058,0.19721991450064058,0.6350092995914768
known_activity_only_random_5fold,A0_physics_no_arrhenius,2,R036,35,,catalase,Km (mM),0.17,0.11837655062800344,-0.769551078621726,-0.9267343190782187,-0.15718324045649268,0.15718324045649268,0.6963326507529614
known_activity_only_random_5fold,A0_physics_no_arrhenius,2,R036,35,,catalase,Kcat (s⁻¹),366.6,109.73742347393568,2.564192460626198,2.0403547591752758,-0.5238377014509221,0.5238377014509221,0.29933830734843336
known_activity_only_random_5fold,A0_physics_no_arrhenius,2,R036,35,,catalase,Vmax (nM s⁻¹),15.99,13.47821846491185,1.2038484637462348,1.1296324914582072,-0.07421597228802757,0.07421597228802757,0.8429154762296341
known_activity_only_random_5fold,A0_physics_no_arrhenius,2,R037,36,,peroxidase,Km (mM),0.0213,4.543780139864478,-1.6716203965612624,0.657417308980756,2.329037705542018,2.329037705542018,213.32301126124312
known_activity_only_random_5fold,A0_physics_no_arrhenius,2,R037,36,,peroxidase,Kcat (s⁻¹),16500.0,41736.9275795381,4.217483944213907,4.62052047577006,0.40303653155615304,0.40303653155615304,2.5295107623962485
known_activity_only_random_5fold,A0_physics_no_arrhenius,2,R037,36,,peroxidase,Vmax (nM s⁻¹),138.0,321.3147055932873,2.1398790864012365,2.5069306023391587,0.3670515159379222,0.3670515159379222,2.328367431835415
known_activity_only_random_5fold,A0_physics_no_arrhenius,2,R041,40,,peroxidase,Km (mM),3.759,3.5405080385479053,0.5750723257138124,0.5490655847679207,-0.026006740945891726,0.026006740945891726,0.941874977001305
known_activity_only_random_5fold,A0_physics_no_arrhenius,2,R041,40,,peroxidase,Kcat (s⁻¹),560.0,76663.07725143404,2.7481880270062002,4.884586247823299,2.136398220817099,2.136398220817099,136.89835223470362
known_activity_only_random_5fold,A0_physics_no_arrhenius,2,R041,40,,peroxidase,Vmax (nM s⁻¹),14.11,124.36468852960725,1.1495270137543478,2.0946970865148815,0.9451700727605337,0.9451700727605337,8.813939654826878
known_activity_only_random_5fold,A0_physics_no_arrhenius,2,R047,46,,catalase,Km (mM),0.62,0.127721011497642,-0.20760831050174613,-0.8937376506861091,-0.686129340184363,0.686129340184363,0.2060016314478097
known_activity_only_random_5fold,A0_physics_no_arrhenius,2,R047,46,,catalase,Kcat (s⁻¹),6.76e-05,6.54176981265337,-4.170053304058364,0.8156952583989832,4.9857485624573465,4.9857485624573465,96771.74279073032
known_activity_only_random_5fold,A0_physics_no_arrhenius,2,R047,46,,catalase,Vmax (nM s⁻¹),31.3,8.471588458028044,1.4955443375464486,0.9279648499855593,-0.5675794875608893,0.5675794875608893,0.2706577782117586
known_activity_only_random_5fold,A0_physics_no_arrhenius,2,R048,47,,catalase,Km (mM),1110.0,2.2511351153209462,3.0453229787866576,0.3524015625603875,-2.69292141622627,2.69292141622627,0.002028049653442294
known_activity_only_random_5fold,A0_physics_no_arrhenius,2,R048,47,,catalase,Kcat (s⁻¹),3.68,95.65072647346462,0.5658478186735176,1.9806882728705681,1.4148404541970505,1.4148404541970505,25.992045237354514
known_activity_only_random_5fold,A0_physics_no_arrhenius,2,R048,47,,catalase,Vmax (nM s⁻¹),593.0,1765.240924021745,2.7730546933642626,3.246803987249436,0.4737492938851733,0.4737492938851733,2.976797510997884
known_activity_only_random_5fold,A0_physics_no_arrhenius,2,R053,52,,peroxidase,Km (mM),0.0181,4.543780139864478,-1.7423214251308154,0.657417308980756,2.3997387341115717,2.3997387341115717,251.0375767880927
known_activity_only_random_5fold,A0_physics_no_arrhenius,2,R053,52,,peroxidase,Kcat (s⁻¹),21100.0,41736.9275795381,4.324282455297693,4.62052047577006,0.2962380204723667,0.2962380204723667,1.9780534397885357
known_activity_only_random_5fold,A0_physics_no_arrhenius,2,R053,52,,peroxidase,Vmax (nM s⁻¹),158.0,321.3147055932873,2.1986570869544226,2.5069306023391587,0.308273515384736,0.308273515384736,2.0336373771727043
known_activity_only_random_5fold,A0_physics_no_arrhenius,2,R058,57,,catalase,Km (mM),0.13,0.11837655062800344,-0.8860566476931632,-0.9267343190782187,-0.040677671385055514,0.040677671385055514,0.9105888509846418
known_activity_only_random_5fold,A0_physics_no_arrhenius,2,R058,57,,catalase,Kcat (s⁻¹),433.33,109.73742347393568,2.6368187568475414,2.0403547591752758,-0.5964639976722657,0.5964639976722657,0.25324215603335953
known_activity_only_random_5fold,A0_physics_no_arrhenius,2,R058,57,,catalase,Vmax (nM s⁻¹),19.98,13.47821846491185,1.3005954838899636,1.1296324914582072,-0.1709629924317564,0.1709629924317564,0.6745855087543468
known_activity_only_random_5fold,A0_physics_no_arrhenius,2,R064,63,,peroxidase,Km (mM),0.0349,2.2511351153209462,-1.45717457304082,0.3524015625603875,1.8095761356012077,1.8095761356012077,64.50243883441107
known_activity_only_random_5fold,A0_physics_no_arrhenius,2,R064,63,,peroxidase,Kcat (s⁻¹),0.0797,95.65072647346462,-1.0985416786038877,1.9806882728705681,3.079229951474456,3.079229951474456,1200.1345856143616
known_activity_only_random_5fold,A0_physics_no_arrhenius,2,R064,63,,peroxidase,Vmax (nM s⁻¹),557.0,1765.240924021745,2.745855195173729,3.246803987249436,0.500948792075707,0.500948792075707,3.1691937594645334
known_activity_only_random_5fold,A0_physics_no_arrhenius,2,R072,71,,peroxidase,Km (mM),0.143,0.556317972942539,-0.8446639625349383,-0.25467690909803575,0.5899870534369025,0.5899870534369025,3.890335475122651
known_activity_only_random_5fold,A0_physics_no_arrhenius,2,R072,71,,peroxidase,Kcat (s⁻¹),0.0421,6.347139646848485,-1.3757179041643317,0.802578053566601,2.1782959577309327,2.1782959577309327,150.76341203915644
known_activity_only_random_5fold,A0_physics_no_arrhenius,2,R072,71,,peroxidase,Vmax (nM s⁻¹),45.0,10.999795172208762,1.6532125137753437,1.041384598212071,-0.6118279155632727,0.6118279155632727,0.24443989271575026
known_activity_only_random_5fold,A0_physics_no_arrhenius,2,R075,74,,peroxidase,Km (mM),0.0152,4.543780139864478,-1.8181564120552274,0.657417308980756,2.4755737210359836,2.4755737210359836,298.9329039384525
known_activity_only_random_5fold,A0_physics_no_arrhenius,2,R075,74,,peroxidase,Kcat (s⁻¹),16000.0,41736.9275795381,4.204119982655925,4.62052047577006,0.41640049311413474,0.41640049311413474,2.6085579737211315
known_activity_only_random_5fold,A0_physics_no_arrhenius,2,R075,74,,peroxidase,Vmax (nM s⁻¹),113.0,321.3147055932873,2.0530784434834195,2.5069306023391587,0.45385215885573915,0.45385215885573915,2.8434929698521
known_activity_only_random_5fold,A0_physics_no_arrhenius,2,R083,82,,peroxidase,Km (mM),0.434,9.125975638922577,-0.3625102704874893,0.9602793051230744,1.3227895756105637,1.3227895756105637,21.027593638070456
known_activity_only_random_5fold,A0_physics_no_arrhenius,2,R083,82,,peroxidase,Kcat (s⁻¹),4000.0,5366.028159195187,3.6020599913279625,3.7296529473800866,0.12759295605212406,0.12759295605212406,1.3415070397987967
known_activity_only_random_5fold,A0_physics_no_arrhenius,2,R083,82,,peroxidase,Vmax (nM s⁻¹),100.0,798.5902280725544,2.0,2.9023239916583035,0.9023239916583035,0.9023239916583035,7.9859022807255435
known_activity_only_random_5fold,A1_physics_plus_activity_category,2,R008,7,,catalase,Km (mM),2.5118,7.684615462697596,0.3999850561024504,0.8856221403319459,0.4856370842294955,0.4856370842294955,3.0594057897514118
known_activity_only_random_5fold,A1_physics_plus_activity_category,2,R008,7,,catalase,Kcat (s⁻¹),1532.198,10.371315262551068,3.1853148911132174,1.015833835949977,-2.1694810551632404,2.1694810551632404,0.006768913196956964
known_activity_only_random_5fold,A1_physics_plus_activity_category,2,R008,7,,catalase,Vmax (nM s⁻¹),264.4,217.9194539920823,2.4222614508136027,2.3382960020878545,-0.08396544872574818,0.08396544872574818,0.8242036837824597
known_activity_only_random_5fold,A1_physics_plus_activity_category,2,R010,9,,peroxidase,Km (mM),0.098,0.35707103415755365,-1.0087739243075051,-0.4472453786388098,0.5615285456686954,0.5615285456686954,3.6435819811995267
known_activity_only_random_5fold,A1_physics_plus_activity_category,2,R010,9,,peroxidase,Kcat (s⁻¹),30200.0,41.27896070492536,4.480006942957151,1.6157287543701733,-2.8642781885869777,2.8642781885869777,0.0013668530034743496
known_activity_only_random_5fold,A1_physics_plus_activity_category,2,R010,9,,peroxidase,Vmax (nM s⁻¹),34.4,236.30798068074435,1.5365584425715302,2.373478389034322,0.8369199464627919,0.8369199464627919,6.869418043044894
known_activity_only_random_5fold,A1_physics_plus_activity_category,2,R012,11,,catalase,Km (mM),281.0,183.9429824915003,2.44870631990508,2.264683223951042,-0.18402309595403787,0.18402309595403787,0.6546013611797163
known_activity_only_random_5fold,A1_physics_plus_activity_category,2,R012,11,,catalase,Kcat (s⁻¹),74600.0,72668.77688558795,4.872738827472669,4.8613478504876015,-0.011390976985067525,0.011390976985067525,0.9741122906915275
known_activity_only_random_5fold,A1_physics_plus_activity_category,2,R012,11,,catalase,Vmax (nM s⁻¹),527.0,656.8170506027111,2.7218106152125467,2.8174444182991967,0.09563380308664993,0.09563380308664993,1.2463321643315202
known_activity_only_random_5fold,A1_physics_plus_activity_category,2,R019,18,,catalase,Km (mM),44.69,7.275010771807857,1.650210354660359,0.8618336407003159,-0.7883767139600432,0.7883767139600432,0.1627883368048301
known_activity_only_random_5fold,A1_physics_plus_activity_category,2,R019,18,,catalase,Kcat (s⁻¹),15.25,38.163608477482676,1.1832698436828046,1.581649431749238,0.39837958806643337,0.39837958806643337,2.502531703441487
known_activity_only_random_5fold,A1_physics_plus_activity_category,2,R019,18,,catalase,Vmax (nM s⁻¹),22.3,383.859725489911,1.3483048630481607,2.584172548389774,1.2358676853416135,1.2358676853416135,17.213440604928746
known_activity_only_random_5fold,A1_physics_plus_activity_category,2,R026,25,,catalase,Km (mM),214.0,183.9429824915003,2.330413773349191,2.264683223951042,-0.06573054939814904,0.06573054939814904,0.8595466471565434
known_activity_only_random_5fold,A1_physics_plus_activity_category,2,R026,25,,catalase,Kcat (s⁻¹),60500.0,72668.77688558795,4.781755374652469,4.8613478504876015,0.07959247583513296,0.07959247583513296,1.2011368080262472
known_activity_only_random_5fold,A1_physics_plus_activity_category,2,R026,25,,catalase,Vmax (nM s⁻¹),506.0,656.8170506027111,2.7041505168397992,2.8174444182991967,0.11329390145939744,0.11329390145939744,1.2980574122583224
known_activity_only_random_5fold,A1_physics_plus_activity_category,2,R036,35,,catalase,Km (mM),0.17,0.1485443655828319,-0.769551078621726,-0.8281438167158716,-0.05859273809414556,0.05859273809414556,0.873790385781364
known_activity_only_random_5fold,A1_physics_plus_activity_category,2,R036,35,,catalase,Kcat (s⁻¹),366.6,453.23314683398354,2.564192460626198,2.6563216641231286,0.09212920349693077,0.09212920349693077,1.236315185035416
known_activity_only_random_5fold,A1_physics_plus_activity_category,2,R036,35,,catalase,Vmax (nM s⁻¹),15.99,16.474566615168335,1.2038484637462348,1.21681399873697,0.012965534990735161,0.012965534990735161,1.0303043536690641
known_activity_only_random_5fold,A1_physics_plus_activity_category,2,R037,36,,peroxidase,Km (mM),0.0213,0.042846897528199986,-1.6716203965612624,-1.3680806191354813,0.3035397774257811,0.3035397774257811,2.011591433248826
known_activity_only_random_5fold,A1_physics_plus_activity_category,2,R037,36,,peroxidase,Kcat (s⁻¹),16500.0,10715.462211821261,4.217483944213907,4.030010909088907,-0.18747303512499958,0.18747303512499958,0.6494219522315916
known_activity_only_random_5fold,A1_physics_plus_activity_category,2,R037,36,,peroxidase,Vmax (nM s⁻¹),138.0,188.35298748009143,2.1398790864012365,2.274972512969491,0.1350934265682544,0.1350934265682544,1.3648767208702277
known_activity_only_random_5fold,A1_physics_plus_activity_category,2,R041,40,,peroxidase,Km (mM),3.759,0.24510840711391485,0.5750723257138124,-0.6106417923767896,-1.1857141180906021,1.1857141180906021,0.06520574810160013
known_activity_only_random_5fold,A1_physics_plus_activity_category,2,R041,40,,peroxidase,Kcat (s⁻¹),560.0,3770.1278239677163,2.7481880270062002,3.5763560749545333,0.8281680479483331,0.8281680479483331,6.732371114228065
known_activity_only_random_5fold,A1_physics_plus_activity_category,2,R041,40,,peroxidase,Vmax (nM s⁻¹),14.11,153.55358942272647,1.1495270137543478,2.1862599728355083,1.0367329590811605,1.0367329590811605,10.882607329746739
known_activity_only_random_5fold,A1_physics_plus_activity_category,2,R047,46,,catalase,Km (mM),0.62,0.1935991633935529,-0.20760831050174613,-0.7130965237546321,-0.505488213252886,0.505488213252886,0.31225671515089176
known_activity_only_random_5fold,A1_physics_plus_activity_category,2,R047,46,,catalase,Kcat (s⁻¹),6.76e-05,135.0872221443185,-4.170053304058364,2.130614271193308,6.300667575251671,6.300667575251671,1998331.6885254215
known_activity_only_random_5fold,A1_physics_plus_activity_category,2,R047,46,,catalase,Vmax (nM s⁻¹),31.3,11.370608410773348,1.4955443375464486,1.055783703242912,-0.4397606343035365,0.4397606343035365,0.36327822398636894
known_activity_only_random_5fold,A1_physics_plus_activity_category,2,R048,47,,catalase,Km (mM),1110.0,36.283991538955114,3.0453229787866576,1.5597150569985638,-1.4856079217880938,1.4856079217880938,0.03268828066572533
known_activity_only_random_5fold,A1_physics_plus_activity_category,2,R048,47,,catalase,Kcat (s⁻¹),3.68,1184.8036249793277,0.5658478186735176,3.0736463742657776,2.50779855559226,2.50779855559226,321.9575067878608
known_activity_only_random_5fold,A1_physics_plus_activity_category,2,R048,47,,catalase,Vmax (nM s⁻¹),593.0,5196.4551514786435,2.7730546933642626,3.7157071834168716,0.942652490052609,0.942652490052609,8.76299351008203
known_activity_only_random_5fold,A1_physics_plus_activity_category,2,R053,52,,peroxidase,Km (mM),0.0181,0.042846897528199986,-1.7423214251308154,-1.3680806191354813,0.37424080599533416,0.37424080599533416,2.3672319076353583
known_activity_only_random_5fold,A1_physics_plus_activity_category,2,R053,52,,peroxidase,Kcat (s⁻¹),21100.0,10715.462211821261,4.324282455297693,4.030010909088907,-0.29427154620878593,0.29427154620878593,0.5078418109867896
known_activity_only_random_5fold,A1_physics_plus_activity_category,2,R053,52,,peroxidase,Vmax (nM s⁻¹),158.0,188.35298748009143,2.1986570869544226,2.274972512969491,0.07631542601506824,0.07631542601506824,1.192107515696781
known_activity_only_random_5fold,A1_physics_plus_activity_category,2,R058,57,,catalase,Km (mM),0.13,0.1485443655828319,-0.8860566476931632,-0.8281438167158716,0.05791283097729161,0.05791283097729161,1.1426489660217838
known_activity_only_random_5fold,A1_physics_plus_activity_category,2,R058,57,,catalase,Kcat (s⁻¹),433.33,453.23314683398354,2.6368187568475414,2.6563216641231286,0.019502907275587233,0.019502907275587233,1.045930692160671
known_activity_only_random_5fold,A1_physics_plus_activity_category,2,R058,57,,catalase,Vmax (nM s⁻¹),19.98,16.474566615168335,1.3005954838899636,1.21681399873697,-0.08378148515299366,0.08378148515299366,0.8245528836420588
known_activity_only_random_5fold,A1_physics_plus_activity_category,2,R064,63,,peroxidase,Km (mM),0.0349,0.3948889369529207,-1.45717457304082,-0.40352503310974874,1.0536495399310715,1.0536495399310715,11.31486925366535
known_activity_only_random_5fold,A1_physics_plus_activity_category,2,R064,63,,peroxidase,Kcat (s⁻¹),0.0797,5.559093974647799,-1.0985416786038877,0.745004015705409,1.8435456943092967,1.8435456943092967,69.75023807588205
known_activity_only_random_5fold,A1_physics_plus_activity_category,2,R064,63,,peroxidase,Vmax (nM s⁻¹),557.0,473.46881881369,2.745855195173729,2.6752913829949314,-0.07056381217879748,0.07056381217879748,0.8500337860209874
known_activity_only_random_5fold,A1_physics_plus_activity_category,2,R072,71,,peroxidase,Km (mM),0.143,0.20903583537719528,-0.8446639625349383,-0.6797792556473605,0.16488470688757773,0.16488470688757773,1.4617890585817852
known_activity_only_random_5fold,A1_physics_plus_activity_category,2,R072,71,,peroxidase,Kcat (s⁻¹),0.0421,0.29965520443917315,-1.3757179041643317,-0.5233781750354556,0.8523397291288761,0.8523397291288761,7.117700818032617
known_activity_only_random_5fold,A1_physics_plus_activity_category,2,R072,71,,peroxidase,Vmax (nM s⁻¹),45.0,9.078738541653905,1.6532125137753437,0.9580255090433748,-0.6951870047319689,0.6951870047319689,0.20174974537008677
known_activity_only_random_5fold,A1_physics_plus_activity_category,2,R075,74,,peroxidase,Km (mM),0.0152,0.042846897528199986,-1.8181564120552274,-1.3680806191354813,0.4500757929197461,0.4500757929197461,2.818874837381578
known_activity_only_random_5fold,A1_physics_plus_activity_category,2,R075,74,,peroxidase,Kcat (s⁻¹),16000.0,10715.462211821261,4.204119982655925,4.030010909088907,-0.17410907356701788,0.17410907356701788,0.6697163882388288
known_activity_only_random_5fold,A1_physics_plus_activity_category,2,R075,74,,peroxidase,Vmax (nM s⁻¹),113.0,188.35298748009143,2.0530784434834195,2.274972512969491,0.22189406948607138,0.22189406948607138,1.6668405971689506
known_activity_only_random_5fold,A1_physics_plus_activity_category,2,R083,82,,peroxidase,Km (mM),0.434,0.5585571595649288,-0.3625102704874893,-0.2529323770453902,0.10957789344209912,0.10957789344209912,1.2869980635136609
known_activity_only_random_5fold,A1_physics_plus_activity_category,2,R083,82,,peroxidase,Kcat (s⁻¹),4000.0,191.93006431769908,3.6020599913279625,2.2831430088397244,-1.318916982488238,1.318916982488238,0.04798251607942477
known_activity_only_random_5fold,A1_physics_plus_activity_category,2,R083,82,,peroxidase,Vmax (nM s⁻¹),100.0,392.96993625124804,2.0,2.5943593264069453,0.5943593264069453,0.5943593264069453,3.9296993625124803
known_activity_only_random_5fold,A2_physics_plus_arrhenius,2,R008,7,,catalase,Km (mM),2.5118,0.6916311415263956,0.3999850561024504,-0.16012546032497085,-0.5601105164274213,0.5601105164274213,0.2753527914349851
known_activity_only_random_5fold,A2_physics_plus_arrhenius,2,R008,7,,catalase,Kcat (s⁻¹),1532.198,2.0590885167236315,3.1853148911132174,0.31367501660265124,-2.8716398745105662,2.8716398745105662,0.001343878869913439
known_activity_only_random_5fold,A2_physics_plus_arrhenius,2,R008,7,,catalase,Vmax (nM s⁻¹),264.4,138.17030892376707,2.4222614508136027,2.1404147285959043,-0.28184672221769835,0.28184672221769835,0.5225805935089527
known_activity_only_random_5fold,A2_physics_plus_arrhenius,2,R010,9,,peroxidase,Km (mM),0.098,8.86283441291796,-1.0087739243075051,0.9475726353217216,1.9563465596292269,1.9563465596292269,90.43708584610164
known_activity_only_random_5fold,A2_physics_plus_arrhenius,2,R010,9,,peroxidase,Kcat (s⁻¹),30200.0,1420.2752229381292,4.480006942957151,3.152372510736184,-1.3276344322209668,1.3276344322209668,0.047028980891991035
known_activity_only_random_5fold,A2_physics_plus_arrhenius,2,R010,9,,peroxidase,Vmax (nM s⁻¹),34.4,169.0821039234555,1.5365584425715302,2.22809764320632,0.69153920063479,0.69153920063479,4.915177439635334
known_activity_only_random_5fold,A2_physics_plus_arrhenius,2,R012,11,,catalase,Km (mM),281.0,4.579308797375618,2.44870631990508,0.6607999303751437,-1.787906389529936,1.787906389529936,0.016296472588525332
known_activity_only_random_5fold,A2_physics_plus_arrhenius,2,R012,11,,catalase,Kcat (s⁻¹),74600.0,33618.551223585026,4.872738827472669,4.526578993780436,-0.3461598336922327,0.3461598336922327,0.45065082069148826
known_activity_only_random_5fold,A2_physics_plus_arrhenius,2,R012,11,,catalase,Vmax (nM s⁻¹),527.0,308.2880978119309,2.7218106152125467,2.488956758088878,-0.2328538571236689,0.2328538571236689,0.5849869028689392
known_activity_only_random_5fold,A2_physics_plus_arrhenius,2,R019,18,,catalase,Km (mM),44.69,3.2802335114791,1.650210354660359,0.5159047611315238,-1.1343055935288353,1.1343055935288353,0.0733997205522287
known_activity_only_random_5fold,A2_physics_plus_arrhenius,2,R019,18,,catalase,Kcat (s⁻¹),15.25,8.716127083101405,1.1832698436828046,0.9403235537320116,-0.24294628995079304,0.24294628995079304,0.5715493169246822
known_activity_only_random_5fold,A2_physics_plus_arrhenius,2,R019,18,,catalase,Vmax (nM s⁻¹),22.3,164.55123646505862,1.3483048630481607,2.2163011500028293,0.8679962869546687,0.8679962869546687,7.3789792136797585
known_activity_only_random_5fold,A2_physics_plus_arrhenius,2,R026,25,,catalase,Km (mM),214.0,4.579308797375618,2.330413773349191,0.6607999303751437,-1.6696138429740472,1.6696138429740472,0.021398639240072983
known_activity_only_random_5fold,A2_physics_plus_arrhenius,2,R026,25,,catalase,Kcat (s⁻¹),60500.0,33618.551223585026,4.781755374652469,4.526578993780436,-0.2551763808720322,0.2551763808720322,0.5556785326212401
known_activity_only_random_5fold,A2_physics_plus_arrhenius,2,R026,25,,catalase,Vmax (nM s⁻¹),506.0,308.2880978119309,2.7041505168397992,2.488956758088878,-0.2151937587509214,0.2151937587509214,0.6092650154385987
known_activity_only_random_5fold,A2_physics_plus_arrhenius,2,R036,35,,catalase,Km (mM),0.17,0.1233013571669131,-0.769551078621726,-0.9090321431377836,-0.13948106451605757,0.13948106451605757,0.7253021009818417
known_activity_only_random_5fold,A2_physics_plus_arrhenius,2,R036,35,,catalase,Kcat (s⁻¹),366.6,130.33768489773692,2.564192460626198,2.1150700026418785,-0.4491224579843194,0.4491224579843194,0.35553105536753116
known_activity_only_random_5fold,A2_physics_plus_arrhenius,2,R036,35,,catalase,Vmax (nM s⁻¹),15.99,14.411444676689937,1.2038484637462348,1.1587075188893452,-0.045140944856889575,0.045140944856889575,0.901278591412754
known_activity_only_random_5fold,A2_physics_plus_arrhenius,2,R037,36,,peroxidase,Km (mM),0.0213,4.579308797375618,-1.6716203965612624,0.6607999303751437,2.332420326936406,2.332420326936406,214.991023350968
known_activity_only_random_5fold,A2_physics_plus_arrhenius,2,R037,36,,peroxidase,Kcat (s⁻¹),16500.0,33618.551223585026,4.217483944213907,4.526578993780436,0.30909504956652967,0.30909504956652967,2.037487952944547
known_activity_only_random_5fold,A2_physics_plus_arrhenius,2,R037,36,,peroxidase,Vmax (nM s⁻¹),138.0,308.2880978119309,2.1398790864012365,2.488956758088878,0.34907767168764137,0.34907767168764137,2.2339717232748617
known_activity_only_random_5fold,A2_physics_plus_arrhenius,2,R041,40,,peroxidase,Km (mM),3.759,3.2547780445444303,0.5750723257138124,0.5125213777532917,-0.06255094796052074,0.06255094796052074,0.8658627412993962
known_activity_only_random_5fold,A2_physics_plus_arrhenius,2,R041,40,,peroxidase,Kcat (s⁻¹),560.0,50056.85955721648,2.7481880270062002,4.699463599571968,1.9512755725657676,1.9512755725657676,89.38724920931514
known_activity_only_random_5fold,A2_physics_plus_arrhenius,2,R041,40,,peroxidase,Vmax (nM s⁻¹),14.11,112.72026551914033,1.1495270137543478,2.052002003108412,0.9024749893540642,0.9024749893540642,7.988679342249492
known_activity_only_random_5fold,A2_physics_plus_arrhenius,2,R047,46,,catalase,Km (mM),0.62,0.1343466635262707,-0.20760831050174613,-0.871773114717396,-0.6641648042156499,0.6641648042156499,0.21668816697785598
known_activity_only_random_5fold,A2_physics_plus_arrhenius,2,R047,46,,catalase,Kcat (s⁻¹),6.76e-05,9.832682489884263,-4.170053304058364,0.9926720154544538,5.162725319512817,5.162725319512817,145453.8829864536
known_activity_only_random_5fold,A2_physics_plus_arrhenius,2,R047,46,,catalase,Vmax (nM s⁻¹),31.3,8.819463387502035,1.4955443375464486,0.9454421616696385,-0.5501021758768101,0.5501021758768101,0.2817719932109276
known_activity_only_random_5fold,A2_physics_plus_arrhenius,2,R048,47,,catalase,Km (mM),1110.0,2.504744417029454,3.0453229787866576,0.39876341725448594,-2.6465595615321718,2.6465595615321718,0.002256526501828337
known_activity_only_random_5fold,A2_physics_plus_arrhenius,2,R048,47,,catalase,Kcat (s⁻¹),3.68,76.66525289889347,0.5658478186735176,1.8845985726387504,1.3187507539652328,1.3187507539652328,20.832949157308008
known_activity_only_random_5fold,A2_physics_plus_arrhenius,2,R048,47,,catalase,Vmax (nM s⁻¹),593.0,1213.8056470842987,2.7730546933642626,3.0841491536618175,0.31109446029755494,0.31109446029755494,2.0468897927222574
known_activity_only_random_5fold,A2_physics_plus_arrhenius,2,R053,52,,peroxidase,Km (mM),0.0181,4.579308797375618,-1.7423214251308154,0.6607999303751437,2.4031213555059594,2.4031213555059594,253.0004860428518
known_activity_only_random_5fold,A2_physics_plus_arrhenius,2,R053,52,,peroxidase,Kcat (s⁻¹),21100.0,33618.551223585026,4.324282455297693,4.526578993780436,0.20229653848274332,0.20229653848274332,1.5932962665206174
known_activity_only_random_5fold,A2_physics_plus_arrhenius,2,R053,52,,peroxidase,Vmax (nM s⁻¹),158.0,308.2880978119309,2.1986570869544226,2.488956758088878,0.2902996711344552,0.2902996711344552,1.9511904924805754
known_activity_only_random_5fold,A2_physics_plus_arrhenius,2,R058,57,,catalase,Km (mM),0.13,0.1233013571669131,-0.8860566476931632,-0.9090321431377836,-0.02297549544462041,0.02297549544462041,0.9484719782070238
known_activity_only_random_5fold,A2_physics_plus_arrhenius,2,R058,57,,catalase,Kcat (s⁻¹),433.33,130.33768489773692,2.6368187568475414,2.1150700026418785,-0.5217487542056629,0.5217487542056629,0.30078158654544324
known_activity_only_random_5fold,A2_physics_plus_arrhenius,2,R058,57,,catalase,Vmax (nM s⁻¹),19.98,14.411444676689937,1.3005954838899636,1.1587075188893452,-0.1418879650006184,0.1418879650006184,0.7212935273618587
known_activity_only_random_5fold,A2_physics_plus_arrhenius,2,R064,63,,peroxidase,Km (mM),0.0349,2.504744417029454,-1.45717457304082,0.39876341725448594,1.8559379902953062,1.8559379902953062,71.76918100370929
known_activity_only_random_5fold,A2_physics_plus_arrhenius,2,R064,63,,peroxidase,Kcat (s⁻¹),0.0797,76.66525289889347,-1.0985416786038877,1.8845985726387504,2.983140251242638,2.983140251242638,961.9228720061917
known_activity_only_random_5fold,A2_physics_plus_arrhenius,2,R064,63,,peroxidase,Vmax (nM s⁻¹),557.0,1213.8056470842987,2.745855195173729,3.0841491536618175,0.33829395848808863,0.33829395848808863,2.179184285609154
known_activity_only_random_5fold,A2_physics_plus_arrhenius,2,R072,71,,peroxidase,Km (mM),0.143,0.6418293236683579,-0.8446639625349383,-0.19258044489642928,0.6520835176385089,0.6520835176385089,4.488316948729776
known_activity_only_random_5fold,A2_physics_plus_arrhenius,2,R072,71,,peroxidase,Kcat (s⁻¹),0.0421,8.887988977491393,-1.3757179041643317,0.9488035073394682,2.3245214115037998,2.3245214115037998,211.116127731387
known_activity_only_random_5fold,A2_physics_plus_arrhenius,2,R072,71,,peroxidase,Vmax (nM s⁻¹),45.0,11.376401209878358,1.6532125137753437,1.0560048998557785,-0.5972076139195652,0.5972076139195652,0.25280891577507464
known_activity_only_random_5fold,A2_physics_plus_arrhenius,2,R075,74,,peroxidase,Km (mM),0.0152,4.579308797375618,-1.8181564120552274,0.6607999303751437,2.4789563424303713,2.4789563424303713,301.27031561681696
known_activity_only_random_5fold,A2_physics_plus_arrhenius,2,R075,74,,peroxidase,Kcat (s⁻¹),16000.0,33618.551223585026,4.204119982655925,4.526578993780436,0.32245901112451136,0.32245901112451136,2.101159451474064
known_activity_only_random_5fold,A2_physics_plus_arrhenius,2,R075,74,,peroxidase,Vmax (nM s⁻¹),113.0,308.2880978119309,2.0530784434834195,2.488956758088878,0.43587831460545834,0.43587831460545834,2.72821325497284
known_activity_only_random_5fold,A2_physics_plus_arrhenius,2,R083,82,,peroxidase,Km (mM),0.434,8.625945673840125,-0.3625102704874893,0.9358067186342138,1.298316989121703,1.298316989121703,19.875450861382777
known_activity_only_random_5fold,A2_physics_plus_arrhenius,2,R083,82,,peroxidase,Kcat (s⁻¹),4000.0,3427.0297377775387,3.6020599913279625,3.534917873001987,-0.06714211832597572,0.06714211832597572,0.8567574344443847
known_activity_only_random_5fold,A2_physics_plus_arrhenius,2,R083,82,,peroxidase,Vmax (nM s⁻¹),100.0,1055.9863968781583,2.0,3.0236583236913503,1.0236583236913503,1.0236583236913503,10.559863968781583
known_activity_only_random_5fold,A3_physics_plus_activity_and_arrhenius,2,R008,7,,catalase,Km (mM),2.5118,7.691432959915808,0.3999850561024504,0.8860072589963651,0.48602220289391473,0.48602220289391473,3.0621199776717125
known_activity_only_random_5fold,A3_physics_plus_activity_and_arrhenius,2,R008,7,,catalase,Kcat (s⁻¹),1532.198,11.194947563482124,3.1853148911132174,1.0490220637083767,-2.1362928274048407,2.1362928274048407,0.007306462717926876
known_activity_only_random_5fold,A3_physics_plus_activity_and_arrhenius,2,R008,7,,catalase,Vmax (nM s⁻¹),264.4,190.5485533618536,2.4222614508136027,2.280005655971743,-0.14225579484185946,0.14225579484185946,0.72068287958341
known_activity_only_random_5fold,A3_physics_plus_activity_and_arrhenius,2,R010,9,,peroxidase,Km (mM),0.098,0.369838347486631,-1.0087739243075051,-0.43198806008219826,0.5767858642253069,0.5767858642253069,3.773860688639092
known_activity_only_random_5fold,A3_physics_plus_activity_and_arrhenius,2,R010,9,,peroxidase,Kcat (s⁻¹),30200.0,36.29815824653237,4.480006942957151,1.559884589673577,-2.920122353283574,2.920122353283574,0.0012019257697527274
known_activity_only_random_5fold,A3_physics_plus_activity_and_arrhenius,2,R010,9,,peroxidase,Vmax (nM s⁻¹),34.4,236.01870573308554,1.5365584425715302,2.3729464244731724,0.8363879819016422,0.8363879819016422,6.861008887589696
known_activity_only_random_5fold,A3_physics_plus_activity_and_arrhenius,2,R012,11,,catalase,Km (mM),281.0,178.99250553827008,2.44870631990508,2.2528348473401563,-0.19587147256492354,0.19587147256492354,0.6369840054742707
known_activity_only_random_5fold,A3_physics_plus_activity_and_arrhenius,2,R012,11,,catalase,Kcat (s⁻¹),74600.0,79015.21705474668,4.872738827472669,4.897710737448715,0.02497190997604637,0.02497190997604637,1.0591852152110814
known_activity_only_random_5fold,A3_physics_plus_activity_and_arrhenius,2,R012,11,,catalase,Vmax (nM s⁻¹),527.0,632.8919868475729,2.7218106152125467,2.8013295970335093,0.07951898182096251,0.07951898182096251,1.2009335613805936
known_activity_only_random_5fold,A3_physics_plus_activity_and_arrhenius,2,R019,18,,catalase,Km (mM),44.69,7.3470047239230025,1.650210354660359,0.8661103190839347,-0.7841000355764244,0.7841000355764244,0.16439930015491167
known_activity_only_random_5fold,A3_physics_plus_activity_and_arrhenius,2,R019,18,,catalase,Kcat (s⁻¹),15.25,34.13851713254975,1.1832698436828046,1.5332446528320978,0.34997480914929313,0.34997480914929313,2.2385912873803115
known_activity_only_random_5fold,A3_physics_plus_activity_and_arrhenius,2,R019,18,,catalase,Vmax (nM s⁻¹),22.3,390.5799859821759,1.3483048630481607,2.5917099854951173,1.2434051224469567,1.2434051224469567,17.51479757767605
known_activity_only_random_5fold,A3_physics_plus_activity_and_arrhenius,2,R026,25,,catalase,Km (mM),214.0,178.99250553827008,2.330413773349191,2.2528348473401563,-0.07757892600903471,0.07757892600903471,0.8364135772816359
known_activity_only_random_5fold,A3_physics_plus_activity_and_arrhenius,2,R026,25,,catalase,Kcat (s⁻¹),60500.0,79015.21705474668,4.781755374652469,4.897710737448715,0.11595536279624685,0.11595536279624685,1.306036645533003
known_activity_only_random_5fold,A3_physics_plus_activity_and_arrhenius,2,R026,25,,catalase,Vmax (nM s⁻¹),506.0,632.8919868475729,2.7041505168397992,2.8013295970335093,0.09717908019371002,0.09717908019371002,1.2507746775643733
known_activity_only_random_5fold,A3_physics_plus_activity_and_arrhenius,2,R036,35,,catalase,Km (mM),0.17,0.14236825635961756,-0.769551078621726,-0.8465868339061234,-0.07703575528439743,0.07703575528439743,0.837460331527162
known_activity_only_random_5fold,A3_physics_plus_activity_and_arrhenius,2,R036,35,,catalase,Kcat (s⁻¹),366.6,367.2292127063904,2.564192460626198,2.5649372215830115,0.0007447609568136393,0.0007447609568136393,1.0017163467168313
known_activity_only_random_5fold,A3_physics_plus_activity_and_arrhenius,2,R036,35,,catalase,Vmax (nM s⁻¹),15.99,17.727020722326536,1.2038484637462348,1.2486357523761387,0.04478728862990389,0.04478728862990389,1.1086316899516282
known_activity_only_random_5fold,A3_physics_plus_activity_and_arrhenius,2,R037,36,,peroxidase,Km (mM),0.0213,0.042166730133585933,-1.6716203965612624,-1.3750300755324405,0.2965903210288219,0.2965903210288219,1.9796586917176495
known_activity_only_random_5fold,A3_physics_plus_activity_and_arrhenius,2,R037,36,,peroxidase,Kcat (s⁻¹),16500.0,10502.839579465295,4.217483944213907,4.021306732114699,-0.19617721209920802,0.19617721209920802,0.6365357320888058
known_activity_only_random_5fold,A3_physics_plus_activity_and_arrhenius,2,R037,36,,peroxidase,Vmax (nM s⁻¹),138.0,188.1281980298644,2.1398790864012365,2.2744538956617353,0.1345748092604988,0.1345748092604988,1.3632478118106115
known_activity_only_random_5fold,A3_physics_plus_activity_and_arrhenius,2,R041,40,,peroxidase,Km (mM),3.759,0.2457720997215378,0.5750723257138124,-0.6094674201668824,-1.1845397458806948,1.1845397458806948,0.06538230905068843
known_activity_only_random_5fold,A3_physics_plus_activity_and_arrhenius,2,R041,40,,peroxidase,Kcat (s⁻¹),560.0,1966.2390140297134,2.7481880270062002,3.293636309103891,0.5454482820976909,0.5454482820976909,3.511141096481631
known_activity_only_random_5fold,A3_physics_plus_activity_and_arrhenius,2,R041,40,,peroxidase,Vmax (nM s⁻¹),14.11,163.16858667911504,1.1495270137543478,2.212636551813195,1.0631095380588471,1.0631095380588471,11.564038744090364
known_activity_only_random_5fold,A3_physics_plus_activity_and_arrhenius,2,R047,46,,catalase,Km (mM),0.62,0.18072849013546466,-0.20760831050174613,-0.7429733796287858,-0.5353650691270397,0.5353650691270397,0.2914975647346204
known_activity_only_random_5fold,A3_physics_plus_activity_and_arrhenius,2,R047,46,,catalase,Kcat (s⁻¹),6.76e-05,137.46142191902524,-4.170053304058364,2.138180831995509,6.308234136053873,6.308234136053873,2033452.9869678288
known_activity_only_random_5fold,A3_physics_plus_activity_and_arrhenius,2,R047,46,,catalase,Vmax (nM s⁻¹),31.3,11.984203630095456,1.4955443375464486,1.0786091797508748,-0.4169351577955738,0.4169351577955738,0.3828819051148708
known_activity_only_random_5fold,A3_physics_plus_activity_and_arrhenius,2,R048,47,,catalase,Km (mM),1110.0,34.801547601956194,3.0453229787866576,1.541598557166273,-1.5037244216203847,1.5037244216203847,0.03135274558734792
known_activity_only_random_5fold,A3_physics_plus_activity_and_arrhenius,2,R048,47,,catalase,Kcat (s⁻¹),3.68,939.3430973980383,0.5658478186735176,2.972824248380201,2.4069764297066834,2.4069764297066834,255.2562764668582
known_activity_only_random_5fold,A3_physics_plus_activity_and_arrhenius,2,R048,47,,catalase,Vmax (nM s⁻¹),593.0,4305.675855777079,2.7730546933642626,3.6340413317238434,0.8609866383595808,0.8609866383595808,7.260836181748869
known_activity_only_random_5fold,A3_physics_plus_activity_and_arrhenius,2,R053,52,,peroxidase,Km (mM),0.0181,0.042166730133585933,-1.7423214251308154,-1.3750300755324405,0.36729134959837495,0.36729134959837495,2.3296535985406592
known_activity_only_random_5fold,A3_physics_plus_activity_and_arrhenius,2,R053,52,,peroxidase,Kcat (s⁻¹),21100.0,10502.839579465295,4.324282455297693,4.021306732114699,-0.30297572318299437,0.30297572318299437,0.4977649089793979
known_activity_only_random_5fold,A3_physics_plus_activity_and_arrhenius,2,R053,52,,peroxidase,Vmax (nM s⁻¹),158.0,188.1281980298644,2.1986570869544226,2.2744538956617353,0.07579680870731265,0.07579680870731265,1.1906847976573696
known_activity_only_random_5fold,A3_physics_plus_activity_and_arrhenius,2,R058,57,,catalase,Km (mM),0.13,0.14236825635961756,-0.8860566476931632,-0.8465868339061234,0.03946981378703973,0.03946981378703973,1.0951404335355197
known_activity_only_random_5fold,A3_physics_plus_activity_and_arrhenius,2,R058,57,,catalase,Kcat (s⁻¹),433.33,367.2292127063904,2.6368187568475414,2.5649372215830115,-0.0718815352645299,0.0718815352645299,0.847458548234349
known_activity_only_random_5fold,A3_physics_plus_activity_and_arrhenius,2,R058,57,,catalase,Vmax (nM s⁻¹),19.98,17.727020722326536,1.3005954838899636,1.2486357523761387,-0.051959731513824936,0.051959731513824936,0.8872382743907175
known_activity_only_random_5fold,A3_physics_plus_activity_and_arrhenius,2,R064,63,,peroxidase,Km (mM),0.0349,0.3848635178634026,-1.45717457304082,-0.4146932547706559,1.0424813182701642,1.0424813182701642,11.027607961702081
known_activity_only_random_5fold,A3_physics_plus_activity_and_arrhenius,2,R064,63,,peroxidase,Kcat (s⁻¹),0.0797,5.277599315178359,-1.0985416786038877,0.722436414718319,1.8209780933222066,1.8209780933222066,66.2183101026143
known_activity_only_random_5fold,A3_physics_plus_activity_and_arrhenius,2,R064,63,,peroxidase,Vmax (nM s⁻¹),557.0,454.7280354264373,2.745855195173729,2.6577517306635614,-0.08810346451016748,0.08810346451016748,0.8163878553436935
known_activity_only_random_5fold,A3_physics_plus_activity_and_arrhenius,2,R072,71,,peroxidase,Km (mM),0.143,0.21004640974673408,-0.8446639625349383,-0.6776847373133619,0.16697922522157638,0.16697922522157638,1.4688560122149237
known_activity_only_random_5fold,A3_physics_plus_activity_and_arrhenius,2,R072,71,,peroxidase,Kcat (s⁻¹),0.0421,0.5303925581702587,-1.3757179041643317,-0.2754025780577803,1.1003153261065515,1.1003153261065515,12.598398056300681
known_activity_only_random_5fold,A3_physics_plus_activity_and_arrhenius,2,R072,71,,peroxidase,Vmax (nM s⁻¹),45.0,10.578045303693312,1.6532125137753437,1.0244054226850343,-0.6288070910903094,0.6288070910903094,0.23506767341540694
known_activity_only_random_5fold,A3_physics_plus_activity_and_arrhenius,2,R075,74,,peroxidase,Km (mM),0.0152,0.042166730133585933,-1.8181564120552274,-1.3750300755324405,0.4431263365227869,0.4431263365227869,2.7741269824727586
known_activity_only_random_5fold,A3_physics_plus_activity_and_arrhenius,2,R075,74,,peroxidase,Kcat (s⁻¹),16000.0,10502.839579465295,4.204119982655925,4.021306732114699,-0.18281325054122632,0.18281325054122632,0.656427473716581
known_activity_only_random_5fold,A3_physics_plus_activity_and_arrhenius,2,R075,74,,peroxidase,Vmax (nM s⁻¹),113.0,188.1281980298644,2.0530784434834195,2.2744538956617353,0.22137545217831578,0.22137545217831578,1.6648513099988
known_activity_only_random_5fold,A3_physics_plus_activity_and_arrhenius,2,R083,82,,peroxidase,Km (mM),0.434,0.5665660538115697,-0.3625102704874893,-0.24674945008378812,0.11576082040370117,0.11576082040370117,1.3054517368930176
known_activity_only_random_5fold,A3_physics_plus_activity_and_arrhenius,2,R083,82,,peroxidase,Kcat (s⁻¹),4000.0,132.7740284373218,3.6020599913279625,2.12311313218981,-1.4789468591381527,1.4789468591381527,0.033193507109330445
known_activity_only_random_5fold,A3_physics_plus_activity_and_arrhenius,2,R083,82,,peroxidase,Vmax (nM s⁻¹),100.0,441.4122888747152,2.0,2.6448444197096106,0.6448444197096106,0.6448444197096106,4.414122888747152
known_activity_only_random_5fold,A0_physics_no_arrhenius,3,R006,5,,peroxidase,Km (mM),0.12,0.2854033504881982,-0.9208187539523752,-0.5445409327981235,0.3762778211542517,0.3762778211542517,2.3783612540683183
known_activity_only_random_5fold,A0_physics_no_arrhenius,3,R006,5,,peroxidase,Kcat (s⁻¹),0.0006,2.594047525401651,-3.2218487496163566,0.41397792850620074,3.6358266781225574,3.6358266781225574,4323.412542336085
known_activity_only_random_5fold,A0_physics_no_arrhenius,3,R006,5,,peroxidase,Vmax (nM s⁻¹),0.6,27.892197361771622,-0.2218487496163564,1.445482729558304,1.6673314791746603,1.6673314791746603,46.4869956029527
known_activity_only_random_5fold,A0_physics_no_arrhenius,3,R009,8,,catalase,Km (mM),37.99,17.78349189673641,1.5796692935547203,1.2500170413690728,-0.32965225218564753,0.32965225218564753,0.4681098156550779
known_activity_only_random_5fold,A0_physics_no_arrhenius,3,R009,8,,catalase,Kcat (s⁻¹),539000.0,1.6020746019686758,5.731588765186738,0.20468273551162372,-5.526906029675114,5.526906029675114,2.9723090945615507e-06
known_activity_only_random_5fold,A0_physics_no_arrhenius,3,R009,8,,catalase,Vmax (nM s⁻¹),5.28,41.28938079993676,0.7226339225338123,1.6158383699856962,0.8932044474518839,0.8932044474518839,7.819958484836507
known_activity_only_random_5fold,A0_physics_no_arrhenius,3,R011,10,,catalase,Km (mM),0.064,0.14479324124634282,-1.193820026016113,-0.8392517099477426,0.35456831606837036,0.35456831606837036,2.2623943944741067
known_activity_only_random_5fold,A0_physics_no_arrhenius,3,R011,10,,catalase,Kcat (s⁻¹),183.3,86.04178286571407,2.2631624649622166,1.9347094007939878,-0.32845306416822884,0.32845306416822884,0.4694041618424117
known_activity_only_random_5fold,A0_physics_no_arrhenius,3,R011,10,,catalase,Vmax (nM s⁻¹),8.165,19.021351400601716,0.9119561890726869,1.2792413688040696,0.36728517973138264,0.36728517973138264,2.3296205022169896
known_activity_only_random_5fold,A0_physics_no_arrhenius,3,R016,15,,catalase,Km (mM),257.0,1.5005583085067062,2.4099331233312946,0.17625287584931126,-2.2336802474819835,2.2336802474819835,0.005838748282127262
known_activity_only_random_5fold,A0_physics_no_arrhenius,3,R016,15,,catalase,Kcat (s⁻¹),93800.0,33019.403256348785,4.972202838379064,4.518769220204283,-0.4534336181747811,0.4534336181747811,0.35201922448133033
known_activity_only_random_5fold,A0_physics_no_arrhenius,3,R016,15,,catalase,Vmax (nM s⁻¹),684.0,244.21245557102606,2.835056101720116,2.38776781050082,-0.44728829121929614,0.44728829121929614,0.35703575375881
known_activity_only_random_5fold,A0_physics_no_arrhenius,3,R021,20,,peroxidase,Km (mM),0.682,2.634291858165551,-0.16621562534352105,0.42066388959652035,0.5868795149400414,0.5868795149400414,3.862598032500807
known_activity_only_random_5fold,A0_physics_no_arrhenius,3,R021,20,,peroxidase,Kcat (s⁻¹),0.174,8.207188129292337,-0.7594507517174003,0.9141943886537952,1.6736451403711956,1.6736451403711956,47.167747869496196
known_activity_only_random_5fold,A0_physics_no_arrhenius,3,R021,20,,peroxidase,Vmax (nM s⁻¹),177.0,259.32103851127306,2.247973266361807,2.4138377521673777,0.1658644858055709,0.1658644858055709,1.46509061305804
known_activity_only_random_5fold,A0_physics_no_arrhenius,3,R023,22,,catalase,Km (mM),3.88,2.295031529122121,0.5888317255942073,0.3607886562478767,-0.22804306934633056,0.22804306934633056,0.591502971423227
known_activity_only_random_5fold,A0_physics_no_arrhenius,3,R023,22,,catalase,Kcat (s⁻¹),2350.0,1097.6139047153201,3.3710678622717363,3.0404496000963555,-0.3306182621753808,0.3306182621753808,0.4670697466873703
known_activity_only_random_5fold,A0_physics_no_arrhenius,3,R023,22,,catalase,Vmax (nM s⁻¹),565.0,129.94863251150954,2.7520484478194387,2.113771713649803,-0.6382767341696356,0.6382767341696356,0.22999757966638856
known_activity_only_random_5fold,A0_physics_no_arrhenius,3,R030,29,,catalase,Km (mM),3.88,2.295031529122121,0.5888317255942073,0.3607886562478767,-0.22804306934633056,0.22804306934633056,0.591502971423227
known_activity_only_random_5fold,A0_physics_no_arrhenius,3,R030,29,,catalase,Kcat (s⁻¹),2350.0,1097.6139047153201,3.3710678622717363,3.0404496000963555,-0.3306182621753808,0.3306182621753808,0.4670697466873703
known_activity_only_random_5fold,A0_physics_no_arrhenius,3,R030,29,,catalase,Vmax (nM s⁻¹),565.0,129.94863251150954,2.7520484478194387,2.113771713649803,-0.6382767341696356,0.6382767341696356,0.22999757966638856
known_activity_only_random_5fold,A0_physics_no_arrhenius,3,R044,43,,catalase,Km (mM),4.766,0.6792134676014498,0.6781540380104373,-0.16799371138747382,-0.846147749397911,0.846147749397911,0.1425122676461288
known_activity_only_random_5fold,A0_physics_no_arrhenius,3,R044,43,,catalase,Kcat (s⁻¹),47.6476,5.843107372306577,1.6780410301998117,0.7666438669318332,-0.9113971632679785,0.9113971632679785,0.12263172483622634
known_activity_only_random_5fold,A0_physics_no_arrhenius,3,R044,43,,catalase,Vmax (nM s⁻¹),297.9,123.78754219326412,2.4740705032150436,2.0926769400883134,-0.38139356312673023,0.38139356312673023,0.4155338777887349
known_activity_only_random_5fold,A0_physics_no_arrhenius,3,R046,45,,peroxidase,Km (mM),0.217,11.350050834640587,-0.6635402661514705,1.0549978066528822,1.718538072804353,1.718538072804353,52.30438172645432
known_activity_only_random_5fold,A0_physics_no_arrhenius,3,R046,45,,peroxidase,Kcat (s⁻¹),0.0005642,1.470126294021033,-3.2485669181806527,0.16735464525186244,3.4159215634325153,3.4159215634325153,2605.6829032630853
known_activity_only_random_5fold,A0_physics_no_arrhenius,3,R046,45,,peroxidase,Vmax (nM s⁻¹),82.0,85.14635471217912,1.9138138523837167,1.9301660596706276,0.01635220728691089,0.01635220728691089,1.0383701794168185
known_activity_only_random_5fold,A0_physics_no_arrhenius,3,R051,50,,catalase,Km (mM),3.7,3.683332397914615,0.568201724066995,0.566240913008099,-0.001960811058896006,0.001960811058896006,0.9954952426796256
known_activity_only_random_5fold,A0_physics_no_arrhenius,3,R051,50,,catalase,Kcat (s⁻¹),3480.0,2673.2499305750976,3.5415792439465807,3.427039564216855,-0.11453967972972556,0.11453967972972556,0.7681752674066372
known_activity_only_random_5fold,A0_physics_no_arrhenius,3,R051,50,,catalase,Vmax (nM s⁻¹),87.1,495.40398490695367,1.9400181550076632,2.694959495621115,0.754941340613452,0.754941340613452,5.687761020745737
known_activity_only_random_5fold,A0_physics_no_arrhenius,3,R065,64,,catalase,Km (mM),0.38,2.001497918005423,-0.42021640338318983,0.30135514268033126,0.721571546063521,0.721571546063521,5.267099784224797
known_activity_only_random_5fold,A0_physics_no_arrhenius,3,R065,64,,catalase,Kcat (s⁻¹),1380.0,1.8882426326073112,3.1398790864012365,0.2760577988773567,-2.86382128752388,2.86382128752388,0.0013682917627589211
known_activity_only_random_5fold,A0_physics_no_arrhenius,3,R065,64,,catalase,Vmax (nM s⁻¹),241.0,177.19992216374723,2.3820170425748683,2.2484635267843136,-0.13355351579055474,0.13355351579055474,0.7352693865715653
known_activity_only_random_5fold,A0_physics_no_arrhenius,3,R071,70,,peroxidase,Km (mM),1.27,3.333352946730038,0.10380372095595687,0.5228813006698076,0.4190775797138508,0.4190775797138508,2.6246873596299514
known_activity_only_random_5fold,A0_physics_no_arrhenius,3,R071,70,,peroxidase,Kcat (s⁻¹),5.8e-05,1.0850861056796537,-4.236572006437063,0.035464202458989666,4.272036208896052,4.272036208896052,18708.381132407823
known_activity_only_random_5fold,A0_physics_no_arrhenius,3,R071,70,,peroxidase,Vmax (nM s⁻¹),12.0,217.00380249883267,1.0791812460476249,2.336467343939736,1.2572860978921112,1.2572860978921112,18.083650208236055
known_activity_only_random_5fold,A0_physics_no_arrhenius,3,R074,73,,catalase,Km (mM),0.15,0.14479324124634282,-0.8239087409443188,-0.8392517099477426,-0.015342969003423801,0.015342969003423801,0.9652882749756189
known_activity_only_random_5fold,A0_physics_no_arrhenius,3,R074,73,,catalase,Kcat (s⁻¹),316.6,86.04178286571407,2.5005109105263372,1.9347094007939878,-0.5658015097323494,0.5658015097323494,0.2717681075985915
known_activity_only_random_5fold,A0_physics_no_arrhenius,3,R074,73,,catalase,Vmax (nM s⁻¹),13.6,19.021351400601716,1.1335389083702174,1.2792413688040696,0.14570246043385215,0.14570246043385215,1.3986287794560086
known_activity_only_random_5fold,A0_physics_no_arrhenius,3,R080,79,,peroxidase,Km (mM),0.00101,4.483672619536836,-2.9956786262173574,0.6516338945743163,3.6473125207916737,3.6473125207916737,4439.2798213236
known_activity_only_random_5fold,A0_physics_no_arrhenius,3,R080,79,,peroxidase,Kcat (s⁻¹),1.97,4.746702137792792,0.2944662261615929,0.6763919799863966,0.38192575382480365,0.38192575382480365,2.4094934709608085
known_activity_only_random_5fold,A0_physics_no_arrhenius,3,R080,79,,peroxidase,Vmax (nM s⁻¹),360.0,772.2705194626325,2.5563025007672873,2.8877694564632925,0.33146695569600526,0.33146695569600526,2.145195887396201
known_activity_only_random_5fold,A0_physics_no_arrhenius,3,R086,85,,peroxidase,Km (mM),3.28,3.333352946730038,0.5158738437116791,0.5228813006698076,0.007007456958128544,0.007007456958128544,1.0162661422957433
known_activity_only_random_5fold,A0_physics_no_arrhenius,3,R086,85,,peroxidase,Kcat (s⁻¹),0.00013,1.0850861056796537,-3.886056647693163,0.035464202458989666,3.921520850152153,3.921520850152153,8346.816197535798
known_activity_only_random_5fold,A0_physics_no_arrhenius,3,R086,85,,peroxidase,Vmax (nM s⁻¹),25.0,217.00380249883267,1.3979400086720377,2.336467343939736,0.9385273352676984,0.9385273352676984,8.680152099953307
known_activity_only_random_5fold,A1_physics_plus_activity_category,3,R006,5,,peroxidase,Km (mM),0.12,0.2101884169332502,-0.9208187539523752,-0.6773912207558251,0.24342753319655008,0.24342753319655008,1.7515701411104183
known_activity_only_random_5fold,A1_physics_plus_activity_category,3,R006,5,,peroxidase,Kcat (s⁻¹),0.0006,2.922420309455289,-3.2218487496163566,0.46574267735801916,3.6875914269743757,3.6875914269743757,4870.7005157588155
known_activity_only_random_5fold,A1_physics_plus_activity_category,3,R006,5,,peroxidase,Vmax (nM s⁻¹),0.6,28.77935282750016,-0.2218487496163564,1.4590810235614728,1.6809297731778292,1.6809297731778292,47.9655880458336
known_activity_only_random_5fold,A1_physics_plus_activity_category,3,R009,8,,catalase,Km (mM),37.99,53.34859775057827,1.5796692935547203,1.7271230086304123,0.14745371507569205,0.14745371507569205,1.4042800144927157
known_activity_only_random_5fold,A1_physics_plus_activity_category,3,R009,8,,catalase,Kcat (s⁻¹),539000.0,25.32821415591639,5.731588765186738,1.4036045695942265,-4.327984195592512,4.327984195592512,4.699112088296176e-05
known_activity_only_random_5fold,A1_physics_plus_activity_category,3,R009,8,,catalase,Vmax (nM s⁻¹),5.28,40.41215733726102,0.7226339225338123,1.6065120351657278,0.8838781126319155,0.8838781126319155,7.653817677511557
known_activity_only_random_5fold,A1_physics_plus_activity_category,3,R011,10,,catalase,Km (mM),0.064,0.20324486605345696,-1.193820026016113,-0.6919804158338406,0.5018396101822723,0.5018396101822723,3.1757010320852648
known_activity_only_random_5fold,A1_physics_plus_activity_category,3,R011,10,,catalase,Kcat (s⁻¹),183.3,113.93325895292544,2.2631624649622166,2.0566505201395033,-0.2065119448227133,0.2065119448227133,0.6215671519526755
known_activity_only_random_5fold,A1_physics_plus_activity_category,3,R011,10,,catalase,Vmax (nM s⁻¹),8.165,20.725695927805237,0.9119561890726869,1.316509122215377,0.40455293314269014,0.40455293314269014,2.5383583500067655
known_activity_only_random_5fold,A1_physics_plus_activity_category,3,R016,15,,catalase,Km (mM),257.0,187.03116978286673,2.4099331233312946,2.2719139901549035,-0.13801913317639114,0.13801913317639114,0.7277477423457849
known_activity_only_random_5fold,A1_physics_plus_activity_category,3,R016,15,,catalase,Kcat (s⁻¹),93800.0,67786.7496554499,4.972202838379064,4.831144810181093,-0.1410580281979712,0.1410580281979712,0.7226732372649243
known_activity_only_random_5fold,A1_physics_plus_activity_category,3,R016,15,,catalase,Vmax (nM s⁻¹),684.0,512.6189337155641,2.835056101720116,2.7097946429257393,-0.12526145879437678,0.12526145879437678,0.7494428855490703
known_activity_only_random_5fold,A1_physics_plus_activity_category,3,R021,20,,peroxidase,Km (mM),0.682,0.6452687023889855,-0.16621562534352105,-0.1902593990636361,-0.02404377372011504,0.02404377372011504,0.9461417923592161
known_activity_only_random_5fold,A1_physics_plus_activity_category,3,R021,20,,peroxidase,Kcat (s⁻¹),0.174,13.602085650194924,-0.7594507517174003,1.133605505202847,1.8930562569202474,1.8930562569202474,78.17290603560302
known_activity_only_random_5fold,A1_physics_plus_activity_category,3,R021,20,,peroxidase,Vmax (nM s⁻¹),177.0,215.8006556041041,2.247973266361807,2.334052759738978,0.08607949337717136,0.08607949337717136,1.2192127435260118
known_activity_only_random_5fold,A1_physics_plus_activity_category,3,R023,22,,catalase,Km (mM),3.88,25.533595523557935,0.5888317255942073,1.4071119744631946,0.8182802488689873,0.8182802488689873,6.58082358854586
known_activity_only_random_5fold,A1_physics_plus_activity_category,3,R023,22,,catalase,Kcat (s⁻¹),2350.0,443.06604551022355,3.3710678622717363,2.6464684690282883,-0.724599393243448,0.724599393243448,0.18853874277030788
known_activity_only_random_5fold,A1_physics_plus_activity_category,3,R023,22,,catalase,Vmax (nM s⁻¹),565.0,237.83044392246003,2.7520484478194387,2.3762674465033053,-0.37578100131613335,0.37578100131613335,0.42093883880081423
known_activity_only_random_5fold,A1_physics_plus_activity_category,3,R030,29,,catalase,Km (mM),3.88,25.533595523557935,0.5888317255942073,1.4071119744631946,0.8182802488689873,0.8182802488689873,6.58082358854586
known_activity_only_random_5fold,A1_physics_plus_activity_category,3,R030,29,,catalase,Kcat (s⁻¹),2350.0,443.06604551022355,3.3710678622717363,2.6464684690282883,-0.724599393243448,0.724599393243448,0.18853874277030788
known_activity_only_random_5fold,A1_physics_plus_activity_category,3,R030,29,,catalase,Vmax (nM s⁻¹),565.0,237.83044392246003,2.7520484478194387,2.3762674465033053,-0.37578100131613335,0.37578100131613335,0.42093883880081423
known_activity_only_random_5fold,A1_physics_plus_activity_category,3,R044,43,,catalase,Km (mM),4.766,9.431231500174837,0.6781540380104373,0.9745684052304813,0.296414367220044,0.296414367220044,1.978856798190272
known_activity_only_random_5fold,A1_physics_plus_activity_category,3,R044,43,,catalase,Kcat (s⁻¹),47.6476,10.038982784372658,1.6780410301998117,1.001689709470885,-0.6763513207289267,0.6763513207289267,0.21069230736433017
known_activity_only_random_5fold,A1_physics_plus_activity_category,3,R044,43,,catalase,Vmax (nM s⁻¹),297.9,182.61137776097686,2.4740705032150436,2.2615278331373245,-0.2125426700777191,0.2125426700777191,0.6129955614668576
known_activity_only_random_5fold,A1_physics_plus_activity_category,3,R046,45,,peroxidase,Km (mM),0.217,0.3691895219923088,-0.6635402661514705,-0.4327506332298084,0.23078963292166216,0.23078963292166216,1.7013342027295337
known_activity_only_random_5fold,A1_physics_plus_activity_category,3,R046,45,,peroxidase,Kcat (s⁻¹),0.0005642,1.1709037581029063,-3.2485669181806527,0.06852119990366576,3.3170881180843184,3.3170881180843184,2075.334558849532
known_activity_only_random_5fold,A1_physics_plus_activity_category,3,R046,45,,peroxidase,Vmax (nM s⁻¹),82.0,84.73386426418847,1.9138138523837167,1.9280570127369374,0.014243160353220707,0.014243160353220707,1.0333398080998595
known_activity_only_random_5fold,A1_physics_plus_activity_category,3,R051,50,,catalase,Km (mM),3.7,22.771436684634356,0.568201724066995,1.3573904317800847,0.7891887077130897,0.7891887077130897,6.154442347198474
known_activity_only_random_5fold,A1_physics_plus_activity_category,3,R051,50,,catalase,Kcat (s⁻¹),3480.0,4264.198215495779,3.5415792439465807,3.6298373840802576,0.08825814013367683,0.08825814013367683,1.2253443147976375
known_activity_only_random_5fold,A1_physics_plus_activity_category,3,R051,50,,catalase,Vmax (nM s⁻¹),87.1,2667.2727720366133,1.9400181550076632,3.426067431637648,1.4860492766299849,1.4860492766299849,30.62310874898523
known_activity_only_random_5fold,A1_physics_plus_activity_category,3,R065,64,,catalase,Km (mM),0.38,16.14672735193147,-0.42021640338318983,1.2080845119907893,1.6283009153739791,1.6283009153739791,42.49138776824071
known_activity_only_random_5fold,A1_physics_plus_activity_category,3,R065,64,,catalase,Kcat (s⁻¹),1380.0,1.0037230568112208,3.1398790864012365,0.0016139005679224484,-3.138265185833314,3.138265185833314,0.0007273355484139281
known_activity_only_random_5fold,A1_physics_plus_activity_category,3,R065,64,,catalase,Vmax (nM s⁻¹),241.0,490.83697341413074,2.3820170425748683,2.690937269509206,0.3089202269343376,0.3089202269343376,2.036667939477721
known_activity_only_random_5fold,A1_physics_plus_activity_category,3,R071,70,,peroxidase,Km (mM),1.27,0.4307416501619019,0.10380372095595687,-0.3657831325073465,-0.46958685346330337,0.46958685346330337,0.3391666536707889
known_activity_only_random_5fold,A1_physics_plus_activity_category,3,R071,70,,peroxidase,Kcat (s⁻¹),5.8e-05,7.597268120287441,-4.236572006437063,0.8806574536527463,5.11722946008981,5.11722946008981,130987.38138426622
known_activity_only_random_5fold,A1_physics_plus_activity_category,3,R071,70,,peroxidase,Vmax (nM s⁻¹),12.0,199.5251612267547,1.0791812460476249,2.2999976704132776,1.2208164243656527,1.2208164243656527,16.627096768896227
known_activity_only_random_5fold,A1_physics_plus_activity_category,3,R074,73,,catalase,Km (mM),0.15,0.20324486605345696,-0.8239087409443188,-0.6919804158338406,0.13192832511047814,0.13192832511047814,1.3549657736897132
known_activity_only_random_5fold,A1_physics_plus_activity_category,3,R074,73,,catalase,Kcat (s⁻¹),316.6,113.93325895292544,2.5005109105263372,2.0566505201395033,-0.4438603903868339,0.4438603903868339,0.35986499985131215
known_activity_only_random_5fold,A1_physics_plus_activity_category,3,R074,73,,catalase,Vmax (nM s⁻¹),13.6,20.725695927805237,1.1335389083702174,1.316509122215377,0.18297021384515966,0.18297021384515966,1.5239482299856792
known_activity_only_random_5fold,A1_physics_plus_activity_category,3,R080,79,,peroxidase,Km (mM),0.00101,0.26184346621604104,-2.9956786262173574,-0.5819582585840427,2.4137203676333145,2.4137203676333145,259.25095664954557
known_activity_only_random_5fold,A1_physics_plus_activity_category,3,R080,79,,peroxidase,Kcat (s⁻¹),1.97,5.175134442279294,0.2944662261615929,0.7139216365988326,0.41945541043723966,0.41945541043723966,2.6269717981113168
known_activity_only_random_5fold,A1_physics_plus_activity_category,3,R080,79,,peroxidase,Vmax (nM s⁻¹),360.0,378.0690599067076,2.5563025007672873,2.577571137395334,0.02126863662804679,0.02126863662804679,1.0501918330741877
known_activity_only_random_5fold,A1_physics_plus_activity_category,3,R086,85,,peroxidase,Km (mM),3.28,0.4307416501619019,0.5158738437116791,-0.3657831325073465,-0.8816569762190256,0.8816569762190256,0.13132367382984816
known_activity_only_random_5fold,A1_physics_plus_activity_category,3,R086,85,,peroxidase,Kcat (s⁻¹),0.00013,7.597268120287441,-3.886056647693163,0.8806574536527463,4.76671410134591,4.76671410134591,58440.52400221109
known_activity_only_random_5fold,A1_physics_plus_activity_category,3,R086,85,,peroxidase,Vmax (nM s⁻¹),25.0,199.5251612267547,1.3979400086720377,2.2999976704132776,0.9020576617412399,0.9020576617412399,7.981006449070188
known_activity_only_random_5fold,A2_physics_plus_arrhenius,3,R006,5,,peroxidase,Km (mM),0.12,0.2486518698283536,-0.9208187539523752,-0.6044082705838464,0.31641048336852884,0.31641048336852884,2.07209891523628
known_activity_only_random_5fold,A2_physics_plus_arrhenius,3,R006,5,,peroxidase,Kcat (s⁻¹),0.0006,2.4235453259486346,-3.2218487496163566,0.3844511464541987,3.6062998960705555,3.6062998960705555,4039.2422099143914
known_activity_only_random_5fold,A2_physics_plus_arrhenius,3,R006,5,,peroxidase,Vmax (nM s⁻¹),0.6,31.26280965039341,-0.2218487496163564,1.4950280063392365,1.7168767559555929,1.7168767559555929,52.104682750655684
known_activity_only_random_5fold,A2_physics_plus_arrhenius,3,R009,8,,catalase,Km (mM),37.99,35.3848919358817,1.5796692935547203,1.5488178736244211,-0.030851419930299162,0.030851419930299162,0.9314264789650354
known_activity_only_random_5fold,A2_physics_plus_arrhenius,3,R009,8,,catalase,Kcat (s⁻¹),539000.0,9.047899757667729,5.731588765186738,0.9565477803642468,-4.775040984822492,4.775040984822492,1.6786455951146066e-05
known_activity_only_random_5fold,A2_physics_plus_arrhenius,3,R009,8,,catalase,Vmax (nM s⁻¹),5.28,38.62988570008099,0.7226339225338123,1.5869234231358236,0.8642895006020113,0.8642895006020113,7.316266231075945
known_activity_only_random_5fold,A2_physics_plus_arrhenius,3,R011,10,,catalase,Km (mM),0.064,0.17786024273077541,-1.193820026016113,-0.7499211193263011,0.4438989066898118,0.4438989066898118,2.779066292668366
known_activity_only_random_5fold,A2_physics_plus_arrhenius,3,R011,10,,catalase,Kcat (s⁻¹),183.3,96.22020568390215,2.2631624649622166,1.983266280931628,-0.2798961840305887,0.2798961840305887,0.5249329278990843
known_activity_only_random_5fold,A2_physics_plus_arrhenius,3,R011,10,,catalase,Vmax (nM s⁻¹),8.165,20.47997195261146,0.9119561890726869,1.3113293575364877,0.3993731684638008,0.3993731684638008,2.508263558188789
known_activity_only_random_5fold,A2_physics_plus_arrhenius,3,R016,15,,catalase,Km (mM),257.0,166.4675312953063,2.4099331233312946,2.221329539017364,-0.18860358431393065,0.18860358431393065,0.6477335848066392
known_activity_only_random_5fold,A2_physics_plus_arrhenius,3,R016,15,,catalase,Kcat (s⁻¹),93800.0,64572.31259072845,4.972202838379064,4.810046340492989,-0.162156497886075,0.162156497886075,0.6884041854022223
known_activity_only_random_5fold,A2_physics_plus_arrhenius,3,R016,15,,catalase,Vmax (nM s⁻¹),684.0,494.6583467679493,2.835056101720116,2.6943053416751863,-0.1407507600449298,0.1407507600449298,0.7231847174970019
known_activity_only_random_5fold,A2_physics_plus_arrhenius,3,R021,20,,peroxidase,Km (mM),0.682,1.030307675218182,-0.16621562534352105,0.012966935089766988,0.17918256043328804,0.17918256043328804,1.5107150663023194
known_activity_only_random_5fold,A2_physics_plus_arrhenius,3,R021,20,,peroxidase,Kcat (s⁻¹),0.174,21.489894816721684,-0.7594507517174003,1.3322342898223343,2.0916850415397343,2.0916850415397343,123.50514262483728
known_activity_only_random_5fold,A2_physics_plus_arrhenius,3,R021,20,,peroxidase,Vmax (nM s⁻¹),177.0,216.50573155211035,2.247973266361807,2.3354693979111207,0.0874961315493139,0.0874961315493139,1.2231962234582505
known_activity_only_random_5fold,A2_physics_plus_arrhenius,3,R023,22,,catalase,Km (mM),3.88,13.973698850900664,0.5888317255942073,1.1453113794792682,0.5564796538850609,0.5564796538850609,3.601468776005326
known_activity_only_random_5fold,A2_physics_plus_arrhenius,3,R023,22,,catalase,Kcat (s⁻¹),2350.0,432.741355137592,3.3710678622717363,2.6362284007449097,-0.7348394615268266,0.7348394615268266,0.1841452575053583
known_activity_only_random_5fold,A2_physics_plus_arrhenius,3,R023,22,,catalase,Vmax (nM s⁻¹),565.0,174.38895044992563,2.7520484478194387,2.241518963907042,-0.5105294839123968,0.5105294839123968,0.30865300964588605
known_activity_only_random_5fold,A2_physics_plus_arrhenius,3,R030,29,,catalase,Km (mM),3.88,13.973698850900664,0.5888317255942073,1.1453113794792682,0.5564796538850609,0.5564796538850609,3.601468776005326
known_activity_only_random_5fold,A2_physics_plus_arrhenius,3,R030,29,,catalase,Kcat (s⁻¹),2350.0,432.741355137592,3.3710678622717363,2.6362284007449097,-0.7348394615268266,0.7348394615268266,0.1841452575053583
known_activity_only_random_5fold,A2_physics_plus_arrhenius,3,R030,29,,catalase,Vmax (nM s⁻¹),565.0,174.38895044992563,2.7520484478194387,2.241518963907042,-0.5105294839123968,0.5105294839123968,0.30865300964588605
known_activity_only_random_5fold,A2_physics_plus_arrhenius,3,R044,43,,catalase,Km (mM),4.766,3.708938225240258,0.6781540380104373,0.569249599933976,-0.10890443807646133,0.10890443807646133,0.7782077686194414
known_activity_only_random_5fold,A2_physics_plus_arrhenius,3,R044,43,,catalase,Kcat (s⁻¹),47.6476,8.474431326845341,1.6780410301998117,0.9281105647041047,-0.749930465495707,0.749930465495707,0.1778564151572239
known_activity_only_random_5fold,A2_physics_plus_arrhenius,3,R044,43,,catalase,Vmax (nM s⁻¹),297.9,158.61726974452492,2.4740705032150436,2.2003504701596412,-0.2737200330554024,0.2737200330554024,0.5324513922273412
known_activity_only_random_5fold,A2_physics_plus_arrhenius,3,R046,45,,peroxidase,Km (mM),0.217,1.9892170958145008,-0.6635402661514705,0.2986821830084061,0.9622224491598766,0.9622224491598766,9.166899059053
known_activity_only_random_5fold,A2_physics_plus_arrhenius,3,R046,45,,peroxidase,Kcat (s⁻¹),0.0005642,1.2601985137831897,-3.2485669181806527,0.10043896309362933,3.349005881274282,3.349005881274282,2233.602470370772
known_activity_only_random_5fold,A2_physics_plus_arrhenius,3,R046,45,,peroxidase,Vmax (nM s⁻¹),82.0,87.36072130295483,1.9138138523837167,1.941316211173389,0.027502358789672332,0.027502358789672332,1.0653746500360346
known_activity_only_random_5fold,A2_physics_plus_arrhenius,3,R051,50,,catalase,Km (mM),3.7,13.962815572316195,0.568201724066995,1.144973001684404,0.576771277617409,0.576771277617409,3.7737339384638364
known_activity_only_random_5fold,A2_physics_plus_arrhenius,3,R051,50,,catalase,Kcat (s⁻¹),3480.0,3448.773485155982,3.5415792439465807,3.5376646709178825,-0.003914573028698243,0.003914573028698243,0.9910268635505696
known_activity_only_random_5fold,A2_physics_plus_arrhenius,3,R051,50,,catalase,Vmax (nM s⁻¹),87.1,1402.3922795468632,1.9400181550076632,3.1468695122133594,1.2068513572056963,1.2068513572056963,16.100944656106353
known_activity_only_random_5fold,A2_physics_plus_arrhenius,3,R065,64,,catalase,Km (mM),0.38,9.36067558592949,-0.42021640338318983,0.9713071941070274,1.3915235974902171,1.3915235974902171,24.633356805077607
known_activity_only_random_5fold,A2_physics_plus_arrhenius,3,R065,64,,catalase,Kcat (s⁻¹),1380.0,1.1130729949332754,3.1398790864012365,0.04652364614713038,-3.093355440254106,3.093355440254106,0.0008065746340096199
known_activity_only_random_5fold,A2_physics_plus_arrhenius,3,R065,64,,catalase,Vmax (nM s⁻¹),241.0,381.67520169035583,2.3820170425748683,2.581693943761256,0.19967690118638748,0.19967690118638748,1.5837145298355013
known_activity_only_random_5fold,A2_physics_plus_arrhenius,3,R071,70,,peroxidase,Km (mM),1.27,0.8298022902733159,0.10380372095595687,-0.08102537084268027,-0.18482909179863716,0.18482909179863716,0.6533876301364692
known_activity_only_random_5fold,A2_physics_plus_arrhenius,3,R071,70,,peroxidase,Kcat (s⁻¹),5.8e-05,4.266156814499558,-4.236572006437063,0.6300368151125086,4.866608821549572,4.866608821549572,73554.42783619928
known_activity_only_random_5fold,A2_physics_plus_arrhenius,3,R071,70,,peroxidase,Vmax (nM s⁻¹),12.0,215.38601400386622,1.0791812460476249,2.333217499156261,1.2540362531086362,1.2540362531086362,17.948834500322185
known_activity_only_random_5fold,A2_physics_plus_arrhenius,3,R074,73,,catalase,Km (mM),0.15,0.17786024273077541,-0.8239087409443188,-0.7499211193263011,0.07398762161801764,0.07398762161801764,1.1857349515385027
known_activity_only_random_5fold,A2_physics_plus_arrhenius,3,R074,73,,catalase,Kcat (s⁻¹),316.6,96.22020568390215,2.5005109105263372,1.983266280931628,-0.5172446295947093,0.5172446295947093,0.30391726368888866
known_activity_only_random_5fold,A2_physics_plus_arrhenius,3,R074,73,,catalase,Vmax (nM s⁻¹),13.6,20.47997195261146,1.1335389083702174,1.3113293575364877,0.1777904491662703,0.1777904491662703,1.5058802906331956
known_activity_only_random_5fold,A2_physics_plus_arrhenius,3,R080,79,,peroxidase,Km (mM),0.00101,0.5584067326665493,-2.9956786262173574,-0.25304935409853463,2.7426292721188226,2.7426292721188226,552.8779531351972
known_activity_only_random_5fold,A2_physics_plus_arrhenius,3,R080,79,,peroxidase,Kcat (s⁻¹),1.97,5.2269722420078075,0.2944662261615929,0.7182501937700583,0.4237839676084654,0.4237839676084654,2.6532854020344203
known_activity_only_random_5fold,A2_physics_plus_arrhenius,3,R080,79,,peroxidase,Vmax (nM s⁻¹),360.0,523.0721740148995,2.5563025007672873,2.718561617383176,0.16225911661588865,0.16225911661588865,1.4529782611524986
known_activity_only_random_5fold,A2_physics_plus_arrhenius,3,R086,85,,peroxidase,Km (mM),3.28,0.8298022902733159,0.5158738437116791,-0.08102537084268027,-0.5968992145543593,0.5968992145543593,0.2529885031321085
known_activity_only_random_5fold,A2_physics_plus_arrhenius,3,R086,85,,peroxidase,Kcat (s⁻¹),0.00013,4.266156814499558,-3.886056647693163,0.6300368151125086,4.516093462805672,4.516093462805672,32816.590880765834
known_activity_only_random_5fold,A2_physics_plus_arrhenius,3,R086,85,,peroxidase,Vmax (nM s⁻¹),25.0,215.38601400386622,1.3979400086720377,2.333217499156261,0.9352774904842234,0.9352774904842234,8.61544056015465
known_activity_only_random_5fold,A3_physics_plus_activity_and_arrhenius,3,R006,5,,peroxidase,Km (mM),0.12,0.23318461861927992,-0.9208187539523752,-0.6323001000068548,0.28851865394552045,0.28851865394552045,1.943205155160666
known_activity_only_random_5fold,A3_physics_plus_activity_and_arrhenius,3,R006,5,,peroxidase,Kcat (s⁻¹),0.0006,2.984822715963663,-3.2218487496163566,0.474918541239195,3.6967672908555516,3.6967672908555516,4974.704526606105
known_activity_only_random_5fold,A3_physics_plus_activity_and_arrhenius,3,R006,5,,peroxidase,Vmax (nM s⁻¹),0.6,39.729965464195146,-0.2218487496163564,1.599118187539229,1.8209669371555854,1.8209669371555854,66.21660910699191
known_activity_only_random_5fold,A3_physics_plus_activity_and_arrhenius,3,R009,8,,catalase,Km (mM),37.99,50.81568414765405,1.5796692935547203,1.7059977769982542,0.12632848344353387,0.12632848344353387,1.3376068477929468
known_activity_only_random_5fold,A3_physics_plus_activity_and_arrhenius,3,R009,8,,catalase,Kcat (s⁻¹),539000.0,43.603598540899,5.731588765186738,1.6395223324329136,-4.092066432753825,4.092066432753825,8.08972143615937e-05
known_activity_only_random_5fold,A3_physics_plus_activity_and_arrhenius,3,R009,8,,catalase,Vmax (nM s⁻¹),5.28,45.456493914459536,0.7226339225338123,1.657595935297352,0.9349620127635396,0.9349620127635396,8.609184453496123
known_activity_only_random_5fold,A3_physics_plus_activity_and_arrhenius,3,R011,10,,catalase,Km (mM),0.064,0.21757252332614374,-1.193820026016113,-0.6623959514430535,0.5314240745730594,0.5314240745730594,3.399570676970996
known_activity_only_random_5fold,A3_physics_plus_activity_and_arrhenius,3,R011,10,,catalase,Kcat (s⁻¹),183.3,114.035481971952,2.2631624649622166,2.0570400024508246,-0.206122462511392,0.206122462511392,0.6221248334530932
known_activity_only_random_5fold,A3_physics_plus_activity_and_arrhenius,3,R011,10,,catalase,Vmax (nM s⁻¹),8.165,22.69012342583284,0.9119561890726869,1.355836858291826,0.44388066921913916,0.44388066921913916,2.778949592876037
known_activity_only_random_5fold,A3_physics_plus_activity_and_arrhenius,3,R016,15,,catalase,Km (mM),257.0,198.57847049617322,2.4099331233312946,2.2979321613217274,-0.11200096200956722,0.11200096200956722,0.7726788735259659
known_activity_only_random_5fold,A3_physics_plus_activity_and_arrhenius,3,R016,15,,catalase,Kcat (s⁻¹),93800.0,67716.03513053549,4.972202838379064,4.830691521626216,-0.14151131675284834,0.14151131675284834,0.7219193510718068
known_activity_only_random_5fold,A3_physics_plus_activity_and_arrhenius,3,R016,15,,catalase,Vmax (nM s⁻¹),684.0,496.0205481333531,2.835056101720116,2.6954996679339165,-0.13955643378619964,0.13955643378619964,0.7251762399610425
known_activity_only_random_5fold,A3_physics_plus_activity_and_arrhenius,3,R021,20,,peroxidase,Km (mM),0.682,0.6025164250851175,-0.16621562534352105,-0.22003110937284448,-0.05381548402932343,0.05381548402932343,0.8834551687465065
known_activity_only_random_5fold,A3_physics_plus_activity_and_arrhenius,3,R021,20,,peroxidase,Kcat (s⁻¹),0.174,30.807395017497615,-0.7594507517174003,1.4886549772083448,2.2481057289257453,2.2481057289257453,177.05399435343458
known_activity_only_random_5fold,A3_physics_plus_activity_and_arrhenius,3,R021,20,,peroxidase,Vmax (nM s⁻¹),177.0,216.62585137854873,2.247973266361807,2.3357102825807345,0.08773701621892771,0.08773701621892771,1.223874866545473
known_activity_only_random_5fold,A3_physics_plus_activity_and_arrhenius,3,R023,22,,catalase,Km (mM),3.88,25.72097150104148,0.5888317255942073,1.4102873682013797,0.8214556426071724,0.8214556426071724,6.629116366247804
known_activity_only_random_5fold,A3_physics_plus_activity_and_arrhenius,3,R023,22,,catalase,Kcat (s⁻¹),2350.0,408.52351122088146,3.3710678622717363,2.6112170559716454,-0.7598508063000908,0.7598508063000908,0.17383979200888572
known_activity_only_random_5fold,A3_physics_plus_activity_and_arrhenius,3,R023,22,,catalase,Vmax (nM s⁻¹),565.0,236.6684803077247,2.7520484478194387,2.374140422103437,-0.3779080257160019,0.3779080257160019,0.4188822660313712
known_activity_only_random_5fold,A3_physics_plus_activity_and_arrhenius,3,R030,29,,catalase,Km (mM),3.88,25.72097150104148,0.5888317255942073,1.4102873682013797,0.8214556426071724,0.8214556426071724,6.629116366247804
known_activity_only_random_5fold,A3_physics_plus_activity_and_arrhenius,3,R030,29,,catalase,Kcat (s⁻¹),2350.0,408.52351122088146,3.3710678622717363,2.6112170559716454,-0.7598508063000908,0.7598508063000908,0.17383979200888572
known_activity_only_random_5fold,A3_physics_plus_activity_and_arrhenius,3,R030,29,,catalase,Vmax (nM s⁻¹),565.0,236.6684803077247,2.7520484478194387,2.374140422103437,-0.3779080257160019,0.3779080257160019,0.4188822660313712
known_activity_only_random_5fold,A3_physics_plus_activity_and_arrhenius,3,R044,43,,catalase,Km (mM),4.766,9.31582666722841,0.6781540380104373,0.9692213993381105,0.2910673613276732,0.2910673613276732,1.9546426074755372
known_activity_only_random_5fold,A3_physics_plus_activity_and_arrhenius,3,R044,43,,catalase,Kcat (s⁻¹),47.6476,9.001903439205966,1.6780410301998117,0.9543343500771398,-0.7237066801226718,0.7237066801226718,0.18892669177893465
known_activity_only_random_5fold,A3_physics_plus_activity_and_arrhenius,3,R044,43,,catalase,Vmax (nM s⁻¹),297.9,186.8330391223145,2.4740705032150436,2.27145367831665,-0.2026168248983935,0.2026168248983935,0.6271669658352282
known_activity_only_random_5fold,A3_physics_plus_activity_and_arrhenius,3,R046,45,,peroxidase,Km (mM),0.217,0.41090998044964905,-0.6635402661514705,-0.3862533101823486,0.27728695596912195,0.27728695596912195,1.8935943799522998
known_activity_only_random_5fold,A3_physics_plus_activity_and_arrhenius,3,R046,45,,peroxidase,Kcat (s⁻¹),0.0005642,1.05904856314417,-3.2485669181806527,0.024915875331250475,3.2734827935119033,3.2734827935119033,1877.0800481109002
known_activity_only_random_5fold,A3_physics_plus_activity_and_arrhenius,3,R046,45,,peroxidase,Vmax (nM s⁻¹),82.0,90.24080475810257,1.9138138523837167,1.9554029596495153,0.041589107265798564,0.041589107265798564,1.1004976190012508
known_activity_only_random_5fold,A3_physics_plus_activity_and_arrhenius,3,R051,50,,catalase,Km (mM),3.7,22.857261286097867,0.568201724066995,1.359024192831411,0.7908224687644161,0.7908224687644161,6.177638185431856
known_activity_only_random_5fold,A3_physics_plus_activity_and_arrhenius,3,R051,50,,catalase,Kcat (s⁻¹),3480.0,3575.6574785285507,3.5415792439465807,3.553355909925452,0.011776665978871392,0.011776665978871392,1.0274877811863652
known_activity_only_random_5fold,A3_physics_plus_activity_and_arrhenius,3,R051,50,,catalase,Vmax (nM s⁻¹),87.1,2797.4664845810057,1.9400181550076632,3.4467648921087988,1.5067467371011356,1.5067467371011356,32.11787008703796
known_activity_only_random_5fold,A3_physics_plus_activity_and_arrhenius,3,R065,64,,catalase,Km (mM),0.38,17.135755241030353,-0.42021640338318983,1.2339032502764673,1.6541196536596572,1.6541196536596572,45.09409273955356
known_activity_only_random_5fold,A3_physics_plus_activity_and_arrhenius,3,R065,64,,catalase,Kcat (s⁻¹),1380.0,1.3465572551413343,3.1398790864012365,0.1292248241888931,-3.0106542622123436,3.0106542622123436,0.0009757661269140103
known_activity_only_random_5fold,A3_physics_plus_activity_and_arrhenius,3,R065,64,,catalase,Vmax (nM s⁻¹),241.0,735.4248494257301,2.3820170425748683,2.8665383002488416,0.48452125767397325,0.48452125767397325,3.0515553918080087
known_activity_only_random_5fold,A3_physics_plus_activity_and_arrhenius,3,R071,70,,peroxidase,Km (mM),1.27,0.4326639053756402,0.10380372095595687,-0.3638493339439463,-0.46765305489990316,0.46765305489990316,0.34068024045326
known_activity_only_random_5fold,A3_physics_plus_activity_and_arrhenius,3,R071,70,,peroxidase,Kcat (s⁻¹),5.8e-05,14.047454887975181,-4.236572006437063,1.1475976460750061,5.384169652512069,5.384169652512069,242197.49806853762
known_activity_only_random_5fold,A3_physics_plus_activity_and_arrhenius,3,R071,70,,peroxidase,Vmax (nM s⁻¹),12.0,236.94707314115982,1.0791812460476249,2.3746513485007323,1.2954701024531075,1.2954701024531075,19.745589428429984
known_activity_only_random_5fold,A3_physics_plus_activity_and_arrhenius,3,R074,73,,catalase,Km (mM),0.15,0.21757252332614374,-0.8239087409443188,-0.6623959514430535,0.16151278950126524,0.16151278950126524,1.4504834888409583
known_activity_only_random_5fold,A3_physics_plus_activity_and_arrhenius,3,R074,73,,catalase,Kcat (s⁻¹),316.6,114.035481971952,2.5005109105263372,2.0570400024508246,-0.4434709080755126,0.4434709080755126,0.3601878773592924
known_activity_only_random_5fold,A3_physics_plus_activity_and_arrhenius,3,R074,73,,catalase,Vmax (nM s⁻¹),13.6,22.69012342583284,1.1335389083702174,1.355836858291826,0.22229794992160867,0.22229794992160867,1.6683914283700618
known_activity_only_random_5fold,A3_physics_plus_activity_and_arrhenius,3,R080,79,,peroxidase,Km (mM),0.00101,0.2528702464073841,-2.9956786262173574,-0.5971022682486093,2.3985763579687482,2.3985763579687482,250.36658060137037
known_activity_only_random_5fold,A3_physics_plus_activity_and_arrhenius,3,R080,79,,peroxidase,Kcat (s⁻¹),1.97,6.817309440750942,0.2944662261615929,0.8336130072683093,0.5391467811067164,0.5391467811067164,3.4605631678938793
known_activity_only_random_5fold,A3_physics_plus_activity_and_arrhenius,3,R080,79,,peroxidase,Vmax (nM s⁻¹),360.0,346.5544909781357,2.5563025007672873,2.539771531214811,-0.01653096955247646,0.01653096955247646,0.9626513638281546
known_activity_only_random_5fold,A3_physics_plus_activity_and_arrhenius,3,R086,85,,peroxidase,Km (mM),3.28,0.4326639053756402,0.5158738437116791,-0.3638493339439463,-0.8797231776556254,0.8797231776556254,0.1319097272486708
known_activity_only_random_5fold,A3_physics_plus_activity_and_arrhenius,3,R086,85,,peroxidase,Kcat (s⁻¹),0.00013,14.047454887975181,-3.886056647693163,1.1475976460750061,5.033654293768169,5.033654293768169,108057.34529211679
known_activity_only_random_5fold,A3_physics_plus_activity_and_arrhenius,3,R086,85,,peroxidase,Vmax (nM s⁻¹),25.0,236.94707314115982,1.3979400086720377,2.3746513485007323,0.9767113398286946,0.9767113398286946,9.477882925646393
known_activity_only_random_5fold,A0_physics_no_arrhenius,4,R014,13,,catalase,Km (mM),154.0,0.44352308269902246,2.187520720836463,-0.35308377283801334,-2.5406044936744765,2.5406044936744765,0.00288002001752612
known_activity_only_random_5fold,A0_physics_no_arrhenius,4,R014,13,,catalase,Kcat (s⁻¹),85800.0,488.69539374554967,4.933487287848705,2.6890382455550434,-2.244449042293662,2.244449042293662,0.005695750509854891
known_activity_only_random_5fold,A0_physics_no_arrhenius,4,R014,13,,catalase,Vmax (nM s⁻¹),97.8,110.19851381485071,1.9903388547876015,2.042175737470741,0.051836882683139685,0.051836882683139685,1.1267741698859992
known_activity_only_random_5fold,A0_physics_no_arrhenius,4,R018,17,,peroxidase,Km (mM),0.52,0.33665380150464447,-0.28399665636520083,-0.4728164771022631,-0.18881982073706227,0.18881982073706227,0.6474111567397008
known_activity_only_random_5fold,A0_physics_no_arrhenius,4,R018,17,,peroxidase,Kcat (s⁻¹),820000.0,72.46405101838056,5.913813852383717,1.8601226091044119,-4.053691243279305,4.053691243279305,8.837079392485433e-05
known_activity_only_random_5fold,A0_physics_no_arrhenius,4,R018,17,,peroxidase,Vmax (nM s⁻¹),22000.0,242.62564316690091,4.342422680822207,2.384936699652332,-1.9574859811698748,1.9574859811698748,0.011028438325768223
known_activity_only_random_5fold,A0_physics_no_arrhenius,4,R029,28,,peroxidase,Km (mM),5.55,3.477182631524748,0.7442929831226762,0.5412275016641143,-0.20306548145856196,0.20306548145856196,0.6265193930675222
known_activity_only_random_5fold,A0_physics_no_arrhenius,4,R029,28,,peroxidase,Kcat (s⁻¹),1062.0,16.717554819077304,3.0261245167454502,1.2231727559834222,-1.802951760762028,1.802951760762028,0.01574157704244567
known_activity_only_random_5fold,A0_physics_no_arrhenius,4,R029,28,,peroxidase,Vmax (nM s⁻¹),1062.0,1275.8663906370084,3.0261245167454502,3.1058051972321516,0.0796806804867014,0.0796806804867014,1.2013807821440756
known_activity_only_random_5fold,A0_physics_no_arrhenius,4,R031,30,,peroxidase,Km (mM),0.0223,2.1229394171131633,-1.6516951369518393,0.32693760076568473,1.9786327377175241,1.9786327377175241,95.19907700059028
known_activity_only_random_5fold,A0_physics_no_arrhenius,4,R031,30,,peroxidase,Kcat (s⁻¹),23900.0,29299.01687853411,4.378397900948138,4.466853047951688,0.0884551470035504,0.0884551470035504,1.2259002878047744
known_activity_only_random_5fold,A0_physics_no_arrhenius,4,R031,30,,peroxidase,Vmax (nM s⁻¹),174.0,220.82567997028045,2.2405492482826,2.3440495763981364,0.10350032811553644,0.10350032811553644,1.2691131032774738
known_activity_only_random_5fold,A0_physics_no_arrhenius,4,R032,31,,catalase,Km (mM),16.11,2.6955592239816215,1.207095540419218,0.4306488781293588,-0.7764466622898593,0.7764466622898593,0.16732211197899574
known_activity_only_random_5fold,A0_physics_no_arrhenius,4,R032,31,,catalase,Kcat (s⁻¹),0.00046,0.08940206937250632,-3.337242168318426,-1.0486524285568877,2.2885897397615382,2.2885897397615382,194.35232472283982
known_activity_only_random_5fold,A0_physics_no_arrhenius,4,R032,31,,catalase,Vmax (nM s⁻¹),91.0,85.43431825833119,1.9590413923210936,1.931632358234297,-0.027409034086796735,0.027409034086796735,0.9388386621794637
known_activity_only_random_5fold,A0_physics_no_arrhenius,4,R038,37,,catalase,Km (mM),412.0,2.1229394171131633,2.6148972160331345,0.32693760076568473,-2.2879596152674497,2.2879596152674497,0.0051527655755173865
known_activity_only_random_5fold,A0_physics_no_arrhenius,4,R038,37,,catalase,Kcat (s⁻¹),134000.0,29299.01687853411,5.127104798364807,4.466853047951688,-0.6602517504131189,0.6602517504131189,0.21864937969055304
known_activity_only_random_5fold,A0_physics_no_arrhenius,4,R038,37,,catalase,Vmax (nM s⁻¹),1005.0,220.82567997028045,3.002166061756508,2.3440495763981364,-0.6581164853583714,0.6581164853583714,0.2197270447465477
known_activity_only_random_5fold,A0_physics_no_arrhenius,4,R050,49,,catalase,Km (mM),154.0,0.44352308269902246,2.187520720836463,-0.35308377283801334,-2.5406044936744765,2.5406044936744765,0.00288002001752612
known_activity_only_random_5fold,A0_physics_no_arrhenius,4,R050,49,,catalase,Kcat (s⁻¹),85800.0,488.69539374554967,4.933487287848705,2.6890382455550434,-2.244449042293662,2.244449042293662,0.005695750509854891
known_activity_only_random_5fold,A0_physics_no_arrhenius,4,R050,49,,catalase,Vmax (nM s⁻¹),97.8,110.19851381485071,1.9903388547876015,2.042175737470741,0.051836882683139685,0.051836882683139685,1.1267741698859992
known_activity_only_random_5fold,A0_physics_no_arrhenius,4,R052,51,,catalase,Km (mM),1100.0,0.33665380150464447,3.041392685158225,-0.4728164771022631,-3.514209162260488,3.514209162260488,0.0003060489104587677
known_activity_only_random_5fold,A0_physics_no_arrhenius,4,R052,51,,catalase,Kcat (s⁻¹),1200000.0,72.46405101838056,6.079181246047625,1.8601226091044119,-4.219058636943213,4.219058636943213,6.0386709181983796e-05
known_activity_only_random_5fold,A0_physics_no_arrhenius,4,R052,51,,catalase,Vmax (nM s⁻¹),31000.0,242.62564316690091,4.491361693834273,2.384936699652332,-2.1064249941819413,2.1064249941819413,0.00782663365054519
known_activity_only_random_5fold,A0_physics_no_arrhenius,4,R055,54,,catalase,Km (mM),20.0,3.477182631524748,1.3010299956639813,0.5412275016641143,-0.759802493999867,0.759802493999867,0.1738591315762374
known_activity_only_random_5fold,A0_physics_no_arrhenius,4,R055,54,,catalase,Kcat (s⁻¹),1400000.0,16.717554819077304,6.146128035678238,1.2231727559834222,-4.922955279694816,4.922955279694816,1.1941110585055217e-05
known_activity_only_random_5fold,A0_physics_no_arrhenius,4,R055,54,,catalase,Vmax (nM s⁻¹),11300000000.0,1275.8663906370084,10.05307844348342,3.1058051972321516,-6.947273246251268,6.947273246251268,1.12908530144868e-07
known_activity_only_random_5fold,A0_physics_no_arrhenius,4,R057,56,,peroxidase,Km (mM),840.0,1.9213874480668267,2.9242792860618816,0.2836149492400477,-2.6406643368218337,2.6406643368218337,0.0022873660096033653
known_activity_only_random_5fold,A0_physics_no_arrhenius,4,R057,56,,peroxidase,Kcat (s⁻¹),3.9,0.2299155569780353,0.5910646070264992,-0.6384316416879562,-1.2294962487144554,1.2294962487144554,0.058952706917444954
known_activity_only_random_5fold,A0_physics_no_arrhenius,4,R057,56,,peroxidase,Vmax (nM s⁻¹),183.0,32.08331355255917,2.2624510897304293,1.5062792156993055,-0.7561718740311238,0.7561718740311238,0.17531865329267304
known_activity_only_random_5fold,A0_physics_no_arrhenius,4,R066,65,,catalase,Km (mM),153.6,1.102566865874925,2.186391215695493,0.04240493700602654,-2.1439862786894666,2.1439862786894666,0.0071781696997065434
known_activity_only_random_5fold,A0_physics_no_arrhenius,4,R066,65,,catalase,Kcat (s⁻¹),0.000840192,2.728998364774546,-3.075621457971076,0.4360032754391878,3.511624733410264,3.511624733410264,3248.065162218333
known_activity_only_random_5fold,A0_physics_no_arrhenius,4,R066,65,,catalase,Vmax (nM s⁻¹),122.0,89.23069466017743,2.0863598306747484,1.9505142739779,-0.1358455566968484,0.1358455566968484,0.7313991365588314
known_activity_only_random_5fold,A0_physics_no_arrhenius,4,R067,66,,catalase,Km (mM),3.7,2.317755503060937,0.568201724066995,0.3650676208976948,-0.2031341031693002,0.2031341031693002,0.6264204062326856
known_activity_only_random_5fold,A0_physics_no_arrhenius,4,R067,66,,catalase,Kcat (s⁻¹),3480.0,1581.4868690735645,3.5415792439465807,3.199065590363302,-0.3425136535832789,0.3425136535832789,0.4544502497337829
known_activity_only_random_5fold,A0_physics_no_arrhenius,4,R067,66,,catalase,Vmax (nM s⁻¹),87.1,154.86256517443047,1.9400181550076632,2.189946448727549,0.24992829371988567,0.24992829371988567,1.7779858228981686
known_activity_only_random_5fold,A0_physics_no_arrhenius,4,R079,78,,catalase,Km (mM),396.0,0.33665380150464447,2.597695185925512,-0.4728164771022631,-3.070511663027775,3.070511663027775,0.0008501358623854658
known_activity_only_random_5fold,A0_physics_no_arrhenius,4,R079,78,,catalase,Kcat (s⁻¹),320000.0,72.46405101838056,5.505149978319906,1.8601226091044119,-3.6450273692154944,3.6450273692154944,0.00022645015943243926
known_activity_only_random_5fold,A0_physics_no_arrhenius,4,R079,78,,catalase,Vmax (nM s⁻¹),8500.0,242.62564316690091,3.929418925714293,2.384936699652332,-1.544482226061961,1.544482226061961,0.02854419331375305
known_activity_only_random_5fold,A0_physics_no_arrhenius,4,R082,81,,catalase,Km (mM),6.49,0.46068526377526064,0.8122446968003693,-0.3365956795715996,-1.1488403763719688,1.1488403763719688,0.07098386190681982
known_activity_only_random_5fold,A0_physics_no_arrhenius,4,R082,81,,catalase,Kcat (s⁻¹),4.75,6.766083253492395,0.6766936096248666,0.8303373372754765,0.15364372765060996,0.15364372765060996,1.4244385796826096
known_activity_only_random_5fold,A0_physics_no_arrhenius,4,R082,81,,catalase,Vmax (nM s⁻¹),325.0,729.4246313160537,2.5118833609788744,2.862980424544021,0.3510970635651467,0.3510970635651467,2.244383480972473
known_activity_only_random_5fold,A0_physics_no_arrhenius,4,R085,84,,peroxidase,Km (mM),0.236,0.7067182759666208,-0.6270879970298935,-0.15075367754218233,0.47633431948771116,0.47633431948771116,2.994568965960258
known_activity_only_random_5fold,A0_physics_no_arrhenius,4,R085,84,,peroxidase,Kcat (s⁻¹),2950.0,2.2052574243558385,3.469822015978163,0.3434592928749627,-3.1263627231032003,3.1263627231032003,0.0007475448896121486
known_activity_only_random_5fold,A0_physics_no_arrhenius,4,R085,84,,peroxidase,Vmax (nM s⁻¹),87.8,128.2510193588222,1.9434945159061026,2.1080608256368927,0.16456630973079012,0.16456630973079012,1.4607177603510502
known_activity_only_random_5fold,A1_physics_plus_activity_category,4,R014,13,,catalase,Km (mM),154.0,38.58801215223485,2.187520720836463,1.5864524066213714,-0.6010683142150917,0.6010683142150917,0.2505715074820445
known_activity_only_random_5fold,A1_physics_plus_activity_category,4,R014,13,,catalase,Kcat (s⁻¹),85800.0,1063.9028535809098,4.933487287848705,3.0269019737485885,-1.9065853141001168,1.9065853141001168,0.012399800158285661
known_activity_only_random_5fold,A1_physics_plus_activity_category,4,R014,13,,catalase,Vmax (nM s⁻¹),97.8,253.24485500420144,1.9903388547876015,2.403540630869505,0.41320177608190356,0.41320177608190356,2.589415695339483
known_activity_only_random_5fold,A1_physics_plus_activity_category,4,R018,17,,peroxidase,Km (mM),0.52,0.22875741063645105,-0.28399665636520083,-0.6406248279876902,-0.35662817162248933,0.35662817162248933,0.4399180973777905
known_activity_only_random_5fold,A1_physics_plus_activity_category,4,R018,17,,peroxidase,Kcat (s⁻¹),820000.0,4.375947548704303,5.913813852383717,0.6410721077849701,-5.272741744598747,5.272741744598747,5.336521400858907e-06
known_activity_only_random_5fold,A1_physics_plus_activity_category,4,R018,17,,peroxidase,Vmax (nM s⁻¹),22000.0,211.83533685325617,4.342422680822207,2.325998407708675,-2.0164242731135316,2.0164242731135316,0.00962887894787528
known_activity_only_random_5fold,A1_physics_plus_activity_category,4,R029,28,,peroxidase,Km (mM),5.55,0.5568276776677163,0.7442929831226762,-0.2542791858263434,-0.9985721689490197,0.9985721689490197,0.10032931129148043
known_activity_only_random_5fold,A1_physics_plus_activity_category,4,R029,28,,peroxidase,Kcat (s⁻¹),1062.0,7.415444024639557,3.0261245167454502,0.8701371609850722,-2.155987355760378,2.155987355760378,0.006982527330169074
known_activity_only_random_5fold,A1_physics_plus_activity_category,4,R029,28,,peroxidase,Vmax (nM s⁻¹),1062.0,489.23492357321663,3.0261245167454502,2.689517451172462,-0.33660706557298825,0.33660706557298825,0.4606731860388104
known_activity_only_random_5fold,A1_physics_plus_activity_category,4,R031,30,,peroxidase,Km (mM),0.0223,0.02878246346705076,-1.6516951369518393,-1.5408720379059966,0.11082309904584275,0.11082309904584275,1.290693429015729
known_activity_only_random_5fold,A1_physics_plus_activity_category,4,R031,30,,peroxidase,Kcat (s⁻¹),23900.0,12535.997355773723,4.378397900948138,4.098158891854519,-0.2802390090936191,0.2802390090936191,0.5245187178148001
known_activity_only_random_5fold,A1_physics_plus_activity_category,4,R031,30,,peroxidase,Vmax (nM s⁻¹),174.0,156.44934754252407,2.2405492482826,2.194373756301181,-0.046175491981419015,0.046175491981419015,0.8991341812788739
known_activity_only_random_5fold,A1_physics_plus_activity_category,4,R032,31,,catalase,Km (mM),16.11,8.055423952527288,1.207095540419218,0.9060884020361843,-0.3010071383830337,0.3010071383830337,0.5000263161097014
known_activity_only_random_5fold,A1_physics_plus_activity_category,4,R032,31,,catalase,Kcat (s⁻¹),0.00046,9.020481390157046,-3.337242168318426,0.9552297148712353,4.292471883189662,4.292471883189662,19609.74215251532
known_activity_only_random_5fold,A1_physics_plus_activity_category,4,R032,31,,catalase,Vmax (nM s⁻¹),91.0,183.6997778835363,1.9590413923210936,2.2641086311886998,0.3050672388676061,0.3050672388676061,2.0186788778410585
known_activity_only_random_5fold,A1_physics_plus_activity_category,4,R038,37,,catalase,Km (mM),412.0,155.23348461235443,2.6148972160331345,2.1909854064444114,-0.4239118095887231,0.4239118095887231,0.3767803024571709
known_activity_only_random_5fold,A1_physics_plus_activity_category,4,R038,37,,catalase,Kcat (s⁻¹),134000.0,55905.02971707886,5.127104798364807,4.747450882664721,-0.37965391570008666,0.37965391570008666,0.41720171430655867
known_activity_only_random_5fold,A1_physics_plus_activity_category,4,R038,37,,catalase,Vmax (nM s⁻¹),1005.0,497.94061563583165,3.002166061756508,2.6971775519173815,-0.3049885098391263,0.3049885098391263,0.495463299140131
known_activity_only_random_5fold,A1_physics_plus_activity_category,4,R050,49,,catalase,Km (mM),154.0,38.58801215223485,2.187520720836463,1.5864524066213714,-0.6010683142150917,0.6010683142150917,0.2505715074820445
known_activity_only_random_5fold,A1_physics_plus_activity_category,4,R050,49,,catalase,Kcat (s⁻¹),85800.0,1063.9028535809098,4.933487287848705,3.0269019737485885,-1.9065853141001168,1.9065853141001168,0.012399800158285661
known_activity_only_random_5fold,A1_physics_plus_activity_category,4,R050,49,,catalase,Vmax (nM s⁻¹),97.8,253.24485500420144,1.9903388547876015,2.403540630869505,0.41320177608190356,0.41320177608190356,2.589415695339483
known_activity_only_random_5fold,A1_physics_plus_activity_category,4,R052,51,,catalase,Km (mM),1100.0,2.180277868120696,3.041392685158225,0.3385118463116242,-2.7028808388466006,2.7028808388466006,0.0019820707892006326
known_activity_only_random_5fold,A1_physics_plus_activity_category,4,R052,51,,catalase,Kcat (s⁻¹),1200000.0,135.24427533748042,6.079181246047625,2.131118891213281,-3.9480623548343443,3.9480623548343443,0.00011270356278123368
known_activity_only_random_5fold,A1_physics_plus_activity_category,4,R052,51,,catalase,Vmax (nM s⁻¹),31000.0,219.6267626704166,4.491361693834273,2.341685260058108,-2.149676433776165,2.149676433776165,0.007084734279690859
known_activity_only_random_5fold,A1_physics_plus_activity_category,4,R055,54,,catalase,Km (mM),20.0,15.367631516072713,1.3010299956639813,1.1866069384976459,-0.11442305716633538,0.11442305716633538,0.7683815758036356
known_activity_only_random_5fold,A1_physics_plus_activity_category,4,R055,54,,catalase,Kcat (s⁻¹),1400000.0,35.3816154194146,6.146128035678238,1.5487776576218029,-4.5973503780564355,4.5973503780564355,2.5272582442439e-05
known_activity_only_random_5fold,A1_physics_plus_activity_category,4,R055,54,,catalase,Vmax (nM s⁻¹),11300000000.0,1816.457203047353,10.05307844348342,3.2592251700493637,-6.793853273434056,6.793853273434056,1.6074842504843833e-07
known_activity_only_random_5fold,A1_physics_plus_activity_category,4,R057,56,,peroxidase,Km (mM),840.0,0.33373249189202636,2.9242792860618816,-0.4766015087708234,-3.400880794832705,3.400880794832705,0.00039730058558574565
known_activity_only_random_5fold,A1_physics_plus_activity_category,4,R057,56,,peroxidase,Kcat (s⁻¹),3.9,0.08588980414133744,0.5910646070264992,-1.0660583876002614,-1.6571229946267607,1.6571229946267607,0.022023026702907036
known_activity_only_random_5fold,A1_physics_plus_activity_category,4,R057,56,,peroxidase,Vmax (nM s⁻¹),183.0,66.05276049668473,2.2624510897304293,1.8198909724944583,-0.442560117235971,0.442560117235971,0.3609440464299712
known_activity_only_random_5fold,A1_physics_plus_activity_category,4,R066,65,,catalase,Km (mM),153.6,8.843042787268741,2.186391215695493,0.9466017263641946,-1.2397894893312984,1.2397894893312984,0.05757189314628087
known_activity_only_random_5fold,A1_physics_plus_activity_category,4,R066,65,,catalase,Kcat (s⁻¹),0.000840192,248.17383033663464,-3.075621457971076,2.394755983691304,5.4703774416623805,5.4703774416623805,295377.5212530405
known_activity_only_random_5fold,A1_physics_plus_activity_category,4,R066,65,,catalase,Vmax (nM s⁻¹),122.0,95.74116127355094,2.0863598306747484,1.9810986908672221,-0.10526113980752627,0.10526113980752627,0.7847636169963192
known_activity_only_random_5fold,A1_physics_plus_activity_category,4,R067,66,,catalase,Km (mM),3.7,14.852307303096326,0.568201724066995,1.1717939264589363,0.6035922023919413,0.6035922023919413,4.0141371089449525
known_activity_only_random_5fold,A1_physics_plus_activity_category,4,R067,66,,catalase,Kcat (s⁻¹),3480.0,447.03073349306896,3.5415792439465807,2.6503373820304166,-0.8912418619161642,0.8912418619161642,0.12845710732559454
known_activity_only_random_5fold,A1_physics_plus_activity_category,4,R067,66,,catalase,Vmax (nM s⁻¹),87.1,363.7477039436452,1.9400181550076632,2.5608002606393185,0.6207821056316554,0.6207821056316554,4.176207852395468
known_activity_only_random_5fold,A1_physics_plus_activity_category,4,R079,78,,catalase,Km (mM),396.0,2.180277868120696,2.597695185925512,0.3385118463116242,-2.259183339613888,2.259183339613888,0.00550575219222398
known_activity_only_random_5fold,A1_physics_plus_activity_category,4,R079,78,,catalase,Kcat (s⁻¹),320000.0,135.24427533748042,5.505149978319906,2.131118891213281,-3.3740310871066255,3.3740310871066255,0.0004226383604296263
known_activity_only_random_5fold,A1_physics_plus_activity_category,4,R079,78,,catalase,Vmax (nM s⁻¹),8500.0,219.6267626704166,3.929418925714293,2.341685260058108,-1.587733665656185,1.587733665656185,0.025838442667107837
known_activity_only_random_5fold,A1_physics_plus_activity_category,4,R082,81,,catalase,Km (mM),6.49,45.115048510523835,0.8122446968003693,1.6543214286845385,0.8420767318841692,0.8420767318841692,6.951471265103827
known_activity_only_random_5fold,A1_physics_plus_activity_category,4,R082,81,,catalase,Kcat (s⁻¹),4.75,161.8107236347758,0.6766936096248666,2.2090073001012382,1.5323136904763717,1.5323136904763717,34.065415502058066
known_activity_only_random_5fold,A1_physics_plus_activity_category,4,R082,81,,catalase,Vmax (nM s⁻¹),325.0,1161.0780243220584,2.5118833609788744,3.0648614052630756,0.5529780442842012,0.5529780442842012,3.572547767144795
known_activity_only_random_5fold,A1_physics_plus_activity_category,4,R085,84,,peroxidase,Km (mM),0.236,0.2991826949661367,-0.6270879970298935,-0.5240635301192853,0.10302446691060818,0.10302446691060818,1.2677232837548167
known_activity_only_random_5fold,A1_physics_plus_activity_category,4,R085,84,,peroxidase,Kcat (s⁻¹),2950.0,0.11398077989667743,3.469822015978163,-0.9431683757560758,-4.412990391734239,4.412990391734239,3.863755250734828e-05
known_activity_only_random_5fold,A1_physics_plus_activity_category,4,R085,84,,peroxidase,Vmax (nM s⁻¹),87.8,108.26841469833901,1.9434945159061026,2.0345017777433885,0.09100726183728591,0.09100726183728591,1.2331254521450914
known_activity_only_random_5fold,A2_physics_plus_arrhenius,4,R014,13,,catalase,Km (mM),154.0,9.601131089380099,2.187520720836463,0.982322399387488,-1.2051983214489752,1.2051983214489752,0.062345007073896744
known_activity_only_random_5fold,A2_physics_plus_arrhenius,4,R014,13,,catalase,Kcat (s⁻¹),85800.0,501.73270530362146,4.933487287848705,2.70047241131268,-2.2330148765360254,2.2330148765360254,0.0058477005280142364
known_activity_only_random_5fold,A2_physics_plus_arrhenius,4,R014,13,,catalase,Vmax (nM s⁻¹),97.8,174.6057611032935,1.9903388547876015,2.242058569118077,0.2517197143304757,0.2517197143304757,1.785334980606273
known_activity_only_random_5fold,A2_physics_plus_arrhenius,4,R018,17,,peroxidase,Km (mM),0.52,0.26021479169107653,-0.28399665636520083,-0.5846680199680256,-0.3006713636028248,0.3006713636028248,0.5004130609443779
known_activity_only_random_5fold,A2_physics_plus_arrhenius,4,R018,17,,peroxidase,Kcat (s⁻¹),820000.0,9.110586347524526,5.913813852383717,0.959546328597563,-4.954267523786154,4.954267523786154,1.1110471155517714e-05
known_activity_only_random_5fold,A2_physics_plus_arrhenius,4,R018,17,,peroxidase,Vmax (nM s⁻¹),22000.0,241.6749673472457,4.342422680822207,2.3832316685873134,-1.9591910122348932,1.9591910122348932,0.010985225788511169
known_activity_only_random_5fold,A2_physics_plus_arrhenius,4,R029,28,,peroxidase,Km (mM),5.55,0.9008563988776971,0.7442929831226762,-0.04534443226778639,-0.7896374153904626,0.7896374153904626,0.16231646826625173
known_activity_only_random_5fold,A2_physics_plus_arrhenius,4,R029,28,,peroxidase,Kcat (s⁻¹),1062.0,13.8613229779864,3.0261245167454502,1.1418046829900084,-1.8843198337554419,1.8843198337554419,0.013052093199610548
known_activity_only_random_5fold,A2_physics_plus_arrhenius,4,R029,28,,peroxidase,Vmax (nM s⁻¹),1062.0,683.4816856899058,3.0261245167454502,2.834726881873298,-0.19139763487215244,0.19139763487215244,0.6435797417042428
known_activity_only_random_5fold,A2_physics_plus_arrhenius,4,R031,30,,peroxidase,Km (mM),0.0223,0.025111219099204007,-1.6516951369518393,-1.6001322026512685,0.051562934300570795,0.051562934300570795,1.1260636367356056
known_activity_only_random_5fold,A2_physics_plus_arrhenius,4,R031,30,,peroxidase,Kcat (s⁻¹),23900.0,18963.52338174475,4.378397900948138,4.277919031477154,-0.10047886947098394,0.10047886947098394,0.7934528611608682
known_activity_only_random_5fold,A2_physics_plus_arrhenius,4,R031,30,,peroxidase,Vmax (nM s⁻¹),174.0,156.56529570140538,2.2405492482826,2.1946955025771397,-0.04585374570546019,0.04585374570546019,0.8998005500080769
known_activity_only_random_5fold,A2_physics_plus_arrhenius,4,R032,31,,catalase,Km (mM),16.11,7.033074635292589,1.207095540419218,0.8471452261897091,-0.35995031422950896,0.35995031422950896,0.43656577500264365
known_activity_only_random_5fold,A2_physics_plus_arrhenius,4,R032,31,,catalase,Kcat (s⁻¹),0.00046,1.884356306146657,-3.337242168318426,0.27516302540094295,3.6124051937193693,3.6124051937193693,4096.426752492733
known_activity_only_random_5fold,A2_physics_plus_arrhenius,4,R032,31,,catalase,Vmax (nM s⁻¹),91.0,146.0238481619012,1.9590413923210936,2.1644237892044673,0.20538239688337367,0.20538239688337367,1.6046576721088046
known_activity_only_random_5fold,A2_physics_plus_arrhenius,4,R038,37,,catalase,Km (mM),412.0,192.9802938330256,2.6148972160331345,2.285512963326294,-0.32938425270684046,0.32938425270684046,0.4683987714393825
known_activity_only_random_5fold,A2_physics_plus_arrhenius,4,R038,37,,catalase,Kcat (s⁻¹),134000.0,63491.698446862414,5.127104798364807,4.802716944907618,-0.3243878534571891,0.3243878534571891,0.47381864512583893
known_activity_only_random_5fold,A2_physics_plus_arrhenius,4,R038,37,,catalase,Vmax (nM s⁻¹),1005.0,485.07075448898405,3.002166061756508,2.6858050912681346,-0.3163609704883732,0.3163609704883732,0.48265746715321795
known_activity_only_random_5fold,A2_physics_plus_arrhenius,4,R050,49,,catalase,Km (mM),154.0,9.601131089380099,2.187520720836463,0.982322399387488,-1.2051983214489752,1.2051983214489752,0.062345007073896744
known_activity_only_random_5fold,A2_physics_plus_arrhenius,4,R050,49,,catalase,Kcat (s⁻¹),85800.0,501.73270530362146,4.933487287848705,2.70047241131268,-2.2330148765360254,2.2330148765360254,0.0058477005280142364
known_activity_only_random_5fold,A2_physics_plus_arrhenius,4,R050,49,,catalase,Vmax (nM s⁻¹),97.8,174.6057611032935,1.9903388547876015,2.242058569118077,0.2517197143304757,0.2517197143304757,1.785334980606273
known_activity_only_random_5fold,A2_physics_plus_arrhenius,4,R052,51,,catalase,Km (mM),1100.0,0.9624915929793457,3.041392685158225,-0.016603055210240913,-3.0579957403684657,3.0579957403684657,0.0008749923572539507
known_activity_only_random_5fold,A2_physics_plus_arrhenius,4,R052,51,,catalase,Kcat (s⁻¹),1200000.0,106.29939365844423,6.079181246047625,2.02653078727454,-4.052650458773085,4.052650458773085,8.858282804870353e-05
known_activity_only_random_5fold,A2_physics_plus_arrhenius,4,R052,51,,catalase,Vmax (nM s⁻¹),31000.0,227.07713718658303,4.491361693834273,2.356173410338002,-2.135188283496271,2.135188283496271,0.0073250689415026785
known_activity_only_random_5fold,A2_physics_plus_arrhenius,4,R055,54,,catalase,Km (mM),20.0,11.591389993816149,1.3010299956639813,1.0641355179694738,-0.23689447769450744,0.23689447769450744,0.5795694996908074
known_activity_only_random_5fold,A2_physics_plus_arrhenius,4,R055,54,,catalase,Kcat (s⁻¹),1400000.0,31.32782262059873,6.146128035678238,1.4959302111370485,-4.6501978245411895,4.6501978245411895,2.2377016157570524e-05
known_activity_only_random_5fold,A2_physics_plus_arrhenius,4,R055,54,,catalase,Vmax (nM s⁻¹),11300000000.0,1438.8195339681106,10.05307844348342,3.1580063253356396,-6.89507211814778,6.89507211814778,1.273291622980629e-07
known_activity_only_random_5fold,A2_physics_plus_arrhenius,4,R057,56,,peroxidase,Km (mM),840.0,0.576641312604665,2.9242792860618816,-0.23909424645437413,-3.1633735325162555,3.1633735325162555,0.0006864777531007917
known_activity_only_random_5fold,A2_physics_plus_arrhenius,4,R057,56,,peroxidase,Kcat (s⁻¹),3.9,0.055304037492117625,0.5910646070264992,-1.2572431617054314,-1.8483077687319307,1.8483077687319307,0.014180522433876314
known_activity_only_random_5fold,A2_physics_plus_arrhenius,4,R057,56,,peroxidase,Vmax (nM s⁻¹),183.0,47.73237543101403,2.2624510897304293,1.6788130478359924,-0.5836380418944369,0.5836380418944369,0.260832652628492
known_activity_only_random_5fold,A2_physics_plus_arrhenius,4,R066,65,,catalase,Km (mM),153.6,4.88821169015565,2.186391215695493,0.6891500053105503,-1.4972412103849426,1.4972412103849426,0.03182429485778418
known_activity_only_random_5fold,A2_physics_plus_arrhenius,4,R066,65,,catalase,Kcat (s⁻¹),0.000840192,53.46241516163467,-3.075621457971076,1.728048574092772,4.803670032063848,4.803670032063848,63631.188063721944
known_activity_only_random_5fold,A2_physics_plus_arrhenius,4,R066,65,,catalase,Vmax (nM s⁻¹),122.0,103.78937072492131,2.0863598306747484,2.016152878831474,-0.07020695184327419,0.07020695184327419,0.8507325469255845
known_activity_only_random_5fold,A2_physics_plus_arrhenius,4,R067,66,,catalase,Km (mM),3.7,9.218989368448863,0.568201724066995,0.9646833141379177,0.39648159007092276,0.39648159007092276,2.4916187482294223
known_activity_only_random_5fold,A2_physics_plus_arrhenius,4,R067,66,,catalase,Kcat (s⁻¹),3480.0,672.8411485971299,3.5415792439465807,2.827912543524411,-0.71366670042217,0.71366670042217,0.1933451576428534
known_activity_only_random_5fold,A2_physics_plus_arrhenius,4,R067,66,,catalase,Vmax (nM s⁻¹),87.1,253.0501675860729,1.9400181550076632,2.4032066292625998,0.4631884742549366,0.4631884742549366,2.905283209943432
known_activity_only_random_5fold,A2_physics_plus_arrhenius,4,R079,78,,catalase,Km (mM),396.0,0.9624915929793457,2.597695185925512,-0.016603055210240913,-2.614298241135753,2.614298241135753,0.0024305343257054186
known_activity_only_random_5fold,A2_physics_plus_arrhenius,4,R079,78,,catalase,Kcat (s⁻¹),320000.0,106.29939365844423,5.505149978319906,2.02653078727454,-3.4786191910453663,3.4786191910453663,0.00033218560518263825
known_activity_only_random_5fold,A2_physics_plus_arrhenius,4,R079,78,,catalase,Vmax (nM s⁻¹),8500.0,227.07713718658303,3.929418925714293,2.356173410338002,-1.573245515376291,1.573245515376291,0.026714957316068592
known_activity_only_random_5fold,A2_physics_plus_arrhenius,4,R082,81,,catalase,Km (mM),6.49,11.815033472376872,0.8122446968003693,1.0724349563406248,0.26019025954025554,0.26019025954025554,1.820498223786883
known_activity_only_random_5fold,A2_physics_plus_arrhenius,4,R082,81,,catalase,Kcat (s⁻¹),4.75,42.11266122321126,0.6766936096248666,1.6244126866360624,0.9477190770111958,0.9477190770111958,8.865823415412898
known_activity_only_random_5fold,A2_physics_plus_arrhenius,4,R082,81,,catalase,Vmax (nM s⁻¹),325.0,897.312232575381,2.5118833609788744,2.9529435882945845,0.44106022731571004,0.44106022731571004,2.760960715616557
known_activity_only_random_5fold,A2_physics_plus_arrhenius,4,R085,84,,peroxidase,Km (mM),0.236,0.3663468383807691,-0.6270879970298935,-0.436107552124732,0.19098044490516147,0.19098044490516147,1.55231711178292
known_activity_only_random_5fold,A2_physics_plus_arrhenius,4,R085,84,,peroxidase,Kcat (s⁻¹),2950.0,0.15528902430421293,3.469822015978163,-0.8088592387502823,-4.278681254728445,4.278681254728445,5.26403472217671e-05
known_activity_only_random_5fold,A2_physics_plus_arrhenius,4,R085,84,,peroxidase,Vmax (nM s⁻¹),87.8,111.93255561426488,1.9434945159061026,2.048956419569503,0.10546190366340058,0.10546190366340058,1.2748582643993722
known_activity_only_random_5fold,A3_physics_plus_activity_and_arrhenius,4,R014,13,,catalase,Km (mM),154.0,49.80683826510086,2.187520720836463,1.6972889736215235,-0.49023174721493956,0.49023174721493956,0.3234210276954601
known_activity_only_random_5fold,A3_physics_plus_activity_and_arrhenius,4,R014,13,,catalase,Kcat (s⁻¹),85800.0,1210.4969657190884,4.933487287848705,3.08296370515891,-1.8505235826897954,1.8505235826897954,0.01410835624381222
known_activity_only_random_5fold,A3_physics_plus_activity_and_arrhenius,4,R014,13,,catalase,Vmax (nM s⁻¹),97.8,297.39553005914985,1.9903388547876015,2.473334436663291,0.48299558187568925,0.48299558187568925,3.040854090584354
known_activity_only_random_5fold,A3_physics_plus_activity_and_arrhenius,4,R018,17,,peroxidase,Km (mM),0.52,0.23248268448919027,-0.28399665636520083,-0.6336093881969874,-0.3496127318317866,0.3496127318317866,0.4470820855561351
known_activity_only_random_5fold,A3_physics_plus_activity_and_arrhenius,4,R018,17,,peroxidase,Kcat (s⁻¹),820000.0,1.7849400904788988,5.913813852383717,0.25162364408347154,-5.662190208300245,5.662190208300245,2.1767562079010962e-06
known_activity_only_random_5fold,A3_physics_plus_activity_and_arrhenius,4,R018,17,,peroxidase,Vmax (nM s⁻¹),22000.0,220.28015580038962,4.342422680822207,2.3429753749784186,-1.999447305843788,1.999447305843788,0.010012734354563164
known_activity_only_random_5fold,A3_physics_plus_activity_and_arrhenius,4,R029,28,,peroxidase,Km (mM),5.55,0.553605869479582,0.7442929831226762,-0.2567993140189991,-1.0010922971416754,1.0010922971416754,0.09974880531163641
known_activity_only_random_5fold,A3_physics_plus_activity_and_arrhenius,4,R029,28,,peroxidase,Kcat (s⁻¹),1062.0,5.02867460749149,3.0261245167454502,0.7014535344590854,-2.324670982286365,2.324670982286365,0.004735098500462796
known_activity_only_random_5fold,A3_physics_plus_activity_and_arrhenius,4,R029,28,,peroxidase,Vmax (nM s⁻¹),1062.0,412.0020182583104,3.0261245167454502,2.614899343499883,-0.4112251732455672,0.4112251732455672,0.3879491697347555
known_activity_only_random_5fold,A3_physics_plus_activity_and_arrhenius,4,R031,30,,peroxidase,Km (mM),0.0223,0.030355683792255908,-1.6516951369518393,-1.5177599797615893,0.13393515719025006,0.13393515719025006,1.3612414256616998
known_activity_only_random_5fold,A3_physics_plus_activity_and_arrhenius,4,R031,30,,peroxidase,Kcat (s⁻¹),23900.0,13829.118734695854,4.378397900948138,4.1407945054272295,-0.23760339552090848,0.23760339552090848,0.5786242148408307
known_activity_only_random_5fold,A3_physics_plus_activity_and_arrhenius,4,R031,30,,peroxidase,Vmax (nM s⁻¹),174.0,150.7130239453276,2.2405492482826,2.1781507837226504,-0.062398464559949574,0.062398464559949574,0.8661668042834919
known_activity_only_random_5fold,A3_physics_plus_activity_and_arrhenius,4,R032,31,,catalase,Km (mM),16.11,7.436338733981123,1.207095540419218,0.8713591641752053,-0.33573637624401276,0.33573637624401276,0.4615976867772268
known_activity_only_random_5fold,A3_physics_plus_activity_and_arrhenius,4,R032,31,,catalase,Kcat (s⁻¹),0.00046,21.381578452252608,-3.337242168318426,1.330039762977498,4.667281931295924,4.667281931295924,46481.69228750567
known_activity_only_random_5fold,A3_physics_plus_activity_and_arrhenius,4,R032,31,,catalase,Vmax (nM s⁻¹),91.0,225.4315384648374,1.9590413923210936,2.3530146749003276,0.3939732825792339,0.3939732825792339,2.4772696534597514
known_activity_only_random_5fold,A3_physics_plus_activity_and_arrhenius,4,R038,37,,catalase,Km (mM),412.0,146.05003427790027,2.6148972160331345,2.1645016632383682,-0.4503955527947663,0.4503955527947663,0.35449037446092296
known_activity_only_random_5fold,A3_physics_plus_activity_and_arrhenius,4,R038,37,,catalase,Kcat (s⁻¹),134000.0,48181.297661850345,5.127104798364807,4.682878492627697,-0.44422630573710986,0.44422630573710986,0.35956192284962946
known_activity_only_random_5fold,A3_physics_plus_activity_and_arrhenius,4,R038,37,,catalase,Vmax (nM s⁻¹),1005.0,491.7084406179556,3.002166061756508,2.6917076634098263,-0.31045839834668154,0.31045839834668154,0.489262129968115
known_activity_only_random_5fold,A3_physics_plus_activity_and_arrhenius,4,R050,49,,catalase,Km (mM),154.0,49.80683826510086,2.187520720836463,1.6972889736215235,-0.49023174721493956,0.49023174721493956,0.3234210276954601
known_activity_only_random_5fold,A3_physics_plus_activity_and_arrhenius,4,R050,49,,catalase,Kcat (s⁻¹),85800.0,1210.4969657190884,4.933487287848705,3.08296370515891,-1.8505235826897954,1.8505235826897954,0.01410835624381222
known_activity_only_random_5fold,A3_physics_plus_activity_and_arrhenius,4,R050,49,,catalase,Vmax (nM s⁻¹),97.8,297.39553005914985,1.9903388547876015,2.473334436663291,0.48299558187568925,0.48299558187568925,3.040854090584354
known_activity_only_random_5fold,A3_physics_plus_activity_and_arrhenius,4,R052,51,,catalase,Km (mM),1100.0,3.2075548629618624,3.041392685158225,0.5061740934110588,-2.5352185917471664,2.5352185917471664,0.002915958966328966
known_activity_only_random_5fold,A3_physics_plus_activity_and_arrhenius,4,R052,51,,catalase,Kcat (s⁻¹),1200000.0,116.42563770552857,6.079181246047625,2.0660486253999903,-4.013132620647635,4.013132620647635,9.702136475460714e-05
known_activity_only_random_5fold,A3_physics_plus_activity_and_arrhenius,4,R052,51,,catalase,Vmax (nM s⁻¹),31000.0,206.68454828049133,4.491361693834273,2.3153080100218015,-2.1760536838124716,2.1760536838124716,0.006667243492919075
known_activity_only_random_5fold,A3_physics_plus_activity_and_arrhenius,4,R055,54,,catalase,Km (mM),20.0,15.309824882840578,1.3010299956639813,1.1849702231704378,-0.11605977249354349,0.11605977249354349,0.765491244142029
known_activity_only_random_5fold,A3_physics_plus_activity_and_arrhenius,4,R055,54,,catalase,Kcat (s⁻¹),1400000.0,49.59360543416187,6.146128035678238,1.6954256824641842,-4.450702353214054,4.450702353214054,3.542400388154419e-05
known_activity_only_random_5fold,A3_physics_plus_activity_and_arrhenius,4,R055,54,,catalase,Vmax (nM s⁻¹),11300000000.0,1392.0112166357615,10.05307844348342,3.1436427347741054,-6.909435708709315,6.909435708709315,1.2318683333059837e-07
known_activity_only_random_5fold,A3_physics_plus_activity_and_arrhenius,4,R057,56,,peroxidase,Km (mM),840.0,0.32177899672949367,2.9242792860618816,-0.49244230673223666,-3.416721592794118,3.416721592794118,0.0003830702342017782
known_activity_only_random_5fold,A3_physics_plus_activity_and_arrhenius,4,R057,56,,peroxidase,Kcat (s⁻¹),3.9,0.08916363195762711,0.5910646070264992,-1.04981224944449,-1.6408768564709892,1.6408768564709892,0.0228624697327249
known_activity_only_random_5fold,A3_physics_plus_activity_and_arrhenius,4,R057,56,,peroxidase,Vmax (nM s⁻¹),183.0,67.66559637082584,2.2624510897304293,1.8303679138252675,-0.43208317590516176,0.43208317590516176,0.36975735721762754
known_activity_only_random_5fold,A3_physics_plus_activity_and_arrhenius,4,R066,65,,catalase,Km (mM),153.6,8.617067082710458,2.186391215695493,0.9353594738829738,-1.2510317418125192,1.2510317418125192,0.05610069715306288
known_activity_only_random_5fold,A3_physics_plus_activity_and_arrhenius,4,R066,65,,catalase,Kcat (s⁻¹),0.000840192,241.67931384741354,-3.075621457971076,2.3832394792599896,5.458860937231066,5.458860937231066,287647.7208154964
known_activity_only_random_5fold,A3_physics_plus_activity_and_arrhenius,4,R066,65,,catalase,Vmax (nM s⁻¹),122.0,94.80482507610311,2.0863598306747484,1.9768304412473519,-0.10952938942739654,0.10952938942739654,0.7770887301319928
known_activity_only_random_5fold,A3_physics_plus_activity_and_arrhenius,4,R067,66,,catalase,Km (mM),3.7,14.622226570772511,0.568201724066995,1.165013508994843,0.596811784927848,0.596811784927848,3.9519531272358135
known_activity_only_random_5fold,A3_physics_plus_activity_and_arrhenius,4,R067,66,,catalase,Kcat (s⁻¹),3480.0,482.1095584306048,3.5415792439465807,2.683145742004716,-0.8584335019418647,0.8584335019418647,0.13853722943408184
known_activity_only_random_5fold,A3_physics_plus_activity_and_arrhenius,4,R067,66,,catalase,Vmax (nM s⁻¹),87.1,411.60608330135346,1.9400181550076632,2.614481784760673,0.6744636297530098,0.6744636297530098,4.72567259817857
known_activity_only_random_5fold,A3_physics_plus_activity_and_arrhenius,4,R079,78,,catalase,Km (mM),396.0,3.2075548629618624,2.597695185925512,0.5061740934110588,-2.091521092514453,2.091521092514453,0.00809988601758046
known_activity_only_random_5fold,A3_physics_plus_activity_and_arrhenius,4,R079,78,,catalase,Kcat (s⁻¹),320000.0,116.42563770552857,5.505149978319906,2.0660486253999903,-3.439101352919916,3.439101352919916,0.0003638301178297768
known_activity_only_random_5fold,A3_physics_plus_activity_and_arrhenius,4,R079,78,,catalase,Vmax (nM s⁻¹),8500.0,206.68454828049133,3.929418925714293,2.3153080100218015,-1.6141109156924913,1.6141109156924913,0.024315829209469567
known_activity_only_random_5fold,A3_physics_plus_activity_and_arrhenius,4,R082,81,,catalase,Km (mM),6.49,57.66359879481744,0.8122446968003693,1.7609017432890626,0.9486570464886933,0.9486570464886933,8.884992110141361
known_activity_only_random_5fold,A3_physics_plus_activity_and_arrhenius,4,R082,81,,catalase,Kcat (s⁻¹),4.75,309.6450280911222,0.6766936096248666,2.490864111021109,1.8141705013962424,1.8141705013962424,65.18842696655204
known_activity_only_random_5fold,A3_physics_plus_activity_and_arrhenius,4,R082,81,,catalase,Vmax (nM s⁻¹),325.0,829.026605457081,2.5118833609788744,2.9185684683280653,0.40668510734919083,0.40668510734919083,2.5508510937140954
known_activity_only_random_5fold,A3_physics_plus_activity_and_arrhenius,4,R085,84,,peroxidase,Km (mM),0.236,0.2744752167956727,-0.6270879970298935,-0.5614968632167675,0.06559113381312598,0.06559113381312598,1.163030579642681
known_activity_only_random_5fold,A3_physics_plus_activity_and_arrhenius,4,R085,84,,peroxidase,Kcat (s⁻¹),2950.0,0.10485263199650884,3.469822015978163,-0.9794206634607874,-4.44924267943895,4.44924267943895,3.5543265083562314e-05
known_activity_only_random_5fold,A3_physics_plus_activity_and_arrhenius,4,R085,84,,peroxidase,Vmax (nM s⁻¹),87.8,112.56881157041778,1.9434945159061026,2.051418081109607,0.10792356520350443,0.10792356520350443,1.2821049153806126
known_activity_only_random_5fold,A0_physics_no_arrhenius,5,R004,3,,catalase,Km (mM),11.63,1.4230837357627482,1.0655797147284485,0.15323045518602152,-0.912349259542427,0.912349259542427,0.12236317590393363
known_activity_only_random_5fold,A0_physics_no_arrhenius,5,R004,3,,catalase,Kcat (s⁻¹),1100.0,2536.8230697282424,3.041392685158225,3.4042901784869124,0.3628974933286875,0.3628974933286875,2.3062027906620384
known_activity_only_random_5fold,A0_physics_no_arrhenius,5,R004,3,,catalase,Vmax (nM s⁻¹),27.58,124.32038863045267,1.4405942618398309,2.094542359080691,0.6539480972408602,0.6539480972408602,4.50762830422236
known_activity_only_random_5fold,A0_physics_no_arrhenius,5,R005,4,,peroxidase,Km (mM),0.124,0.3475012937291797,-0.906578314837765,-0.4590435742151682,0.44753474062259674,0.44753474062259674,2.802429788138546
known_activity_only_random_5fold,A0_physics_no_arrhenius,5,R005,4,,peroxidase,Kcat (s⁻¹),0.0005,0.016436558372148812,-3.3010299956639813,-1.7841891135878227,1.5168408820761585,1.5168408820761585,32.873116744297626
known_activity_only_random_5fold,A0_physics_no_arrhenius,5,R005,4,,peroxidase,Vmax (nM s⁻¹),0.47,24.883651581070946,-0.3279021420642826,1.3959141117560832,1.7238162538203659,1.7238162538203659,52.943939534193504
known_activity_only_random_5fold,A0_physics_no_arrhenius,5,R017,16,,catalase,Km (mM),194.0,2.2023770655033257,2.287801729930226,0.34289167587473457,-1.9449100540554913,1.9449100540554913,0.011352459100532607
known_activity_only_random_5fold,A0_physics_no_arrhenius,5,R017,16,,catalase,Kcat (s⁻¹),83700.0,25654.17936041685,4.92272545799326,4.409158126769892,-0.513567331223368,0.513567331223368,0.30650154552469355
known_activity_only_random_5fold,A0_physics_no_arrhenius,5,R017,16,,catalase,Vmax (nM s⁻¹),646.0,255.65252174189487,2.8102325179950842,2.407650080939686,-0.4025824370553983,0.4025824370553983,0.3957469376809518
known_activity_only_random_5fold,A0_physics_no_arrhenius,5,R024,23,,peroxidase,Km (mM),0.0223,2.2023770655033257,-1.6516951369518393,0.34289167587473457,1.994586812826574,1.994586812826574,98.76130338579935
known_activity_only_random_5fold,A0_physics_no_arrhenius,5,R024,23,,peroxidase,Kcat (s⁻¹),23900.0,25654.17936041685,4.378397900948138,4.409158126769892,0.030760225821754084,0.030760225821754084,1.0733966259588639
known_activity_only_random_5fold,A0_physics_no_arrhenius,5,R024,23,,peroxidase,Vmax (nM s⁻¹),174.0,255.65252174189487,2.2405492482826,2.407650080939686,0.16710083265708597,0.16710083265708597,1.4692673663327291
known_activity_only_random_5fold,A0_physics_no_arrhenius,5,R025,24,,catalase,Km (mM),16.11,2.808143928015149,1.207095540419218,0.4484193632657731,-0.7586761771534449,0.7586761771534449,0.1743106100568063
known_activity_only_random_5fold,A0_physics_no_arrhenius,5,R025,24,,catalase,Kcat (s⁻¹),0.00046,0.09973516645528699,-3.337242168318426,-1.0011516831666154,2.3360904851518107,2.3360904851518107,216.81557925062387
known_activity_only_random_5fold,A0_physics_no_arrhenius,5,R025,24,,catalase,Vmax (nM s⁻¹),91.0,115.12552994336724,1.9590413923210936,2.0611716423445396,0.102130250023446,0.102130250023446,1.2651157136633762
known_activity_only_random_5fold,A0_physics_no_arrhenius,5,R028,27,,peroxidase,Km (mM),0.3,11.315369026539305,-0.5228787452803376,1.0536687221065935,1.576547467386931,1.576547467386931,37.717896755131015
known_activity_only_random_5fold,A0_physics_no_arrhenius,5,R028,27,,peroxidase,Kcat (s⁻¹),0.000183,3.002254283688323,-3.7375489102695707,0.47744747315901637,4.214996383428587,4.214996383428587,16405.761113050943
known_activity_only_random_5fold,A0_physics_no_arrhenius,5,R028,27,,peroxidase,Vmax (nM s⁻¹),84.3,88.66094362644614,1.9258275746247424,1.9477323492233845,0.02190477459864204,0.02190477459864204,1.0517312411203577
known_activity_only_random_5fold,A0_physics_no_arrhenius,5,R035,34,,peroxidase,Km (mM),0.3,11.315369026539305,-0.5228787452803376,1.0536687221065935,1.576547467386931,1.576547467386931,37.717896755131015
known_activity_only_random_5fold,A0_physics_no_arrhenius,5,R035,34,,peroxidase,Kcat (s⁻¹),0.000183,3.002254283688323,-3.7375489102695707,0.47744747315901637,4.214996383428587,4.214996383428587,16405.761113050943
known_activity_only_random_5fold,A0_physics_no_arrhenius,5,R035,34,,peroxidase,Vmax (nM s⁻¹),84.3,88.66094362644614,1.9258275746247424,1.9477323492233845,0.02190477459864204,0.02190477459864204,1.0517312411203577
known_activity_only_random_5fold,A0_physics_no_arrhenius,5,R045,44,,catalase,Km (mM),0.13,0.13005297161555368,-0.8860566476931632,-0.8858797200425563,0.00017692765060683957,0.00017692765060683957,1.0004074739657975
known_activity_only_random_5fold,A0_physics_no_arrhenius,5,R045,44,,catalase,Kcat (s⁻¹),916.6,295.21844288392475,2.962179852908768,2.4701434852395017,-0.4920363676692663,0.4920363676692663,0.3220799071393462
known_activity_only_random_5fold,A0_physics_no_arrhenius,5,R045,44,,catalase,Vmax (nM s⁻¹),39.9,16.219744936158946,1.6009728956867482,1.210044020424479,-0.39092887526226927,0.39092887526226927,0.406509898149347
known_activity_only_random_5fold,A0_physics_no_arrhenius,5,R060,59,,peroxidase,Km (mM),0.24,43.7075421275939,-0.619788758288394,1.6405563848370301,2.260345143125424,2.260345143125424,182.11475886497456
known_activity_only_random_5fold,A0_physics_no_arrhenius,5,R060,59,,peroxidase,Kcat (s⁻¹),250000.0,73706.00954400985,5.3979400086720375,4.867502899058524,-0.5304371096135139,0.5304371096135139,0.2948240381760394
known_activity_only_random_5fold,A0_physics_no_arrhenius,5,R060,59,,peroxidase,Vmax (nM s⁻¹),6800.0,7225.653556414694,3.832508912706236,3.858877134903703,0.026368222197466817,0.026368222197466817,1.0625961112374551
known_activity_only_random_5fold,A0_physics_no_arrhenius,5,R062,61,,catalase,Km (mM),40.16,1.4230837357627482,1.603793704136963,0.15323045518602152,-1.4505632489509415,1.4505632489509415,0.03543535198612421
known_activity_only_random_5fold,A0_physics_no_arrhenius,5,R062,61,,catalase,Kcat (s⁻¹),5660000.0,2536.8230697282424,6.752816431188271,3.4042901784869124,-3.3485262527013586,3.3485262527013586,0.00044820195578237497
known_activity_only_random_5fold,A0_physics_no_arrhenius,5,R062,61,,catalase,Vmax (nM s⁻¹),106.6,124.32038863045267,2.0277572046905536,2.094542359080691,0.06678515439013744,0.06678515439013744,1.1662325387472108
known_activity_only_random_5fold,A0_physics_no_arrhenius,5,R069,68,,catalase,Km (mM),10.35,11.315369026539305,1.0149403497929366,1.0536687221065935,0.03872837231365689,0.03872837231365689,1.0932723697139426
known_activity_only_random_5fold,A0_physics_no_arrhenius,5,R069,68,,catalase,Kcat (s⁻¹),3000.0,3.002254283688323,3.4771212547196626,0.47744747315901637,-2.999673781560646,2.999673781560646,0.0010007514278961077
known_activity_only_random_5fold,A0_physics_no_arrhenius,5,R069,68,,catalase,Vmax (nM s⁻¹),0.689,88.66094362644614,-0.1617807780923742,1.9477323492233845,2.1095131273157586,2.1095131273157586,128.68061484244723
known_activity_only_random_5fold,A0_physics_no_arrhenius,5,R070,69,,catalase,Km (mM),70.0,9.014028850608037,1.845098040014257,0.9549189437549075,-0.8901790962593494,0.8901790962593494,0.12877184072297196
known_activity_only_random_5fold,A0_physics_no_arrhenius,5,R070,69,,catalase,Kcat (s⁻¹),810.0,2513.4750196308205,2.90848501887865,3.400274573315675,0.491789554437025,0.491789554437025,3.1030555797911363
known_activity_only_random_5fold,A0_physics_no_arrhenius,5,R070,69,,catalase,Vmax (nM s⁻¹),9200000000.0,3713.091884843685,9.963787827345556,3.5697356964889733,-6.394052130856583,6.394052130856583,4.035969440047484e-07
known_activity_only_random_5fold,A0_physics_no_arrhenius,5,R073,72,,peroxidase,Km (mM),0.198,2.30978940895902,-0.7033348097384688,0.36357238565136707,1.066907195389836,1.066907195389836,11.665603075550605
known_activity_only_random_5fold,A0_physics_no_arrhenius,5,R073,72,,peroxidase,Kcat (s⁻¹),387.0,0.22757500643554046,2.5877109650189114,-0.6428754363154585,-3.23058640133437,3.23058640133437,0.0005880491122365386
known_activity_only_random_5fold,A0_physics_no_arrhenius,5,R073,72,,peroxidase,Vmax (nM s⁻¹),67.8,121.43780222312381,1.8312296938670634,2.0843538987769747,0.2531242049099114,0.2531242049099114,1.7911180268897318
known_activity_only_random_5fold,A0_physics_no_arrhenius,5,R077,76,,peroxidase,Km (mM),0.12,0.21671472100779413,-0.9208187539523752,-0.664111586902113,0.2567071670502622,0.2567071670502622,1.8059560083982844
known_activity_only_random_5fold,A0_physics_no_arrhenius,5,R077,76,,peroxidase,Kcat (s⁻¹),70.6,0.018338252544307227,1.8488047010518038,-1.7366420507010005,-3.585446751752804,3.585446751752804,0.0002597486196077511
known_activity_only_random_5fold,A0_physics_no_arrhenius,5,R077,76,,peroxidase,Vmax (nM s⁻¹),35.0,17.455840580032557,1.5440680443502757,1.2419407669559808,-0.3021272773942949,0.3021272773942949,0.4987383022866445
known_activity_only_random_5fold,A0_physics_no_arrhenius,5,R081,80,,peroxidase,Km (mM),0.096,3.0500140200916723,-1.0177287669604316,0.4843018356859513,1.502030602646383,1.502030602646383,31.77097937595492
known_activity_only_random_5fold,A0_physics_no_arrhenius,5,R081,80,,peroxidase,Kcat (s⁻¹),1720.0,365.55737311351396,3.2355284469075487,2.5629555478361405,-0.6725728990714082,0.6725728990714082,0.21253335646134533
known_activity_only_random_5fold,A0_physics_no_arrhenius,5,R081,80,,peroxidase,Vmax (nM s⁻¹),412.0,171.36842989170802,2.6148972160331345,2.233930817664973,-0.3809663983681615,0.3809663983681615,0.4159427909992913
known_activity_only_random_5fold,A1_physics_plus_activity_category,5,R004,3,,catalase,Km (mM),11.63,16.65908806048207,1.0655797147284485,1.2216512238930728,0.1560715091646243,0.1560715091646243,1.4324237369288106
known_activity_only_random_5fold,A1_physics_plus_activity_category,5,R004,3,,catalase,Kcat (s⁻¹),1100.0,1875.9272057875494,3.041392685158225,3.273215981837205,0.23182329667897994,0.23182329667897994,1.7053883688977722
known_activity_only_random_5fold,A1_physics_plus_activity_category,5,R004,3,,catalase,Vmax (nM s⁻¹),27.58,179.10113847044798,1.4405942618398309,2.2530983464847765,0.8125040846449456,0.8125040846449456,6.493877391966932
known_activity_only_random_5fold,A1_physics_plus_activity_category,5,R005,4,,peroxidase,Km (mM),0.124,0.2915133796520164,-0.906578314837765,-0.5353415075406762,0.37123680729708874,0.37123680729708874,2.3509143520323903
known_activity_only_random_5fold,A1_physics_plus_activity_category,5,R005,4,,peroxidase,Kcat (s⁻¹),0.0005,0.13647002974486674,-3.3010299956639813,-0.8649627137919953,2.4360672818719857,2.4360672818719857,272.94005948973347
known_activity_only_random_5fold,A1_physics_plus_activity_category,5,R005,4,,peroxidase,Vmax (nM s⁻¹),0.47,28.328330230567573,-0.3279021420642826,1.4522209764610587,1.7801231185253412,1.7801231185253412,60.2730430437608
known_activity_only_random_5fold,A1_physics_plus_activity_category,5,R017,16,,catalase,Km (mM),194.0,154.4902045524859,2.287801729930226,2.188900948203144,-0.09890078172708217,0.09890078172708217,0.7963412605798242
known_activity_only_random_5fold,A1_physics_plus_activity_category,5,R017,16,,catalase,Kcat (s⁻¹),83700.0,41284.05005431988,4.92272545799326,4.6157822959341495,-0.30694316205911054,0.30694316205911054,0.4932383519034633
known_activity_only_random_5fold,A1_physics_plus_activity_category,5,R017,16,,catalase,Vmax (nM s⁻¹),646.0,522.2746190013544,2.8102325179950842,2.717898920925083,-0.09233359707000144,0.09233359707000144,0.8084746424169572
known_activity_only_random_5fold,A1_physics_plus_activity_category,5,R024,23,,peroxidase,Km (mM),0.0223,0.03970187137213633,-1.6516951369518393,-1.4011890220167864,0.2505061149350529,0.2505061149350529,1.7803529763289834
known_activity_only_random_5fold,A1_physics_plus_activity_category,5,R024,23,,peroxidase,Kcat (s⁻¹),23900.0,10368.128519471478,4.378397900948138,4.015700371913029,-0.3626975290351089,0.3626975290351089,0.433812908764497
known_activity_only_random_5fold,A1_physics_plus_activity_category,5,R024,23,,peroxidase,Vmax (nM s⁻¹),174.0,140.7818653579497,2.2405492482826,2.148546715301789,-0.09200253298081096,0.09200253298081096,0.8090911802181017
known_activity_only_random_5fold,A1_physics_plus_activity_category,5,R025,24,,catalase,Km (mM),16.11,6.58686813079259,1.207095540419218,0.8186789689459344,-0.3884165714732837,0.3884165714732837,0.4088682886897946
known_activity_only_random_5fold,A1_physics_plus_activity_category,5,R025,24,,catalase,Kcat (s⁻¹),0.00046,5.177142653696082,-3.337242168318426,0.7140901319239984,4.051332300242424,4.051332300242424,11254.65794281757
known_activity_only_random_5fold,A1_physics_plus_activity_category,5,R025,24,,catalase,Vmax (nM s⁻¹),91.0,227.10952545051353,1.9590413923210936,2.3562353498244923,0.3971939575033987,0.3971939575033987,2.495709070884764
known_activity_only_random_5fold,A1_physics_plus_activity_category,5,R028,27,,peroxidase,Km (mM),0.3,1.2818062929855012,-0.5228787452803376,0.10782239940764311,0.6307011446879808,0.6307011446879808,4.272687643285004
known_activity_only_random_5fold,A1_physics_plus_activity_category,5,R028,27,,peroxidase,Kcat (s⁻¹),0.000183,1.6737113955485694,-3.7375489102695707,0.2236805730560124,3.961229483325583,3.961229483325583,9145.963910101473
known_activity_only_random_5fold,A1_physics_plus_activity_category,5,R028,27,,peroxidase,Vmax (nM s⁻¹),84.3,96.69707034602105,1.9258275746247424,1.9854133163598287,0.05958574173508624,0.05958574173508624,1.1470589602137728
known_activity_only_random_5fold,A1_physics_plus_activity_category,5,R035,34,,peroxidase,Km (mM),0.3,1.2818062929855012,-0.5228787452803376,0.10782239940764311,0.6307011446879808,0.6307011446879808,4.272687643285004
known_activity_only_random_5fold,A1_physics_plus_activity_category,5,R035,34,,peroxidase,Kcat (s⁻¹),0.000183,1.6737113955485694,-3.7375489102695707,0.2236805730560124,3.961229483325583,3.961229483325583,9145.963910101473
known_activity_only_random_5fold,A1_physics_plus_activity_category,5,R035,34,,peroxidase,Vmax (nM s⁻¹),84.3,96.69707034602105,1.9258275746247424,1.9854133163598287,0.05958574173508624,0.05958574173508624,1.1470589602137728
known_activity_only_random_5fold,A1_physics_plus_activity_category,5,R045,44,,catalase,Km (mM),0.13,0.2029187468183005,-0.8860566476931632,-0.692677828453872,0.19337881923929112,0.19337881923929112,1.56091343706385
known_activity_only_random_5fold,A1_physics_plus_activity_category,5,R045,44,,catalase,Kcat (s⁻¹),916.6,297.85174028165034,2.962179852908768,2.474000141928601,-0.4881797109801669,0.4881797109801669,0.32495280414755656
known_activity_only_random_5fold,A1_physics_plus_activity_category,5,R045,44,,catalase,Vmax (nM s⁻¹),39.9,17.58019205819924,1.6009728956867482,1.2450236152975096,-0.35594928038923856,0.35594928038923856,0.4406063172481013
known_activity_only_random_5fold,A1_physics_plus_activity_category,5,R060,59,,peroxidase,Km (mM),0.24,1.189663248072764,-0.619788758288394,0.07542404525734771,0.6952128035457417,0.6952128035457417,4.956930200303184
known_activity_only_random_5fold,A1_physics_plus_activity_category,5,R060,59,,peroxidase,Kcat (s⁻¹),250000.0,914.5308123279045,5.3979400086720375,2.9611983422876182,-2.4367416663844192,2.4367416663844192,0.003658123249311618
known_activity_only_random_5fold,A1_physics_plus_activity_category,5,R060,59,,peroxidase,Vmax (nM s⁻¹),6800.0,2714.6891549767583,3.832508912706236,3.4337201079554354,-0.3987888047508008,0.3987888047508008,0.39921899337893507
known_activity_only_random_5fold,A1_physics_plus_activity_category,5,R062,61,,catalase,Km (mM),40.16,16.65908806048207,1.603793704136963,1.2216512238930728,-0.3821424802438902,0.3821424802438902,0.41481792979288024
known_activity_only_random_5fold,A1_physics_plus_activity_category,5,R062,61,,catalase,Kcat (s⁻¹),5660000.0,1875.9272057875494,6.752816431188271,3.273215981837205,-3.479600449351066,3.479600449351066,0.0003314359020826059
known_activity_only_random_5fold,A1_physics_plus_activity_category,5,R062,61,,catalase,Vmax (nM s⁻¹),106.6,179.10113847044798,2.0277572046905536,2.2530983464847765,0.22534114179422282,0.22534114179422282,1.6801232501918197
known_activity_only_random_5fold,A1_physics_plus_activity_category,5,R069,68,,catalase,Km (mM),10.35,14.522678889953392,1.0149403497929366,1.1620467348085264,0.1471063850155898,0.1471063850155898,1.4031573806718254
known_activity_only_random_5fold,A1_physics_plus_activity_category,5,R069,68,,catalase,Kcat (s⁻¹),3000.0,21.454466190326254,3.4771212547196626,1.3315177132998366,-2.145603541419826,2.145603541419826,0.007151488730108751
known_activity_only_random_5fold,A1_physics_plus_activity_category,5,R069,68,,catalase,Vmax (nM s⁻¹),0.689,71.93029248025083,-0.1617807780923742,1.85691182621627,2.018692604308644,2.018692604308644,104.39810229354258
known_activity_only_random_5fold,A1_physics_plus_activity_category,5,R070,69,,catalase,Km (mM),70.0,30.165675452914424,1.845098040014257,1.4795130542401667,-0.36558498577409027,0.36558498577409027,0.43093822075592036
known_activity_only_random_5fold,A1_physics_plus_activity_category,5,R070,69,,catalase,Kcat (s⁻¹),810.0,2411.526407526663,2.90848501887865,3.3822920220448873,0.47380700316623736,0.47380700316623736,2.9771930957119297
known_activity_only_random_5fold,A1_physics_plus_activity_category,5,R070,69,,catalase,Vmax (nM s⁻¹),9200000000.0,4029.471496275742,9.963787827345556,3.6052480880014732,-6.358539739344082,6.358539739344082,4.37986032203885e-07
known_activity_only_random_5fold,A1_physics_plus_activity_category,5,R073,72,,peroxidase,Km (mM),0.198,0.778758786161705,-0.7033348097384688,-0.1085970404804206,0.5947377692580482,0.5947377692580482,3.9331251826348734
known_activity_only_random_5fold,A1_physics_plus_activity_category,5,R073,72,,peroxidase,Kcat (s⁻¹),387.0,0.21046831231335394,2.5877109650189114,-0.6768132814120479,-3.2645242464309594,3.2645242464309594,0.0005438457682515606
known_activity_only_random_5fold,A1_physics_plus_activity_category,5,R073,72,,peroxidase,Vmax (nM s⁻¹),67.8,109.46984124350955,1.8312296938670634,2.039294488257712,0.20806479439064862,0.20806479439064862,1.6145994283703473
known_activity_only_random_5fold,A1_physics_plus_activity_category,5,R077,76,,peroxidase,Km (mM),0.12,0.26182260296499654,-0.9208187539523752,-0.581992863823302,0.33882589012907327,0.33882589012907327,2.1818550247083044
known_activity_only_random_5fold,A1_physics_plus_activity_category,5,R077,76,,peroxidase,Kcat (s⁻¹),70.6,0.13952771194881688,1.8488047010518038,-0.8553395275071614,-2.704144228558965,2.704144228558965,0.0019763132004081713
known_activity_only_random_5fold,A1_physics_plus_activity_category,5,R077,76,,peroxidase,Vmax (nM s⁻¹),35.0,21.760459008097058,1.5440680443502757,1.3376680519903532,-0.20639999235992246,0.20639999235992246,0.6217274002313445
known_activity_only_random_5fold,A1_physics_plus_activity_category,5,R081,80,,peroxidase,Km (mM),0.096,0.4414797827861623,-1.0177287669604316,-0.3550891797997711,0.6626395871606605,0.6626395871606605,4.598747737355857
known_activity_only_random_5fold,A1_physics_plus_activity_category,5,R081,80,,peroxidase,Kcat (s⁻¹),1720.0,217.45665548130853,3.2355284469075487,2.3373727042274934,-0.8981557426800553,0.8981557426800553,0.12642828807052822
known_activity_only_random_5fold,A1_physics_plus_activity_category,5,R081,80,,peroxidase,Vmax (nM s⁻¹),412.0,117.4960532001512,2.6148972160331345,2.070023278504063,-0.5448739375290717,0.5448739375290717,0.28518459514599803
known_activity_only_random_5fold,A2_physics_plus_arrhenius,5,R004,3,,catalase,Km (mM),11.63,8.069164305056326,1.0655797147284485,0.9068285587002571,-0.15875115602819134,0.15875115602819134,0.6938232420512748
known_activity_only_random_5fold,A2_physics_plus_arrhenius,5,R004,3,,catalase,Kcat (s⁻¹),1100.0,3018.7617707203153,3.041392685158225,3.4798288414948138,0.43843615633658883,0.43843615633658883,2.744328882473014
known_activity_only_random_5fold,A2_physics_plus_arrhenius,5,R004,3,,catalase,Vmax (nM s⁻¹),27.58,167.09396032056017,1.4405942618398309,2.2229607524256636,0.7823664905858327,0.7823664905858327,6.058519228446707
known_activity_only_random_5fold,A2_physics_plus_arrhenius,5,R005,4,,peroxidase,Km (mM),0.124,0.32972552034547004,-0.906578314837765,-0.48184743770281524,0.4247308771349497,0.4247308771349497,2.659076776979597
known_activity_only_random_5fold,A2_physics_plus_arrhenius,5,R005,4,,peroxidase,Kcat (s⁻¹),0.0005,0.019355390774197005,-3.3010299956639813,-1.7131980561009428,1.5878319395630385,1.5878319395630385,38.71078154839401
known_activity_only_random_5fold,A2_physics_plus_arrhenius,5,R005,4,,peroxidase,Vmax (nM s⁻¹),0.47,28.427709138769305,-0.3279021420642826,1.4537418632613948,1.7816440053256772,1.7816440053256772,60.484487529296395
known_activity_only_random_5fold,A2_physics_plus_arrhenius,5,R017,16,,catalase,Km (mM),194.0,103.19249622486755,2.287801729930226,2.013648118157314,-0.274153611772912,0.274153611772912,0.5319200836333379
known_activity_only_random_5fold,A2_physics_plus_arrhenius,5,R017,16,,catalase,Kcat (s⁻¹),83700.0,53834.211443444605,4.92272545799326,4.7310583559462005,-0.1916671020470595,0.1916671020470595,0.6431805429324325
known_activity_only_random_5fold,A2_physics_plus_arrhenius,5,R017,16,,catalase,Vmax (nM s⁻¹),646.0,467.25706443218354,2.8102325179950842,2.6695558761733356,-0.14067664182174866,0.14067664182174866,0.7233081492758259
known_activity_only_random_5fold,A2_physics_plus_arrhenius,5,R024,23,,peroxidase,Km (mM),0.0223,0.046770726197159954,-1.6516951369518393,-1.3300258868592767,0.32166925009256264,0.32166925009256264,2.0973419819354238
known_activity_only_random_5fold,A2_physics_plus_arrhenius,5,R024,23,,peroxidase,Kcat (s⁻¹),23900.0,17593.340413687718,4.378397900948138,4.245348305944108,-0.1330495950040298,0.1330495950040298,0.7361230298614108
known_activity_only_random_5fold,A2_physics_plus_arrhenius,5,R024,23,,peroxidase,Vmax (nM s⁻¹),174.0,159.43137730728583,2.2405492482826,2.2025737979281956,-0.037975450354404305,0.037975450354404305,0.9162722833752059
known_activity_only_random_5fold,A2_physics_plus_arrhenius,5,R025,24,,catalase,Km (mM),16.11,4.653371934682813,1.207095540419218,0.667767766207209,-0.5393277742120091,0.5393277742120091,0.2888499028356805
known_activity_only_random_5fold,A2_physics_plus_arrhenius,5,R025,24,,catalase,Kcat (s⁻¹),0.00046,0.4973777059621187,-3.337242168318426,-0.30331368507858947,3.0339284832398365,3.0339284832398365,1081.255882526345
known_activity_only_random_5fold,A2_physics_plus_arrhenius,5,R025,24,,catalase,Vmax (nM s⁻¹),91.0,148.48470606347428,1.9590413923210936,2.171681723590639,0.2126403312695453,0.2126403312695453,1.6317000666315855
known_activity_only_random_5fold,A2_physics_plus_arrhenius,5,R028,27,,peroxidase,Km (mM),0.3,5.862306931153004,-0.5228787452803376,0.7680685529315666,1.2909472982119041,1.2909472982119041,19.541023103843347
known_activity_only_random_5fold,A2_physics_plus_arrhenius,5,R028,27,,peroxidase,Kcat (s⁻¹),0.000183,1.9322965945664725,-3.7375489102695707,0.2860737884859898,4.023622698755561,4.023622698755561,10558.997784516243
known_activity_only_random_5fold,A2_physics_plus_arrhenius,5,R028,27,,peroxidase,Vmax (nM s⁻¹),84.3,95.53366180097746,1.9258275746247424,1.9801564245528296,0.054328849928087175,0.054328849928087175,1.133258147105308
known_activity_only_random_5fold,A2_physics_plus_arrhenius,5,R035,34,,peroxidase,Km (mM),0.3,5.862306931153004,-0.5228787452803376,0.7680685529315666,1.2909472982119041,1.2909472982119041,19.541023103843347
known_activity_only_random_5fold,A2_physics_plus_arrhenius,5,R035,34,,peroxidase,Kcat (s⁻¹),0.000183,1.9322965945664725,-3.7375489102695707,0.2860737884859898,4.023622698755561,4.023622698755561,10558.997784516243
known_activity_only_random_5fold,A2_physics_plus_arrhenius,5,R035,34,,peroxidase,Vmax (nM s⁻¹),84.3,95.53366180097746,1.9258275746247424,1.9801564245528296,0.054328849928087175,0.054328849928087175,1.133258147105308
known_activity_only_random_5fold,A2_physics_plus_arrhenius,5,R045,44,,catalase,Km (mM),0.13,0.1418939130028856,-0.8860566476931632,-0.8480362346056629,0.03802041308750026,0.03802041308750026,1.0914916384837352
known_activity_only_random_5fold,A2_physics_plus_arrhenius,5,R045,44,,catalase,Kcat (s⁻¹),916.6,331.46741045554,2.962179852908768,2.520440835440397,-0.44173901746837085,0.44173901746837085,0.3616271115596116
known_activity_only_random_5fold,A2_physics_plus_arrhenius,5,R045,44,,catalase,Vmax (nM s⁻¹),39.9,17.158704485042016,1.6009728956867482,1.2344844946876896,-0.36648840099905855,0.36648840099905855,0.4300427189233588
known_activity_only_random_5fold,A2_physics_plus_arrhenius,5,R060,59,,peroxidase,Km (mM),0.24,17.431918038303824,-0.619788758288394,1.2413451752696323,1.8611339335580261,1.8611339335580261,72.63299182626594
known_activity_only_random_5fold,A2_physics_plus_arrhenius,5,R060,59,,peroxidase,Kcat (s⁻¹),250000.0,36229.94495252963,5.3979400086720375,4.559067674171694,-0.8388723345003433,0.8388723345003433,0.14491977981011853
known_activity_only_random_5fold,A2_physics_plus_arrhenius,5,R060,59,,peroxidase,Vmax (nM s⁻¹),6800.0,6939.784993446802,3.832508912706236,3.8413460154683867,0.00883710276215055,0.00883710276215055,1.0205566166833533
known_activity_only_random_5fold,A2_physics_plus_arrhenius,5,R062,61,,catalase,Km (mM),40.16,8.069164305056326,1.603793704136963,0.9068285587002571,-0.6969651454367058,0.6969651454367058,0.20092540600239855
known_activity_only_random_5fold,A2_physics_plus_arrhenius,5,R062,61,,catalase,Kcat (s⁻¹),5660000.0,3018.7617707203153,6.752816431188271,3.4798288414948138,-3.2729875896934573,3.2729875896934573,0.000533350136169667
known_activity_only_random_5fold,A2_physics_plus_arrhenius,5,R062,61,,catalase,Vmax (nM s⁻¹),106.6,167.09396032056017,2.0277572046905536,2.2229607524256636,0.19520354773510995,0.19520354773510995,1.5674855564780505
known_activity_only_random_5fold,A2_physics_plus_arrhenius,5,R069,68,,catalase,Km (mM),10.35,13.34063890346788,1.0149403497929366,1.1251766291012333,0.11023627930829671,0.11023627930829671,1.2889506186925488
known_activity_only_random_5fold,A2_physics_plus_arrhenius,5,R069,68,,catalase,Kcat (s⁻¹),3000.0,6.662908894407492,3.4771212547196626,0.823663874963078,-2.653457379756585,2.653457379756585,0.002220969631469164
known_activity_only_random_5fold,A2_physics_plus_arrhenius,5,R069,68,,catalase,Vmax (nM s⁻¹),0.689,84.32805159204023,-0.1617807780923742,1.9259720660261317,2.087752844118506,2.087752844118506,122.39194715825869
known_activity_only_random_5fold,A2_physics_plus_arrhenius,5,R070,69,,catalase,Km (mM),70.0,17.135016709905805,1.845098040014257,1.2338845322859526,-0.6112135077283043,0.6112135077283043,0.24478595299865435
known_activity_only_random_5fold,A2_physics_plus_arrhenius,5,R070,69,,catalase,Kcat (s⁻¹),810.0,2344.8314963293074,2.90848501887865,3.370111639015397,0.46162662013674716,0.46162662013674716,2.894853699171984
known_activity_only_random_5fold,A2_physics_plus_arrhenius,5,R070,69,,catalase,Vmax (nM s⁻¹),9200000000.0,3653.272841980938,9.963787827345556,3.562682108385427,-6.401105718960128,6.401105718960128,3.9709487412836283e-07
known_activity_only_random_5fold,A2_physics_plus_arrhenius,5,R073,72,,peroxidase,Km (mM),0.198,1.4836399553047845,-0.7033348097384688,0.17132852062228687,0.8746633303607557,0.8746633303607557,7.493131087397901
known_activity_only_random_5fold,A2_physics_plus_arrhenius,5,R073,72,,peroxidase,Kcat (s⁻¹),387.0,0.24665837622845174,2.5877109650189114,-0.6079041318214297,-3.195615096840341,3.195615096840341,0.000637360145293157
known_activity_only_random_5fold,A2_physics_plus_arrhenius,5,R073,72,,peroxidase,Vmax (nM s⁻¹),67.8,117.76313346908356,1.8312296938670634,2.07100935295663,0.23977965908956644,0.23977965908956644,1.7369193727003476
known_activity_only_random_5fold,A2_physics_plus_arrhenius,5,R077,76,,peroxidase,Km (mM),0.12,0.24317818591479454,-0.9208187539523752,-0.6140753856564425,0.30674336829593274,0.30674336829593274,2.0264848826232877
known_activity_only_random_5fold,A2_physics_plus_arrhenius,5,R077,76,,peroxidase,Kcat (s⁻¹),70.6,0.021754549770513953,1.8488047010518038,-1.6624499003834325,-3.5112546014352364,3.5112546014352364,0.0003081380987324923
known_activity_only_random_5fold,A2_physics_plus_arrhenius,5,R077,76,,peroxidase,Vmax (nM s⁻¹),35.0,19.612464296862463,1.5440680443502757,1.2925321659925848,-0.25153587835769087,0.25153587835769087,0.5603561227674989
known_activity_only_random_5fold,A2_physics_plus_arrhenius,5,R081,80,,peroxidase,Km (mM),0.096,1.4584951657975447,-1.0177287669604316,0.16390499398505343,1.181633760945485,1.181633760945485,15.192657977057756
known_activity_only_random_5fold,A2_physics_plus_arrhenius,5,R081,80,,peroxidase,Kcat (s⁻¹),1720.0,253.33424549375988,3.2355284469075487,2.403693901293471,-0.8318345456140777,0.8318345456140777,0.14728735203125573
known_activity_only_random_5fold,A2_physics_plus_arrhenius,5,R081,80,,peroxidase,Vmax (nM s⁻¹),412.0,147.0576847318533,2.6148972160331345,2.1674877241809716,-0.44740949185216294,0.44740949185216294,0.3569361279899352
known_activity_only_random_5fold,A3_physics_plus_activity_and_arrhenius,5,R004,3,,catalase,Km (mM),11.63,22.30369726168592,1.0655797147284485,1.3483768615796996,0.2827971468512511,0.2827971468512511,1.9177727654072156
known_activity_only_random_5fold,A3_physics_plus_activity_and_arrhenius,5,R004,3,,catalase,Kcat (s⁻¹),1100.0,2916.6798082086934,3.041392685158225,3.464888755086535,0.4234960699283099,0.4234960699283099,2.6515270983715395
known_activity_only_random_5fold,A3_physics_plus_activity_and_arrhenius,5,R004,3,,catalase,Vmax (nM s⁻¹),27.58,203.17644270647418,1.4405942618398309,2.307873352255242,0.8672790904154113,0.8672790904154113,7.366803578914945
known_activity_only_random_5fold,A3_physics_plus_activity_and_arrhenius,5,R005,4,,peroxidase,Km (mM),0.124,0.35571470931531357,-0.906578314837765,-0.4488981757408676,0.45768013909689736,0.45768013909689736,2.8686670106073677
known_activity_only_random_5fold,A3_physics_plus_activity_and_arrhenius,5,R005,4,,peroxidase,Kcat (s⁻¹),0.0005,0.17971476849906132,-3.3010299956639813,-0.7454162322171081,2.555613763446873,2.555613763446873,359.4295369981226
known_activity_only_random_5fold,A3_physics_plus_activity_and_arrhenius,5,R005,4,,peroxidase,Vmax (nM s⁻¹),0.47,30.57645714677862,-0.3279021420642826,1.4853871628702526,1.813289304934535,1.813289304934535,65.05629180165664
known_activity_only_random_5fold,A3_physics_plus_activity_and_arrhenius,5,R017,16,,catalase,Km (mM),194.0,155.6054521971924,2.287801729930226,2.1920248099908886,-0.09577691993933746,0.09577691993933746,0.8020899597793423
known_activity_only_random_5fold,A3_physics_plus_activity_and_arrhenius,5,R017,16,,catalase,Kcat (s⁻¹),83700.0,50427.88008889233,4.92272545799326,4.7026707114657444,-0.22005474652751555,0.22005474652751555,0.6024836330811508
known_activity_only_random_5fold,A3_physics_plus_activity_and_arrhenius,5,R017,16,,catalase,Vmax (nM s⁻¹),646.0,546.1541575777815,2.8102325179950842,2.7373152440524575,-0.0729172739426267,0.0729172739426267,0.8454398724114264
known_activity_only_random_5fold,A3_physics_plus_activity_and_arrhenius,5,R024,23,,peroxidase,Km (mM),0.0223,0.03997683859054751,-1.6516951369518393,-1.3981915533136313,0.253503583638208,0.253503583638208,1.7926833448676012
known_activity_only_random_5fold,A3_physics_plus_activity_and_arrhenius,5,R024,23,,peroxidase,Kcat (s⁻¹),23900.0,11235.617392795039,4.378397900948138,4.050596941723291,-0.327800959224847,0.327800959224847,0.47010951434288867
known_activity_only_random_5fold,A3_physics_plus_activity_and_arrhenius,5,R024,23,,peroxidase,Vmax (nM s⁻¹),174.0,134.15691158507013,2.2405492482826,2.127613051856523,-0.1129361964260771,0.1129361964260771,0.7710167332475295
known_activity_only_random_5fold,A3_physics_plus_activity_and_arrhenius,5,R025,24,,catalase,Km (mM),16.11,6.773833409872913,1.207095540419218,0.8308345117561204,-0.37626102866309763,0.37626102866309763,0.42047383053214854
known_activity_only_random_5fold,A3_physics_plus_activity_and_arrhenius,5,R025,24,,catalase,Kcat (s⁻¹),0.00046,8.758653495492876,-3.337242168318426,0.9424373453889371,4.2796795137073635,4.2796795137073635,19040.551077158427
known_activity_only_random_5fold,A3_physics_plus_activity_and_arrhenius,5,R025,24,,catalase,Vmax (nM s⁻¹),91.0,234.75821578550833,1.9590413923210936,2.3706208001197226,0.411579407798629,0.411579407798629,2.579760613027564
known_activity_only_random_5fold,A3_physics_plus_activity_and_arrhenius,5,R028,27,,peroxidase,Km (mM),0.3,1.1638088871688435,-0.5228787452803376,0.06588166926369182,0.5887604145440295,0.5887604145440295,3.8793629572294783
known_activity_only_random_5fold,A3_physics_plus_activity_and_arrhenius,5,R028,27,,peroxidase,Kcat (s⁻¹),0.000183,1.5222133016867807,-3.7375489102695707,0.18247551265459824,3.9200244229241687,3.9200244229241687,8318.105473698255
known_activity_only_random_5fold,A3_physics_plus_activity_and_arrhenius,5,R028,27,,peroxidase,Vmax (nM s⁻¹),84.3,103.44415790323231,1.9258275746247424,2.0147059685442126,0.08887839391947017,0.08887839391947017,1.2270955860407156
known_activity_only_random_5fold,A3_physics_plus_activity_and_arrhenius,5,R035,34,,peroxidase,Km (mM),0.3,1.1638088871688435,-0.5228787452803376,0.06588166926369182,0.5887604145440295,0.5887604145440295,3.8793629572294783
known_activity_only_random_5fold,A3_physics_plus_activity_and_arrhenius,5,R035,34,,peroxidase,Kcat (s⁻¹),0.000183,1.5222133016867807,-3.7375489102695707,0.18247551265459824,3.9200244229241687,3.9200244229241687,8318.105473698255
known_activity_only_random_5fold,A3_physics_plus_activity_and_arrhenius,5,R035,34,,peroxidase,Vmax (nM s⁻¹),84.3,103.44415790323231,1.9258275746247424,2.0147059685442126,0.08887839391947017,0.08887839391947017,1.2270955860407156
known_activity_only_random_5fold,A3_physics_plus_activity_and_arrhenius,5,R045,44,,catalase,Km (mM),0.13,0.19595563868208205,-0.8860566476931632,-0.7078422350525286,0.17821441264063453,0.17821441264063453,1.5073510667852466
known_activity_only_random_5fold,A3_physics_plus_activity_and_arrhenius,5,R045,44,,catalase,Kcat (s⁻¹),916.6,293.36229168975785,2.962179852908768,2.4674042895906996,-0.4947755633180684,0.4947755633180684,0.3200548676519287
known_activity_only_random_5fold,A3_physics_plus_activity_and_arrhenius,5,R045,44,,catalase,Vmax (nM s⁻¹),39.9,18.015335321194808,1.6009728956867482,1.2556423500994014,-0.34533054558734677,0.34533054558734677,0.4515121634384664
known_activity_only_random_5fold,A3_physics_plus_activity_and_arrhenius,5,R060,59,,peroxidase,Km (mM),0.24,1.3337164782279447,-0.619788758288394,0.12506351696592394,0.7448522752543179,0.7448522752543179,5.557151992616436
known_activity_only_random_5fold,A3_physics_plus_activity_and_arrhenius,5,R060,59,,peroxidase,Kcat (s⁻¹),250000.0,479.1804269120372,5.3979400086720375,2.680499070112258,-2.7174409385597795,2.7174409385597795,0.0019167217076481488
known_activity_only_random_5fold,A3_physics_plus_activity_and_arrhenius,5,R060,59,,peroxidase,Vmax (nM s⁻¹),6800.0,2371.1234281751986,3.832508912706236,3.3749541616459235,-0.4575547510603126,0.4575547510603126,0.3486946217904704
known_activity_only_random_5fold,A3_physics_plus_activity_and_arrhenius,5,R062,61,,catalase,Km (mM),40.16,22.30369726168592,1.603793704136963,1.3483768615796996,-0.2554168425572634,0.2554168425572634,0.5553709477511435
known_activity_only_random_5fold,A3_physics_plus_activity_and_arrhenius,5,R062,61,,catalase,Kcat (s⁻¹),5660000.0,2916.6798082086934,6.752816431188271,3.464888755086535,-3.287927676101736,3.287927676101736,0.000515314453747119
known_activity_only_random_5fold,A3_physics_plus_activity_and_arrhenius,5,R062,61,,catalase,Vmax (nM s⁻¹),106.6,203.17644270647418,2.0277572046905536,2.307873352255242,0.2801161475646885,0.2801161475646885,1.9059703818618592
known_activity_only_random_5fold,A3_physics_plus_activity_and_arrhenius,5,R069,68,,catalase,Km (mM),10.35,15.837169895775421,1.0149403497929366,1.1996775757091915,0.18473722591625497,0.18473722591625497,1.5301613425869973
known_activity_only_random_5fold,A3_physics_plus_activity_and_arrhenius,5,R069,68,,catalase,Kcat (s⁻¹),3000.0,31.357213532015912,3.4771212547196626,1.4963374634053845,-1.980783791314278,1.980783791314278,0.01045240451067197
known_activity_only_random_5fold,A3_physics_plus_activity_and_arrhenius,5,R069,68,,catalase,Vmax (nM s⁻¹),0.689,80.17883060230963,-0.1617807780923742,1.9040597178328413,2.0658404959252157,2.0658404959252157,116.36985573629846
known_activity_only_random_5fold,A3_physics_plus_activity_and_arrhenius,5,R070,69,,catalase,Km (mM),70.0,30.76581682313008,1.845098040014257,1.488068449964236,-0.3570295900500209,0.3570295900500209,0.4395116689018583
known_activity_only_random_5fold,A3_physics_plus_activity_and_arrhenius,5,R070,69,,catalase,Kcat (s⁻¹),810.0,1057.0148555200362,2.90848501887865,3.0240810910208045,0.1155960721421545,0.1155960721421545,1.304956611753131
known_activity_only_random_5fold,A3_physics_plus_activity_and_arrhenius,5,R070,69,,catalase,Vmax (nM s⁻¹),9200000000.0,3431.630989217255,9.963787827345556,3.535500581052274,-6.428287246293282,6.428287246293282,3.730033683931799e-07
known_activity_only_random_5fold,A3_physics_plus_activity_and_arrhenius,5,R073,72,,peroxidase,Km (mM),0.198,0.8497730861279031,-0.7033348097384688,-0.07069702793141285,0.632637781807056,0.632637781807056,4.2917832632722375
known_activity_only_random_5fold,A3_physics_plus_activity_and_arrhenius,5,R073,72,,peroxidase,Kcat (s⁻¹),387.0,0.18938892831307588,2.5877109650189114,-0.7226454134694013,-3.3103563784883128,3.3103563784883128,0.0004893770757443822
known_activity_only_random_5fold,A3_physics_plus_activity_and_arrhenius,5,R073,72,,peroxidase,Vmax (nM s⁻¹),67.8,107.6510690137721,1.8312296938670634,2.032018346881077,0.20078865301401372,0.20078865301401372,1.5877738792591756
known_activity_only_random_5fold,A3_physics_plus_activity_and_arrhenius,5,R077,76,,peroxidase,Km (mM),0.12,0.3255638195802646,-0.9208187539523752,-0.4873638649306082,0.43345488902176704,0.43345488902176704,2.7130318298355385
known_activity_only_random_5fold,A3_physics_plus_activity_and_arrhenius,5,R077,76,,peroxidase,Kcat (s⁻¹),70.6,0.19350906611224197,1.8488047010518038,-0.7132986829950301,-2.562103384046834,2.562103384046834,0.002740921616320708
known_activity_only_random_5fold,A3_physics_plus_activity_and_arrhenius,5,R077,76,,peroxidase,Vmax (nM s⁻¹),35.0,23.795697264721788,1.5440680443502757,1.3764984350765475,-0.16756960927372822,0.16756960927372822,0.6798770647063368
known_activity_only_random_5fold,A3_physics_plus_activity_and_arrhenius,5,R081,80,,peroxidase,Km (mM),0.096,0.35025253166955683,-1.0177287669604316,-0.45561871689545,0.5621100500649816,0.5621100500649816,3.6484638715578837
known_activity_only_random_5fold,A3_physics_plus_activity_and_arrhenius,5,R081,80,,peroxidase,Kcat (s⁻¹),1720.0,225.64868522375068,3.2355284469075487,2.353432807380944,-0.8820956395266046,0.8820956395266046,0.13119109606032017
known_activity_only_random_5fold,A3_physics_plus_activity_and_arrhenius,5,R081,80,,peroxidase,Vmax (nM s⁻¹),412.0,108.49297615778902,2.6148972160331345,2.035401622842116,-0.5794955931910186,0.5794955931910186,0.26333246640240054
