analysis,model,fold,sample_id,source_index,publication_group,activity_type,target,y_true,y_pred,log10_true,log10_pred,log10_error_pred_minus_true,abs_log10_error,prediction_to_true_ratio
publication_grouped_cv,M1_raw_independent,1,R001,0,10.1016/j.apcatb.2019.05.012,unknown,Km (mM),0.16,0.22197175190861967,-0.7958800173440752,-0.6537022902826449,0.14217772706143028,0.14217772706143028,1.3873234494288729
publication_grouped_cv,M1_raw_independent,1,R001,0,10.1016/j.apcatb.2019.05.012,unknown,Kcat (s⁻¹),0.033,66.48503521830132,-1.4814860601221125,1.8227239031454041,3.3042099632675166,3.3042099632675166,2014.6980369182218
publication_grouped_cv,M1_raw_independent,1,R001,0,10.1016/j.apcatb.2019.05.012,unknown,Vmax (nM s⁻¹),51.6,30.104384877842836,1.7126497016272113,1.4786297577053389,-0.23401994392187242,0.23401994392187242,0.5834183115861015
publication_grouped_cv,M1_raw_independent,1,R005,4,10.1021/bi00566a020,peroxidase,Km (mM),0.124,6.277875635787111,-0.906578314837765,0.7978127081103801,1.704391022948145,1.704391022948145,50.628029320863796
publication_grouped_cv,M1_raw_independent,1,R005,4,10.1021/bi00566a020,peroxidase,Kcat (s⁻¹),0.0005,0.15779725354557744,-3.3010299956639813,-0.8019005599376283,2.4991294357263527,2.4991294357263527,315.59450709115487
publication_grouped_cv,M1_raw_independent,1,R005,4,10.1021/bi00566a020,peroxidase,Vmax (nM s⁻¹),0.47,227.90038620626518,-0.3279021420642826,2.357745061148378,2.6856472032126604,2.6856472032126604,484.89443873673446
publication_grouped_cv,M1_raw_independent,1,R006,5,10.1021/bi00566a020,peroxidase,Km (mM),0.12,1.9962727493313965,-0.9208187539523752,0.3002198783526994,1.2210386323050746,1.2210386323050746,16.635606244428306
publication_grouped_cv,M1_raw_independent,1,R006,5,10.1021/bi00566a020,peroxidase,Kcat (s⁻¹),0.0006,0.009575699485146237,-3.2218487496163566,-2.0188294918822045,1.203019257734152,1.203019257734152,15.959499141910397
publication_grouped_cv,M1_raw_independent,1,R006,5,10.1021/bi00566a020,peroxidase,Vmax (nM s⁻¹),0.6,52189.84224614372,-0.2218487496163564,4.717585984118675,4.939434733735031,4.939434733735031,86983.07041023954
publication_grouped_cv,M1_raw_independent,1,R007,6,10.1016/j.bios.2018.11.043,peroxidase,Km (mM),6.22,8.422004166484108,0.7937903846908186,0.9254154519358978,0.13162506724507916,0.13162506724507916,1.354019962457252
publication_grouped_cv,M1_raw_independent,1,R007,6,10.1016/j.bios.2018.11.043,peroxidase,Kcat (s⁻¹),1.8256,98.65080943766303,0.2614056270741394,1.9941006530232663,1.732695025949127,1.732695025949127,54.03747230371551
publication_grouped_cv,M1_raw_independent,1,R007,6,10.1016/j.bios.2018.11.043,peroxidase,Vmax (nM s⁻¹),157.0,78.90901470882443,2.1958996524092336,1.897126620632226,-0.29877303177700765,0.29877303177700765,0.5026051892281811
publication_grouped_cv,M1_raw_independent,1,R012,11,10.1021/acsabm.1c00017,catalase,Km (mM),281.0,2.141703195572725,2.44870631990508,0.33075928467683985,-2.11794703522824,2.11794703522824,0.007621719557198309
publication_grouped_cv,M1_raw_independent,1,R012,11,10.1021/acsabm.1c00017,catalase,Kcat (s⁻¹),74600.0,7553.86868123842,4.872738827472669,3.8781694306491388,-0.9945693968235303,0.9945693968235303,0.10125829331418794
publication_grouped_cv,M1_raw_independent,1,R012,11,10.1021/acsabm.1c00017,catalase,Vmax (nM s⁻¹),527.0,58.36710858828878,2.7218106152125467,1.7661681796001403,-0.9556424356124065,0.9556424356124065,0.11075352673299578
publication_grouped_cv,M1_raw_independent,1,R016,15,10.1021/acsabm.1c00017,catalase,Km (mM),257.0,2.141703195572725,2.4099331233312946,0.33075928467683985,-2.0791738386544547,2.0791738386544547,0.008333475469154571
publication_grouped_cv,M1_raw_independent,1,R016,15,10.1021/acsabm.1c00017,catalase,Kcat (s⁻¹),93800.0,7553.86868123842,4.972202838379064,3.8781694306491388,-1.0940334077299254,1.0940334077299254,0.0805316490537145
publication_grouped_cv,M1_raw_independent,1,R016,15,10.1021/acsabm.1c00017,catalase,Vmax (nM s⁻¹),684.0,58.36710858828878,2.835056101720116,1.7661681796001403,-1.0688879221199759,1.0688879221199759,0.08533203009983739
publication_grouped_cv,M1_raw_independent,1,R017,16,10.1021/acsabm.1c00017,catalase,Km (mM),194.0,2.141703195572725,2.287801729930226,0.33075928467683985,-1.957042445253386,1.957042445253386,0.011039707193673838
publication_grouped_cv,M1_raw_independent,1,R017,16,10.1021/acsabm.1c00017,catalase,Kcat (s⁻¹),83700.0,7553.86868123842,4.92272545799326,3.8781694306491388,-1.0445560273441212,1.0445560273441212,0.090249327135465
publication_grouped_cv,M1_raw_independent,1,R017,16,10.1021/acsabm.1c00017,catalase,Vmax (nM s⁻¹),646.0,58.36710858828878,2.8102325179950842,1.7661681796001403,-1.044064338394944,1.044064338394944,0.09035156128218078
publication_grouped_cv,M1_raw_independent,1,R024,23,10.1021/acsabm.1c00017,peroxidase,Km (mM),0.0223,2.141703195572725,-1.6516951369518393,0.33075928467683985,1.9824544216286792,1.9824544216286792,96.04050204361995
publication_grouped_cv,M1_raw_independent,1,R024,23,10.1021/acsabm.1c00017,peroxidase,Kcat (s⁻¹),23900.0,7553.86868123842,4.378397900948138,3.8781694306491388,-0.5002284702989992,0.5002284702989992,0.31606145109784184
publication_grouped_cv,M1_raw_independent,1,R024,23,10.1021/acsabm.1c00017,peroxidase,Vmax (nM s⁻¹),174.0,58.36710858828878,2.2405492482826,1.7661681796001403,-0.47438106868245966,0.47438106868245966,0.33544315280625736
publication_grouped_cv,M1_raw_independent,1,R026,25,10.1021/acsabm.1c00017,catalase,Km (mM),214.0,2.141703195572725,2.330413773349191,0.33075928467683985,-1.999654488672351,1.999654488672351,0.010007958857816471
publication_grouped_cv,M1_raw_independent,1,R026,25,10.1021/acsabm.1c00017,catalase,Kcat (s⁻¹),60500.0,7553.86868123842,4.781755374652469,3.8781694306491388,-0.9035859440033298,0.9035859440033298,0.12485733357418877
publication_grouped_cv,M1_raw_independent,1,R026,25,10.1021/acsabm.1c00017,catalase,Vmax (nM s⁻¹),506.0,58.36710858828878,2.7041505168397992,1.7661681796001403,-0.937982337239659,0.937982337239659,0.11535001697290273
publication_grouped_cv,M1_raw_independent,1,R031,30,10.1021/acsabm.1c00017,peroxidase,Km (mM),0.0223,2.141703195572725,-1.6516951369518393,0.33075928467683985,1.9824544216286792,1.9824544216286792,96.04050204361995
publication_grouped_cv,M1_raw_independent,1,R031,30,10.1021/acsabm.1c00017,peroxidase,Kcat (s⁻¹),23900.0,7553.86868123842,4.378397900948138,3.8781694306491388,-0.5002284702989992,0.5002284702989992,0.31606145109784184
publication_grouped_cv,M1_raw_independent,1,R031,30,10.1021/acsabm.1c00017,peroxidase,Vmax (nM s⁻¹),174.0,58.36710858828878,2.2405492482826,1.7661681796001403,-0.47438106868245966,0.47438106868245966,0.33544315280625736
publication_grouped_cv,M1_raw_independent,1,R033,32,10.1021/acsabm.1c00017,catalase,Km (mM),214.0,2.141703195572725,2.330413773349191,0.33075928467683985,-1.999654488672351,1.999654488672351,0.010007958857816471
publication_grouped_cv,M1_raw_independent,1,R033,32,10.1021/acsabm.1c00017,catalase,Kcat (s⁻¹),60500.0,7553.86868123842,4.781755374652469,3.8781694306491388,-0.9035859440033298,0.9035859440033298,0.12485733357418877
publication_grouped_cv,M1_raw_independent,1,R033,32,10.1021/acsabm.1c00017,catalase,Vmax (nM s⁻¹),506.0,58.36710858828878,2.7041505168397992,1.7661681796001403,-0.937982337239659,0.937982337239659,0.11535001697290273
publication_grouped_cv,M1_raw_independent,1,R037,36,10.1021/acsabm.1c00017,peroxidase,Km (mM),0.0213,2.141703195572725,-1.6716203965612624,0.33075928467683985,2.0023796812381023,2.0023796812381023,100.54944580153638
publication_grouped_cv,M1_raw_independent,1,R037,36,10.1021/acsabm.1c00017,peroxidase,Kcat (s⁻¹),16500.0,7553.86868123842,4.217483944213907,3.8781694306491388,-0.33931451356476794,0.33931451356476794,0.4578102231053588
publication_grouped_cv,M1_raw_independent,1,R037,36,10.1021/acsabm.1c00017,peroxidase,Vmax (nM s⁻¹),138.0,58.36710858828878,2.1398790864012365,1.7661681796001403,-0.3737109068010962,0.3737109068010962,0.4229500622339767
publication_grouped_cv,M1_raw_independent,1,R038,37,10.1021/acsabm.1c00017,catalase,Km (mM),412.0,2.141703195572725,2.6148972160331345,0.33075928467683985,-2.2841379313562946,2.2841379313562946,0.0051983087271182645
publication_grouped_cv,M1_raw_independent,1,R038,37,10.1021/acsabm.1c00017,catalase,Kcat (s⁻¹),134000.0,7553.86868123842,5.127104798364807,3.8781694306491388,-1.2489353677156685,1.2489353677156685,0.05637215433760015
publication_grouped_cv,M1_raw_independent,1,R038,37,10.1021/acsabm.1c00017,catalase,Vmax (nM s⁻¹),1005.0,58.36710858828878,3.002166061756508,1.7661681796001403,-1.2359978821563675,1.2359978821563675,0.058076724963471424
publication_grouped_cv,M1_raw_independent,1,R053,52,10.1021/acsabm.1c00017,peroxidase,Km (mM),0.0181,2.141703195572725,-1.7423214251308154,0.33075928467683985,2.0730807098076554,2.0730807098076554,118.326143401808
publication_grouped_cv,M1_raw_independent,1,R053,52,10.1021/acsabm.1c00017,peroxidase,Kcat (s⁻¹),21100.0,7553.86868123842,4.324282455297693,3.8781694306491388,-0.4461130246485543,0.4461130246485543,0.35800325503499625
publication_grouped_cv,M1_raw_independent,1,R053,52,10.1021/acsabm.1c00017,peroxidase,Vmax (nM s⁻¹),158.0,58.36710858828878,2.1986570869544226,1.7661681796001403,-0.43248890735428236,0.43248890735428236,0.3694120796727138
publication_grouped_cv,M1_raw_independent,1,R054,53,10.1021/acsabm.1c00017,peroxidase,Km (mM),0.022,2.141703195572725,-1.6575773191777938,0.33075928467683985,1.9883366038546337,1.9883366038546337,97.35014525330568
publication_grouped_cv,M1_raw_independent,1,R054,53,10.1021/acsabm.1c00017,peroxidase,Kcat (s⁻¹),22500.0,7553.86868123842,4.352182518111363,3.8781694306491388,-0.4740130874622239,0.4740130874622239,0.3357274969439298
publication_grouped_cv,M1_raw_independent,1,R054,53,10.1021/acsabm.1c00017,peroxidase,Vmax (nM s⁻¹),174.0,58.36710858828878,2.2405492482826,1.7661681796001403,-0.47438106868245966,0.47438106868245966,0.33544315280625736
publication_grouped_cv,M1_raw_independent,1,R061,60,10.1016/j.apcatb.2019.05.012,unknown,Km (mM),0.58,2.6255430715354375,-0.23657200643706275,0.41921914720000775,0.6557911536370705,0.6557911536370705,4.526798399199031
publication_grouped_cv,M1_raw_independent,1,R061,60,10.1016/j.apcatb.2019.05.012,unknown,Kcat (s⁻¹),1190.0,71.11699897545245,3.0755469613925306,1.8519734218105843,-1.2235735395819463,1.2235735395819463,0.05976218401298525
publication_grouped_cv,M1_raw_independent,1,R061,60,10.1016/j.apcatb.2019.05.012,unknown,Vmax (nM s⁻¹),457.0,34.4067193974582,2.6599162000698504,1.536643265602555,-1.1232729344672954,1.1232729344672954,0.07528822625264375
publication_grouped_cv,M1_raw_independent,1,R072,71,10.1021/bi00566a020,peroxidase,Km (mM),0.143,7.894646744943283,-0.8446639625349383,0.8973327017725348,1.741996664307473,1.741996664307473,55.20731989470828
publication_grouped_cv,M1_raw_independent,1,R072,71,10.1021/bi00566a020,peroxidase,Kcat (s⁻¹),0.0421,1.7244660072442528,-1.3757179041643317,0.23665463795435304,1.6123725421186847,1.6123725421186847,40.96118782052857
publication_grouped_cv,M1_raw_independent,1,R072,71,10.1021/bi00566a020,peroxidase,Vmax (nM s⁻¹),45.0,94.6957893798764,1.6532125137753437,1.976330668657554,0.3231181548822102,0.3231181548822102,2.1043508751083646
publication_grouped_cv,M1_raw_independent,1,R075,74,10.1021/acsabm.1c00017,peroxidase,Km (mM),0.0152,2.141703195572725,-1.8181564120552274,0.33075928467683985,2.1489156967320673,2.1489156967320673,140.90152602452136
publication_grouped_cv,M1_raw_independent,1,R075,74,10.1021/acsabm.1c00017,peroxidase,Kcat (s⁻¹),16000.0,7553.86868123842,4.204119982655925,3.8781694306491388,-0.32595055200678624,0.32595055200678624,0.47211679257740125
publication_grouped_cv,M1_raw_independent,1,R075,74,10.1021/acsabm.1c00017,peroxidase,Vmax (nM s⁻¹),113.0,58.36710858828878,2.0530784434834195,1.7661681796001403,-0.2869102638832792,0.2869102638832792,0.5165230848521131
publication_grouped_cv,M2_raw_chain,1,R001,0,10.1016/j.apcatb.2019.05.012,unknown,Km (mM),0.16,0.22197175190861967,-0.7958800173440752,-0.6537022902826449,0.14217772706143028,0.14217772706143028,1.3873234494288729
publication_grouped_cv,M2_raw_chain,1,R001,0,10.1016/j.apcatb.2019.05.012,unknown,Kcat (s⁻¹),0.033,18.31551661908712,-1.4814860601221125,1.2628191731591476,2.74430523328126,2.74430523328126,555.0156551238521
publication_grouped_cv,M2_raw_chain,1,R001,0,10.1016/j.apcatb.2019.05.012,unknown,Vmax (nM s⁻¹),51.6,102.49967906870573,1.7126497016272113,2.010722505597545,0.29807280397033376,0.29807280397033376,1.9864278889284055
publication_grouped_cv,M2_raw_chain,1,R005,4,10.1021/bi00566a020,peroxidase,Km (mM),0.124,6.277875635787111,-0.906578314837765,0.7978127081103801,1.704391022948145,1.704391022948145,50.628029320863796
publication_grouped_cv,M2_raw_chain,1,R005,4,10.1021/bi00566a020,peroxidase,Kcat (s⁻¹),0.0005,0.30104734433621366,-3.3010299956639813,-0.5213651995321205,2.779664796131861,2.779664796131861,602.0946886724273
publication_grouped_cv,M2_raw_chain,1,R005,4,10.1021/bi00566a020,peroxidase,Vmax (nM s⁻¹),0.47,563.9070474443439,-0.3279021420642826,2.7512075222298935,3.079109664294176,3.079109664294176,1199.802228604987
publication_grouped_cv,M2_raw_chain,1,R006,5,10.1021/bi00566a020,peroxidase,Km (mM),0.12,1.9962727493313965,-0.9208187539523752,0.3002198783526994,1.2210386323050746,1.2210386323050746,16.635606244428306
publication_grouped_cv,M2_raw_chain,1,R006,5,10.1021/bi00566a020,peroxidase,Kcat (s⁻¹),0.0006,0.028879539863183423,-3.2218487496163566,-1.5394097306478394,1.6824390189685172,1.6824390189685172,48.132566438639046
publication_grouped_cv,M2_raw_chain,1,R006,5,10.1021/bi00566a020,peroxidase,Vmax (nM s⁻¹),0.6,11061.87369799153,-0.2218487496163564,4.043828695483854,4.26567744510021,4.26567744510021,18436.456163319217
publication_grouped_cv,M2_raw_chain,1,R007,6,10.1016/j.bios.2018.11.043,peroxidase,Km (mM),6.22,8.422004166484108,0.7937903846908186,0.9254154519358978,0.13162506724507916,0.13162506724507916,1.354019962457252
publication_grouped_cv,M2_raw_chain,1,R007,6,10.1016/j.bios.2018.11.043,peroxidase,Kcat (s⁻¹),1.8256,43.48454124707361,0.2614056270741394,1.6383348927177863,1.376929265643647,1.376929265643647,23.81931488117529
publication_grouped_cv,M2_raw_chain,1,R007,6,10.1016/j.bios.2018.11.043,peroxidase,Vmax (nM s⁻¹),157.0,134.09504213369567,2.1958996524092336,2.127412721074702,-0.06848693133453176,0.06848693133453176,0.8541085486222654
publication_grouped_cv,M2_raw_chain,1,R012,11,10.1021/acsabm.1c00017,catalase,Km (mM),281.0,2.141703195572725,2.44870631990508,0.33075928467683985,-2.11794703522824,2.11794703522824,0.007621719557198309
publication_grouped_cv,M2_raw_chain,1,R012,11,10.1021/acsabm.1c00017,catalase,Kcat (s⁻¹),74600.0,922.6404288908623,4.872738827472669,2.9650324809025537,-1.9077063465701154,1.9077063465701154,0.012367834167437832
publication_grouped_cv,M2_raw_chain,1,R012,11,10.1021/acsabm.1c00017,catalase,Vmax (nM s⁻¹),527.0,136.52772549111532,2.7218106152125467,2.1352208550771072,-0.5865897601354395,0.5865897601354395,0.25906589277251485
publication_grouped_cv,M2_raw_chain,1,R016,15,10.1021/acsabm.1c00017,catalase,Km (mM),257.0,2.141703195572725,2.4099331233312946,0.33075928467683985,-2.0791738386544547,2.0791738386544547,0.008333475469154571
publication_grouped_cv,M2_raw_chain,1,R016,15,10.1021/acsabm.1c00017,catalase,Kcat (s⁻¹),93800.0,922.6404288908623,4.972202838379064,2.9650324809025537,-2.0071703574765105,2.0071703574765105,0.00983625190715205
publication_grouped_cv,M2_raw_chain,1,R016,15,10.1021/acsabm.1c00017,catalase,Vmax (nM s⁻¹),684.0,136.52772549111532,2.835056101720116,2.1352208550771072,-0.6998352466430089,0.6998352466430089,0.19960193785250777
publication_grouped_cv,M2_raw_chain,1,R017,16,10.1021/acsabm.1c00017,catalase,Km (mM),194.0,2.141703195572725,2.287801729930226,0.33075928467683985,-1.957042445253386,1.957042445253386,0.011039707193673838
publication_grouped_cv,M2_raw_chain,1,R017,16,10.1021/acsabm.1c00017,catalase,Kcat (s⁻¹),83700.0,922.6404288908623,4.92272545799326,2.9650324809025537,-1.9576929770907063,1.9576929770907063,0.011023183140870517
publication_grouped_cv,M2_raw_chain,1,R017,16,10.1021/acsabm.1c00017,catalase,Vmax (nM s⁻¹),646.0,136.52772549111532,2.8102325179950842,2.1352208550771072,-0.675011662917977,0.675011662917977,0.21134322831442
publication_grouped_cv,M2_raw_chain,1,R024,23,10.1021/acsabm.1c00017,peroxidase,Km (mM),0.0223,2.141703195572725,-1.6516951369518393,0.33075928467683985,1.9824544216286792,1.9824544216286792,96.04050204361995
publication_grouped_cv,M2_raw_chain,1,R024,23,10.1021/acsabm.1c00017,peroxidase,Kcat (s⁻¹),23900.0,922.6404288908623,4.378397900948138,2.9650324809025537,-1.4133654200455843,1.4133654200455843,0.03860420204564277
publication_grouped_cv,M2_raw_chain,1,R024,23,10.1021/acsabm.1c00017,peroxidase,Vmax (nM s⁻¹),174.0,136.52772549111532,2.2405492482826,2.1352208550771072,-0.1053283932054927,0.1053283932054927,0.7846421005236512
publication_grouped_cv,M2_raw_chain,1,R026,25,10.1021/acsabm.1c00017,catalase,Km (mM),214.0,2.141703195572725,2.330413773349191,0.33075928467683985,-1.999654488672351,1.999654488672351,0.010007958857816471
publication_grouped_cv,M2_raw_chain,1,R026,25,10.1021/acsabm.1c00017,catalase,Kcat (s⁻¹),60500.0,922.6404288908623,4.781755374652469,2.9650324809025537,-1.816722893749915,1.816722893749915,0.015250255022989458
publication_grouped_cv,M2_raw_chain,1,R026,25,10.1021/acsabm.1c00017,catalase,Vmax (nM s⁻¹),506.0,136.52772549111532,2.7041505168397992,2.1352208550771072,-0.568929661762692,0.568929661762692,0.26981763931050456
publication_grouped_cv,M2_raw_chain,1,R031,30,10.1021/acsabm.1c00017,peroxidase,Km (mM),0.0223,2.141703195572725,-1.6516951369518393,0.33075928467683985,1.9824544216286792,1.9824544216286792,96.04050204361995
publication_grouped_cv,M2_raw_chain,1,R031,30,10.1021/acsabm.1c00017,peroxidase,Kcat (s⁻¹),23900.0,922.6404288908623,4.378397900948138,2.9650324809025537,-1.4133654200455843,1.4133654200455843,0.03860420204564277
publication_grouped_cv,M2_raw_chain,1,R031,30,10.1021/acsabm.1c00017,peroxidase,Vmax (nM s⁻¹),174.0,136.52772549111532,2.2405492482826,2.1352208550771072,-0.1053283932054927,0.1053283932054927,0.7846421005236512
publication_grouped_cv,M2_raw_chain,1,R033,32,10.1021/acsabm.1c00017,catalase,Km (mM),214.0,2.141703195572725,2.330413773349191,0.33075928467683985,-1.999654488672351,1.999654488672351,0.010007958857816471
publication_grouped_cv,M2_raw_chain,1,R033,32,10.1021/acsabm.1c00017,catalase,Kcat (s⁻¹),60500.0,922.6404288908623,4.781755374652469,2.9650324809025537,-1.816722893749915,1.816722893749915,0.015250255022989458
publication_grouped_cv,M2_raw_chain,1,R033,32,10.1021/acsabm.1c00017,catalase,Vmax (nM s⁻¹),506.0,136.52772549111532,2.7041505168397992,2.1352208550771072,-0.568929661762692,0.568929661762692,0.26981763931050456
publication_grouped_cv,M2_raw_chain,1,R037,36,10.1021/acsabm.1c00017,peroxidase,Km (mM),0.0213,2.141703195572725,-1.6716203965612624,0.33075928467683985,2.0023796812381023,2.0023796812381023,100.54944580153638
publication_grouped_cv,M2_raw_chain,1,R037,36,10.1021/acsabm.1c00017,peroxidase,Kcat (s⁻¹),16500.0,922.6404288908623,4.217483944213907,2.9650324809025537,-1.252451463311353,1.252451463311353,0.05591760175096135
publication_grouped_cv,M2_raw_chain,1,R037,36,10.1021/acsabm.1c00017,peroxidase,Vmax (nM s⁻¹),138.0,136.52772549111532,2.1398790864012365,2.1352208550771072,-0.004658231324129236,0.004658231324129236,0.9893313441385168
publication_grouped_cv,M2_raw_chain,1,R038,37,10.1021/acsabm.1c00017,catalase,Km (mM),412.0,2.141703195572725,2.6148972160331345,0.33075928467683985,-2.2841379313562946,2.2841379313562946,0.0051983087271182645
publication_grouped_cv,M2_raw_chain,1,R038,37,10.1021/acsabm.1c00017,catalase,Kcat (s⁻¹),134000.0,922.6404288908623,5.127104798364807,2.9650324809025537,-2.1620723174622536,2.1620723174622536,0.006885376335006435
publication_grouped_cv,M2_raw_chain,1,R038,37,10.1021/acsabm.1c00017,catalase,Vmax (nM s⁻¹),1005.0,136.52772549111532,3.002166061756508,2.1352208550771072,-0.8669452066794006,0.8669452066794006,0.13584848307573663
publication_grouped_cv,M2_raw_chain,1,R053,52,10.1021/acsabm.1c00017,peroxidase,Km (mM),0.0181,2.141703195572725,-1.7423214251308154,0.33075928467683985,2.0730807098076554,2.0730807098076554,118.326143401808
publication_grouped_cv,M2_raw_chain,1,R053,52,10.1021/acsabm.1c00017,peroxidase,Kcat (s⁻¹),21100.0,922.6404288908623,4.324282455297693,2.9650324809025537,-1.3592499743951394,1.3592499743951394,0.04372703454459063
publication_grouped_cv,M2_raw_chain,1,R053,52,10.1021/acsabm.1c00017,peroxidase,Vmax (nM s⁻¹),158.0,136.52772549111532,2.1986570869544226,2.1352208550771072,-0.0634362318773154,0.0634362318773154,0.8640995284247805
publication_grouped_cv,M2_raw_chain,1,R054,53,10.1021/acsabm.1c00017,peroxidase,Km (mM),0.022,2.141703195572725,-1.6575773191777938,0.33075928467683985,1.9883366038546337,1.9883366038546337,97.35014525330568
publication_grouped_cv,M2_raw_chain,1,R054,53,10.1021/acsabm.1c00017,peroxidase,Kcat (s⁻¹),22500.0,922.6404288908623,4.352182518111363,2.9650324809025537,-1.387150037208809,1.387150037208809,0.041006241284038326
publication_grouped_cv,M2_raw_chain,1,R054,53,10.1021/acsabm.1c00017,peroxidase,Vmax (nM s⁻¹),174.0,136.52772549111532,2.2405492482826,2.1352208550771072,-0.1053283932054927,0.1053283932054927,0.7846421005236512
publication_grouped_cv,M2_raw_chain,1,R061,60,10.1016/j.apcatb.2019.05.012,unknown,Km (mM),0.58,2.6255430715354375,-0.23657200643706275,0.41921914720000775,0.6557911536370705,0.6557911536370705,4.526798399199031
publication_grouped_cv,M2_raw_chain,1,R061,60,10.1016/j.apcatb.2019.05.012,unknown,Kcat (s⁻¹),1190.0,4.482937244748112,3.0755469613925306,0.6515626593542223,-2.423984302038308,2.423984302038308,0.0037671741552505146
publication_grouped_cv,M2_raw_chain,1,R061,60,10.1016/j.apcatb.2019.05.012,unknown,Vmax (nM s⁻¹),457.0,165.0665064807329,2.6599162000698504,2.2176589598390417,-0.4422572402308087,0.4422572402308087,0.36119585663180065
publication_grouped_cv,M2_raw_chain,1,R072,71,10.1021/bi00566a020,peroxidase,Km (mM),0.143,7.894646744943283,-0.8446639625349383,0.8973327017725348,1.741996664307473,1.741996664307473,55.20731989470828
publication_grouped_cv,M2_raw_chain,1,R072,71,10.1021/bi00566a020,peroxidase,Kcat (s⁻¹),0.0421,1.841792294400249,-1.3757179041643317,0.2652406516577704,1.640958555822102,1.640958555822102,43.74803549644297
publication_grouped_cv,M2_raw_chain,1,R072,71,10.1021/bi00566a020,peroxidase,Vmax (nM s⁻¹),45.0,250.08950198563457,1.6532125137753437,2.3980954617209065,0.7448829479455628,0.7448829479455628,5.557544488569657
publication_grouped_cv,M2_raw_chain,1,R075,74,10.1021/acsabm.1c00017,peroxidase,Km (mM),0.0152,2.141703195572725,-1.8181564120552274,0.33075928467683985,2.1489156967320673,2.1489156967320673,140.90152602452136
publication_grouped_cv,M2_raw_chain,1,R075,74,10.1021/acsabm.1c00017,peroxidase,Kcat (s⁻¹),16000.0,922.6404288908623,4.204119982655925,2.9650324809025537,-1.2390875017533713,1.2390875017533713,0.05766502680567889
publication_grouped_cv,M2_raw_chain,1,R075,74,10.1021/acsabm.1c00017,peroxidase,Vmax (nM s⁻¹),113.0,136.52772549111532,2.0530784434834195,2.1352208550771072,0.08214241159368774,0.08214241159368774,1.2082099600983656
publication_grouped_cv,M3_physics_independent,1,R001,0,10.1016/j.apcatb.2019.05.012,unknown,Km (mM),0.16,0.5424601248628902,-0.7958800173440752,-0.26563218040751635,0.5302478369365589,0.5302478369365589,3.3903757803930636
publication_grouped_cv,M3_physics_independent,1,R001,0,10.1016/j.apcatb.2019.05.012,unknown,Kcat (s⁻¹),0.033,6.126953304139051,-1.4814860601221125,0.7872445704197591,2.2687306305418717,2.2687306305418717,185.6652516405773
publication_grouped_cv,M3_physics_independent,1,R001,0,10.1016/j.apcatb.2019.05.012,unknown,Vmax (nM s⁻¹),51.6,2363.411544343508,1.7126497016272113,3.373539352557107,1.6608896509298958,1.6608896509298958,45.80254930898271
publication_grouped_cv,M3_physics_independent,1,R005,4,10.1021/bi00566a020,peroxidase,Km (mM),0.124,2.088865017008341,-0.906578314837765,0.3199103766665299,1.226488691504295,1.226488691504295,16.84568562103501
publication_grouped_cv,M3_physics_independent,1,R005,4,10.1021/bi00566a020,peroxidase,Kcat (s⁻¹),0.0005,0.2550972658722999,-3.3010299956639813,-0.5932941961253582,2.7077357995386233,2.7077357995386233,510.19453174459983
publication_grouped_cv,M3_physics_independent,1,R005,4,10.1021/bi00566a020,peroxidase,Vmax (nM s⁻¹),0.47,749.4657489437293,-0.3279021420642826,2.874751790106737,3.2026539321710197,3.2026539321710197,1594.6079764760198
publication_grouped_cv,M3_physics_independent,1,R006,5,10.1021/bi00566a020,peroxidase,Km (mM),0.12,1.235581631418822,-0.9208187539523752,0.09187144330637732,1.0126901972587525,1.0126901972587525,10.29651359515685
publication_grouped_cv,M3_physics_independent,1,R006,5,10.1021/bi00566a020,peroxidase,Kcat (s⁻¹),0.0006,0.19952562786614333,-3.2218487496163566,-0.7000013138818695,2.521847435734487,2.521847435734487,332.54271311023894
publication_grouped_cv,M3_physics_independent,1,R006,5,10.1021/bi00566a020,peroxidase,Vmax (nM s⁻¹),0.6,1773.6960384025258,-0.2218487496163564,3.2488791960170444,3.470727945633401,3.470727945633401,2956.1600640042097
publication_grouped_cv,M3_physics_independent,1,R007,6,10.1016/j.bios.2018.11.043,peroxidase,Km (mM),6.22,2.6638733068376244,0.7937903846908186,0.42551356605017276,-0.3682768186406459,0.3682768186406459,0.4282754512600682
publication_grouped_cv,M3_physics_independent,1,R007,6,10.1016/j.bios.2018.11.043,peroxidase,Kcat (s⁻¹),1.8256,71.85938183272671,0.2614056270741394,1.8564834768849066,1.5950778498107672,1.5950778498107672,39.362062791809116
publication_grouped_cv,M3_physics_independent,1,R007,6,10.1016/j.bios.2018.11.043,peroxidase,Vmax (nM s⁻¹),157.0,140.42970463778641,2.1958996524092336,2.147458982407566,-0.04844067000166774,0.04844067000166774,0.89445671743813
publication_grouped_cv,M3_physics_independent,1,R012,11,10.1021/acsabm.1c00017,catalase,Km (mM),281.0,4.928101067974003,2.44870631990508,0.692679605977252,-1.7560267139278278,1.7560267139278278,0.017537726220548056
publication_grouped_cv,M3_physics_independent,1,R012,11,10.1021/acsabm.1c00017,catalase,Kcat (s⁻¹),74600.0,30980.24083234834,4.872738827472669,4.491084789528849,-0.3816540379438198,0.3816540379438198,0.41528472965614394
publication_grouped_cv,M3_physics_independent,1,R012,11,10.1021/acsabm.1c00017,catalase,Vmax (nM s⁻¹),527.0,84.84335950924363,2.7218106152125467,1.9286178567733312,-0.7931927584392156,0.7931927584392156,0.16099309204790063
publication_grouped_cv,M3_physics_independent,1,R016,15,10.1021/acsabm.1c00017,catalase,Km (mM),257.0,4.928101067974003,2.4099331233312946,0.692679605977252,-1.7172535173540426,1.7172535173540426,0.019175490536863824
publication_grouped_cv,M3_physics_independent,1,R016,15,10.1021/acsabm.1c00017,catalase,Kcat (s⁻¹),93800.0,30980.24083234834,4.972202838379064,4.491084789528849,-0.4811180488502149,0.4811180488502149,0.33027975301011026
publication_grouped_cv,M3_physics_independent,1,R016,15,10.1021/acsabm.1c00017,catalase,Vmax (nM s⁻¹),684.0,84.84335950924363,2.835056101720116,1.9286178567733312,-0.9064382449467849,0.9064382449467849,0.12403999928251992
publication_grouped_cv,M3_physics_independent,1,R017,16,10.1021/acsabm.1c00017,catalase,Km (mM),194.0,4.928101067974003,2.287801729930226,0.692679605977252,-1.595122123952974,1.595122123952974,0.025402582824608264
publication_grouped_cv,M3_physics_independent,1,R017,16,10.1021/acsabm.1c00017,catalase,Kcat (s⁻¹),83700.0,30980.24083234834,4.92272545799326,4.491084789528849,-0.43164066846441074,0.43164066846441074,0.37013429907226214
publication_grouped_cv,M3_physics_independent,1,R017,16,10.1021/acsabm.1c00017,catalase,Vmax (nM s⁻¹),646.0,84.84335950924363,2.8102325179950842,1.9286178567733312,-0.881614661221753,0.881614661221753,0.13133646982855052
publication_grouped_cv,M3_physics_independent,1,R024,23,10.1021/acsabm.1c00017,peroxidase,Km (mM),0.0223,1.8972432884303954,-1.6516951369518393,0.2781230251680982,1.9298181621199375,1.9298181621199375,85.07817436907602
publication_grouped_cv,M3_physics_independent,1,R024,23,10.1021/acsabm.1c00017,peroxidase,Kcat (s⁻¹),23900.0,25071.788699597277,4.378397900948138,4.399185318986288,0.020787418038150207,0.020787418038150207,1.0490288158827312
publication_grouped_cv,M3_physics_independent,1,R024,23,10.1021/acsabm.1c00017,peroxidase,Vmax (nM s⁻¹),174.0,85.53880733101332,2.2405492482826,1.9321631905879577,-0.3083860576946422,0.3083860576946422,0.4916023409828352
publication_grouped_cv,M3_physics_independent,1,R026,25,10.1021/acsabm.1c00017,catalase,Km (mM),214.0,4.928101067974003,2.330413773349191,0.692679605977252,-1.637734167371939,1.637734167371939,0.02302850966342992
publication_grouped_cv,M3_physics_independent,1,R026,25,10.1021/acsabm.1c00017,catalase,Kcat (s⁻¹),60500.0,30980.24083234834,4.781755374652469,4.491084789528849,-0.2906705851236193,0.2906705851236193,0.5120700964024519
publication_grouped_cv,M3_physics_independent,1,R026,25,10.1021/acsabm.1c00017,catalase,Vmax (nM s⁻¹),506.0,84.84335950924363,2.7041505168397992,1.9286178567733312,-0.775532660066468,0.775532660066468,0.16767462353605458
publication_grouped_cv,M3_physics_independent,1,R031,30,10.1021/acsabm.1c00017,peroxidase,Km (mM),0.0223,1.8972432884303954,-1.6516951369518393,0.2781230251680982,1.9298181621199375,1.9298181621199375,85.07817436907602
publication_grouped_cv,M3_physics_independent,1,R031,30,10.1021/acsabm.1c00017,peroxidase,Kcat (s⁻¹),23900.0,25071.788699597277,4.378397900948138,4.399185318986288,0.020787418038150207,0.020787418038150207,1.0490288158827312
publication_grouped_cv,M3_physics_independent,1,R031,30,10.1021/acsabm.1c00017,peroxidase,Vmax (nM s⁻¹),174.0,85.53880733101332,2.2405492482826,1.9321631905879577,-0.3083860576946422,0.3083860576946422,0.4916023409828352
publication_grouped_cv,M3_physics_independent,1,R033,32,10.1021/acsabm.1c00017,catalase,Km (mM),214.0,4.928101067974003,2.330413773349191,0.692679605977252,-1.637734167371939,1.637734167371939,0.02302850966342992
publication_grouped_cv,M3_physics_independent,1,R033,32,10.1021/acsabm.1c00017,catalase,Kcat (s⁻¹),60500.0,30980.24083234834,4.781755374652469,4.491084789528849,-0.2906705851236193,0.2906705851236193,0.5120700964024519
publication_grouped_cv,M3_physics_independent,1,R033,32,10.1021/acsabm.1c00017,catalase,Vmax (nM s⁻¹),506.0,84.84335950924363,2.7041505168397992,1.9286178567733312,-0.775532660066468,0.775532660066468,0.16767462353605458
publication_grouped_cv,M3_physics_independent,1,R037,36,10.1021/acsabm.1c00017,peroxidase,Km (mM),0.0213,1.8972432884303954,-1.6716203965612624,0.2781230251680982,1.9497434217293605,1.9497434217293605,89.0724548558871
publication_grouped_cv,M3_physics_independent,1,R037,36,10.1021/acsabm.1c00017,peroxidase,Kcat (s⁻¹),16500.0,25071.788699597277,4.217483944213907,4.399185318986288,0.18170137477238146,0.18170137477238146,1.519502345430138
publication_grouped_cv,M3_physics_independent,1,R037,36,10.1021/acsabm.1c00017,peroxidase,Vmax (nM s⁻¹),138.0,85.53880733101332,2.1398790864012365,1.9321631905879577,-0.20771589581327876,0.20771589581327876,0.6198464299348792
publication_grouped_cv,M3_physics_independent,1,R038,37,10.1021/acsabm.1c00017,catalase,Km (mM),412.0,4.928101067974003,2.6148972160331345,0.692679605977252,-1.9222176100558825,1.9222176100558825,0.011961410359160202
publication_grouped_cv,M3_physics_independent,1,R038,37,10.1021/acsabm.1c00017,catalase,Kcat (s⁻¹),134000.0,30980.24083234834,5.127104798364807,4.491084789528849,-0.636020008835958,0.636020008835958,0.23119582710707717
publication_grouped_cv,M3_physics_independent,1,R038,37,10.1021/acsabm.1c00017,catalase,Vmax (nM s⁻¹),1005.0,84.84335950924363,3.002166061756508,1.9286178567733312,-1.0735482049831766,1.0735482049831766,0.08442125324302849
publication_grouped_cv,M3_physics_independent,1,R053,52,10.1021/acsabm.1c00017,peroxidase,Km (mM),0.0181,1.8972432884303954,-1.7423214251308154,0.2781230251680982,2.0204444502989136,2.0204444502989136,104.82007118399973
publication_grouped_cv,M3_physics_independent,1,R053,52,10.1021/acsabm.1c00017,peroxidase,Kcat (s⁻¹),21100.0,25071.788699597277,4.324282455297693,4.399185318986288,0.07490286368859511,0.07490286368859511,1.1882364312605345
publication_grouped_cv,M3_physics_independent,1,R053,52,10.1021/acsabm.1c00017,peroxidase,Vmax (nM s⁻¹),158.0,85.53880733101332,2.1986570869544226,1.9321631905879577,-0.2664938963664649,0.2664938963664649,0.5413848565254007
publication_grouped_cv,M3_physics_independent,1,R054,53,10.1021/acsabm.1c00017,peroxidase,Km (mM),0.022,1.8972432884303954,-1.6575773191777938,0.2781230251680982,1.935700344345892,1.935700344345892,86.23833129229071
publication_grouped_cv,M3_physics_independent,1,R054,53,10.1021/acsabm.1c00017,peroxidase,Kcat (s⁻¹),22500.0,25071.788699597277,4.352182518111363,4.399185318986288,0.04700280087492548,0.04700280087492548,1.1143017199821013
publication_grouped_cv,M3_physics_independent,1,R054,53,10.1021/acsabm.1c00017,peroxidase,Vmax (nM s⁻¹),174.0,85.53880733101332,2.2405492482826,1.9321631905879577,-0.3083860576946422,0.3083860576946422,0.4916023409828352
publication_grouped_cv,M3_physics_independent,1,R061,60,10.1016/j.apcatb.2019.05.012,unknown,Km (mM),0.58,1.271418081162498,-0.23657200643706275,0.10428838335152682,0.34086038978858957,0.34086038978858957,2.1921001399353415
publication_grouped_cv,M3_physics_independent,1,R061,60,10.1016/j.apcatb.2019.05.012,unknown,Kcat (s⁻¹),1190.0,6.757314049579543,3.0755469613925306,0.8297741034491712,-2.2457728579433596,2.2457728579433596,0.005678415167713902
publication_grouped_cv,M3_physics_independent,1,R061,60,10.1016/j.apcatb.2019.05.012,unknown,Vmax (nM s⁻¹),457.0,1012.4109709332469,2.6599162000698504,3.005356842718886,0.34544064264903573,0.34544064264903573,2.215341293070562
publication_grouped_cv,M3_physics_independent,1,R072,71,10.1021/bi00566a020,peroxidase,Km (mM),0.143,2.2362212426302706,-0.8446639625349383,0.349514768668871,1.1941787312038092,1.1941787312038092,15.637910787624271
publication_grouped_cv,M3_physics_independent,1,R072,71,10.1021/bi00566a020,peroxidase,Kcat (s⁻¹),0.0421,0.40907563022089555,-1.3757179041643317,-0.38819639186763244,0.9875215122966993,0.9875215122966993,9.716760812847875
publication_grouped_cv,M3_physics_independent,1,R072,71,10.1021/bi00566a020,peroxidase,Vmax (nM s⁻¹),45.0,581.9689510849691,1.6532125137753437,2.764899815006991,1.1116873012316473,1.1116873012316473,12.932643357443759
publication_grouped_cv,M3_physics_independent,1,R075,74,10.1021/acsabm.1c00017,peroxidase,Km (mM),0.0152,1.8972432884303954,-1.8181564120552274,0.2781230251680982,2.0962794372233255,2.0962794372233255,124.81863739673653
publication_grouped_cv,M3_physics_independent,1,R075,74,10.1021/acsabm.1c00017,peroxidase,Kcat (s⁻¹),16000.0,25071.788699597277,4.204119982655925,4.399185318986288,0.19506533633036316,0.19506533633036316,1.5669867937248299
publication_grouped_cv,M3_physics_independent,1,R075,74,10.1021/acsabm.1c00017,peroxidase,Vmax (nM s⁻¹),113.0,85.53880733101332,2.0530784434834195,1.9321631905879577,-0.12091525289546179,0.12091525289546179,0.7569805958496754
publication_grouped_cv,M4_full_physics_chain,1,R001,0,10.1016/j.apcatb.2019.05.012,unknown,Km (mM),0.16,0.5424601248628901,-0.7958800173440752,-0.26563218040751646,0.5302478369365587,0.5302478369365587,3.3903757803930628
publication_grouped_cv,M4_full_physics_chain,1,R001,0,10.1016/j.apcatb.2019.05.012,unknown,Kcat (s⁻¹),0.033,1.5260289703886099,-1.4814860601221125,0.18356277841603383,1.6650488385381463,1.6650488385381463,46.24330213298818
publication_grouped_cv,M4_full_physics_chain,1,R001,0,10.1016/j.apcatb.2019.05.012,unknown,Vmax (nM s⁻¹),51.6,1729.7404354282992,1.7126497016272113,3.2379809378578726,1.5253312362306612,1.5253312362306612,33.52210146178874
publication_grouped_cv,M4_full_physics_chain,1,R005,4,10.1021/bi00566a020,peroxidase,Km (mM),0.124,2.0888650170083425,-0.906578314837765,0.31991037666653016,1.2264886915042952,1.2264886915042952,16.84568562103502
publication_grouped_cv,M4_full_physics_chain,1,R005,4,10.1021/bi00566a020,peroxidase,Kcat (s⁻¹),0.0005,0.3295819840224453,-3.3010299956639813,-0.48203653621485765,2.8189934594491235,2.8189934594491235,659.1639680448906
publication_grouped_cv,M4_full_physics_chain,1,R005,4,10.1021/bi00566a020,peroxidase,Vmax (nM s⁻¹),0.47,1002.0504985491906,-0.3279021420642826,3.000889608446031,3.3287917505103133,3.3287917505103133,2132.0223373387034
publication_grouped_cv,M4_full_physics_chain,1,R006,5,10.1021/bi00566a020,peroxidase,Km (mM),0.12,1.235581631418822,-0.9208187539523752,0.09187144330637732,1.0126901972587525,1.0126901972587525,10.29651359515685
publication_grouped_cv,M4_full_physics_chain,1,R006,5,10.1021/bi00566a020,peroxidase,Kcat (s⁻¹),0.0006,0.218941822324968,-3.2218487496163566,-0.6596712714605133,2.562177478155843,2.562177478155843,364.90303720828007
publication_grouped_cv,M4_full_physics_chain,1,R006,5,10.1021/bi00566a020,peroxidase,Vmax (nM s⁻¹),0.6,2214.3083133053324,-0.2218487496163564,3.3452380905467463,3.567086840163103,3.567086840163103,3690.5138555088874
publication_grouped_cv,M4_full_physics_chain,1,R007,6,10.1016/j.bios.2018.11.043,peroxidase,Km (mM),6.22,2.6638733068376252,0.7937903846908186,0.4255135660501729,-0.36827681864064576,0.36827681864064576,0.4282754512600684
publication_grouped_cv,M4_full_physics_chain,1,R007,6,10.1016/j.bios.2018.11.043,peroxidase,Kcat (s⁻¹),1.8256,62.290997068829064,0.2614056270741394,1.79442528252007,1.5330196554459306,1.5330196554459306,34.1208353795076
publication_grouped_cv,M4_full_physics_chain,1,R007,6,10.1016/j.bios.2018.11.043,peroxidase,Vmax (nM s⁻¹),157.0,219.42889605377127,2.1958996524092336,2.3412938181811067,0.14539416577187314,0.14539416577187314,1.3976362805972693
publication_grouped_cv,M4_full_physics_chain,1,R012,11,10.1021/acsabm.1c00017,catalase,Km (mM),281.0,4.928101067974003,2.44870631990508,0.692679605977252,-1.7560267139278278,1.7560267139278278,0.017537726220548056
publication_grouped_cv,M4_full_physics_chain,1,R012,11,10.1021/acsabm.1c00017,catalase,Kcat (s⁻¹),74600.0,15064.160134747302,4.872738827472669,4.177944923662052,-0.6947939038106172,0.6947939038106172,0.20193244148454828
publication_grouped_cv,M4_full_physics_chain,1,R012,11,10.1021/acsabm.1c00017,catalase,Vmax (nM s⁻¹),527.0,92.62323960553164,2.7218106152125467,1.9667199668781392,-0.7550906483344075,0.7550906483344075,0.1757556728757716
publication_grouped_cv,M4_full_physics_chain,1,R016,15,10.1021/acsabm.1c00017,catalase,Km (mM),257.0,4.928101067974003,2.4099331233312946,0.692679605977252,-1.7172535173540426,1.7172535173540426,0.019175490536863824
publication_grouped_cv,M4_full_physics_chain,1,R016,15,10.1021/acsabm.1c00017,catalase,Kcat (s⁻¹),93800.0,15064.160134747302,4.972202838379064,4.177944923662052,-0.7942579147170123,0.7942579147170123,0.1605987221188412
publication_grouped_cv,M4_full_physics_chain,1,R016,15,10.1021/acsabm.1c00017,catalase,Vmax (nM s⁻¹),684.0,92.62323960553164,2.835056101720116,1.9667199668781392,-0.8683361348419769,0.8683361348419769,0.13541409299054333
publication_grouped_cv,M4_full_physics_chain,1,R017,16,10.1021/acsabm.1c00017,catalase,Km (mM),194.0,4.928101067974003,2.287801729930226,0.692679605977252,-1.595122123952974,1.595122123952974,0.025402582824608264
publication_grouped_cv,M4_full_physics_chain,1,R017,16,10.1021/acsabm.1c00017,catalase,Kcat (s⁻¹),83700.0,15064.160134747302,4.92272545799326,4.177944923662052,-0.7447805343312082,0.7447805343312082,0.17997801833628796
publication_grouped_cv,M4_full_physics_chain,1,R017,16,10.1021/acsabm.1c00017,catalase,Vmax (nM s⁻¹),646.0,92.62323960553164,2.8102325179950842,1.9667199668781392,-0.843512551116945,0.843512551116945,0.14337962787234
publication_grouped_cv,M4_full_physics_chain,1,R024,23,10.1021/acsabm.1c00017,peroxidase,Km (mM),0.0223,1.8972432884303954,-1.6516951369518393,0.2781230251680982,1.9298181621199375,1.9298181621199375,85.07817436907602
publication_grouped_cv,M4_full_physics_chain,1,R024,23,10.1021/acsabm.1c00017,peroxidase,Kcat (s⁻¹),23900.0,8863.715992288064,4.378397900948138,3.9476158321138057,-0.43078206883433223,0.43078206883433223,0.37086677792000267
publication_grouped_cv,M4_full_physics_chain,1,R024,23,10.1021/acsabm.1c00017,peroxidase,Vmax (nM s⁻¹),174.0,91.838061224618,2.2405492482826,1.963022706844647,-0.27752654143795286,0.27752654143795286,0.5278049495667702
publication_grouped_cv,M4_full_physics_chain,1,R026,25,10.1021/acsabm.1c00017,catalase,Km (mM),214.0,4.928101067974003,2.330413773349191,0.692679605977252,-1.637734167371939,1.637734167371939,0.02302850966342992
publication_grouped_cv,M4_full_physics_chain,1,R026,25,10.1021/acsabm.1c00017,catalase,Kcat (s⁻¹),60500.0,15064.160134747302,4.781755374652469,4.177944923662052,-0.6038104509904167,0.6038104509904167,0.2489943823925174
publication_grouped_cv,M4_full_physics_chain,1,R026,25,10.1021/acsabm.1c00017,catalase,Vmax (nM s⁻¹),506.0,92.62323960553164,2.7041505168397992,1.9667199668781392,-0.73743054996166,0.73743054996166,0.18304988064334315
publication_grouped_cv,M4_full_physics_chain,1,R031,30,10.1021/acsabm.1c00017,peroxidase,Km (mM),0.0223,1.8972432884303954,-1.6516951369518393,0.2781230251680982,1.9298181621199375,1.9298181621199375,85.07817436907602
publication_grouped_cv,M4_full_physics_chain,1,R031,30,10.1021/acsabm.1c00017,peroxidase,Kcat (s⁻¹),23900.0,8863.715992288064,4.378397900948138,3.9476158321138057,-0.43078206883433223,0.43078206883433223,0.37086677792000267
publication_grouped_cv,M4_full_physics_chain,1,R031,30,10.1021/acsabm.1c00017,peroxidase,Vmax (nM s⁻¹),174.0,91.838061224618,2.2405492482826,1.963022706844647,-0.27752654143795286,0.27752654143795286,0.5278049495667702
publication_grouped_cv,M4_full_physics_chain,1,R033,32,10.1021/acsabm.1c00017,catalase,Km (mM),214.0,4.928101067974003,2.330413773349191,0.692679605977252,-1.637734167371939,1.637734167371939,0.02302850966342992
publication_grouped_cv,M4_full_physics_chain,1,R033,32,10.1021/acsabm.1c00017,catalase,Kcat (s⁻¹),60500.0,15064.160134747302,4.781755374652469,4.177944923662052,-0.6038104509904167,0.6038104509904167,0.2489943823925174
publication_grouped_cv,M4_full_physics_chain,1,R033,32,10.1021/acsabm.1c00017,catalase,Vmax (nM s⁻¹),506.0,92.62323960553164,2.7041505168397992,1.9667199668781392,-0.73743054996166,0.73743054996166,0.18304988064334315
publication_grouped_cv,M4_full_physics_chain,1,R037,36,10.1021/acsabm.1c00017,peroxidase,Km (mM),0.0213,1.8972432884303954,-1.6716203965612624,0.2781230251680982,1.9497434217293605,1.9497434217293605,89.0724548558871
publication_grouped_cv,M4_full_physics_chain,1,R037,36,10.1021/acsabm.1c00017,peroxidase,Kcat (s⁻¹),16500.0,8863.715992288064,4.217483944213907,3.9476158321138057,-0.269868112100101,0.269868112100101,0.537194908623519
publication_grouped_cv,M4_full_physics_chain,1,R037,36,10.1021/acsabm.1c00017,peroxidase,Vmax (nM s⁻¹),138.0,91.838061224618,2.1398790864012365,1.963022706844647,-0.1768563795565894,0.1768563795565894,0.6654931972798406
publication_grouped_cv,M4_full_physics_chain,1,R038,37,10.1021/acsabm.1c00017,catalase,Km (mM),412.0,4.928101067974003,2.6148972160331345,0.692679605977252,-1.9222176100558825,1.9222176100558825,0.011961410359160202
publication_grouped_cv,M4_full_physics_chain,1,R038,37,10.1021/acsabm.1c00017,catalase,Kcat (s⁻¹),134000.0,15064.160134747302,5.127104798364807,4.177944923662052,-0.9491598747027554,0.9491598747027554,0.11241910548318883
publication_grouped_cv,M4_full_physics_chain,1,R038,37,10.1021/acsabm.1c00017,catalase,Vmax (nM s⁻¹),1005.0,92.62323960553164,3.002166061756508,1.9667199668781392,-1.0354460948783686,1.0354460948783686,0.09216242746819069
publication_grouped_cv,M4_full_physics_chain,1,R053,52,10.1021/acsabm.1c00017,peroxidase,Km (mM),0.0181,1.8972432884303954,-1.7423214251308154,0.2781230251680982,2.0204444502989136,2.0204444502989136,104.82007118399973
publication_grouped_cv,M4_full_physics_chain,1,R053,52,10.1021/acsabm.1c00017,peroxidase,Kcat (s⁻¹),21100.0,8863.715992288064,4.324282455297693,3.9476158321138057,-0.37666662318388733,0.37666662318388733,0.4200813266487234
publication_grouped_cv,M4_full_physics_chain,1,R053,52,10.1021/acsabm.1c00017,peroxidase,Vmax (nM s⁻¹),158.0,91.838061224618,2.1986570869544226,1.963022706844647,-0.23563438010977555,0.23563438010977555,0.5812535520545443
publication_grouped_cv,M4_full_physics_chain,1,R054,53,10.1021/acsabm.1c00017,peroxidase,Km (mM),0.022,1.8972432884303954,-1.6575773191777938,0.2781230251680982,1.935700344345892,1.935700344345892,86.23833129229071
publication_grouped_cv,M4_full_physics_chain,1,R054,53,10.1021/acsabm.1c00017,peroxidase,Kcat (s⁻¹),22500.0,8863.715992288064,4.352182518111363,3.9476158321138057,-0.40456668599755696,0.40456668599755696,0.3939429329905806
publication_grouped_cv,M4_full_physics_chain,1,R054,53,10.1021/acsabm.1c00017,peroxidase,Vmax (nM s⁻¹),174.0,91.838061224618,2.2405492482826,1.963022706844647,-0.27752654143795286,0.27752654143795286,0.5278049495667702
publication_grouped_cv,M4_full_physics_chain,1,R061,60,10.1016/j.apcatb.2019.05.012,unknown,Km (mM),0.58,1.271418081162498,-0.23657200643706275,0.10428838335152682,0.34086038978858957,0.34086038978858957,2.1921001399353415
publication_grouped_cv,M4_full_physics_chain,1,R061,60,10.1016/j.apcatb.2019.05.012,unknown,Kcat (s⁻¹),1190.0,1.825372605827052,3.0755469613925306,0.2613515285939162,-2.8141954327986145,2.8141954327986145,0.0015339265595185312
publication_grouped_cv,M4_full_physics_chain,1,R061,60,10.1016/j.apcatb.2019.05.012,unknown,Vmax (nM s⁻¹),457.0,1039.5887514022468,2.6599162000698504,3.0168615716847245,0.35694537161487405,0.35694537161487405,2.274811272214982
publication_grouped_cv,M4_full_physics_chain,1,R072,71,10.1021/bi00566a020,peroxidase,Km (mM),0.143,2.2362212426302706,-0.8446639625349383,0.349514768668871,1.1941787312038092,1.1941787312038092,15.637910787624271
publication_grouped_cv,M4_full_physics_chain,1,R072,71,10.1021/bi00566a020,peroxidase,Kcat (s⁻¹),0.0421,0.6266885593872832,-1.3757179041643317,-0.20294823355968228,1.1727696706046493,1.1727696706046493,14.885713999697938
publication_grouped_cv,M4_full_physics_chain,1,R072,71,10.1021/bi00566a020,peroxidase,Vmax (nM s⁻¹),45.0,808.3272129865719,1.6532125137753437,2.9075871999181393,1.2543746861427956,1.2543746861427956,17.962826955257153
publication_grouped_cv,M4_full_physics_chain,1,R075,74,10.1021/acsabm.1c00017,peroxidase,Km (mM),0.0152,1.8972432884303954,-1.8181564120552274,0.2781230251680982,2.0962794372233255,2.0962794372233255,124.81863739673653
publication_grouped_cv,M4_full_physics_chain,1,R075,74,10.1021/acsabm.1c00017,peroxidase,Kcat (s⁻¹),16000.0,8863.715992288064,4.204119982655925,3.9476158321138057,-0.2565041505421193,0.2565041505421193,0.553982249518004
publication_grouped_cv,M4_full_physics_chain,1,R075,74,10.1021/acsabm.1c00017,peroxidase,Vmax (nM s⁻¹),113.0,91.838061224618,2.0530784434834195,1.963022706844647,-0.09005573663877242,0.09005573663877242,0.8127262055275929
publication_grouped_cv,A0_physics_no_arrhenius,1,R001,0,10.1016/j.apcatb.2019.05.012,unknown,Km (mM),0.16,0.22272406676943485,-0.7958800173440752,-0.6522328521153288,0.14364716522874643,0.14364716522874643,1.3920254173089677
publication_grouped_cv,A0_physics_no_arrhenius,1,R001,0,10.1016/j.apcatb.2019.05.012,unknown,Kcat (s⁻¹),0.033,164.30777131422707,-1.4814860601221125,2.2156581048779684,3.697144165000081,3.697144165000081,4979.023373158396
publication_grouped_cv,A0_physics_no_arrhenius,1,R001,0,10.1016/j.apcatb.2019.05.012,unknown,Vmax (nM s⁻¹),51.6,35.159227109910766,1.7126497016272113,1.5460393195988276,-0.16661038202838374,0.16661038202838374,0.6813803703471079
publication_grouped_cv,A0_physics_no_arrhenius,1,R005,4,10.1021/bi00566a020,peroxidase,Km (mM),0.124,4.336218210403709,-0.906578314837765,0.63711112897076,1.5436894438085251,1.5436894438085251,34.96950169680411
publication_grouped_cv,A0_physics_no_arrhenius,1,R005,4,10.1021/bi00566a020,peroxidase,Kcat (s⁻¹),0.0005,0.012541872892445753,-3.3010299956639813,-1.9016376049630883,1.399392390700893,1.399392390700893,25.083745784891505
publication_grouped_cv,A0_physics_no_arrhenius,1,R005,4,10.1021/bi00566a020,peroxidase,Vmax (nM s⁻¹),0.47,13199.00339944012,-0.3279021420642826,4.120541140716188,4.448443282780471,4.448443282780471,28082.985956255576
publication_grouped_cv,A0_physics_no_arrhenius,1,R006,5,10.1021/bi00566a020,peroxidase,Km (mM),0.12,2.717169832045143,-0.9208187539523752,0.4341167840987803,1.3549355380511554,1.3549355380511554,22.643081933709528
publication_grouped_cv,A0_physics_no_arrhenius,1,R006,5,10.1021/bi00566a020,peroxidase,Kcat (s⁻¹),0.0006,0.006985162914854814,-3.2218487496163566,-2.1558234603876842,1.0660252892286723,1.0660252892286723,11.64193819142469
publication_grouped_cv,A0_physics_no_arrhenius,1,R006,5,10.1021/bi00566a020,peroxidase,Vmax (nM s⁻¹),0.6,79787.85534679674,-0.2218487496163564,4.901936791635691,5.123785541252047,5.123785541252047,132979.75891132792
publication_grouped_cv,A0_physics_no_arrhenius,1,R007,6,10.1016/j.bios.2018.11.043,peroxidase,Km (mM),6.22,10.21260297040914,0.7937903846908186,1.0091364484148946,0.21534606372407594,0.21534606372407594,1.6418975836670644
publication_grouped_cv,A0_physics_no_arrhenius,1,R007,6,10.1016/j.bios.2018.11.043,peroxidase,Kcat (s⁻¹),1.8256,197.59653670683892,0.2614056270741394,2.295779328397914,2.0343737013237746,2.0343737013237746,108.23649030830353
publication_grouped_cv,A0_physics_no_arrhenius,1,R007,6,10.1016/j.bios.2018.11.043,peroxidase,Vmax (nM s⁻¹),157.0,189.95372058221267,2.1958996524092336,2.278647804405611,0.0827481519963773,0.0827481519963773,1.209896309440845
publication_grouped_cv,A0_physics_no_arrhenius,1,R012,11,10.1021/acsabm.1c00017,catalase,Km (mM),281.0,3.467334669077323,2.44870631990508,0.539995762025284,-1.9087105578797958,1.9087105578797958,0.012339269284972679
publication_grouped_cv,A0_physics_no_arrhenius,1,R012,11,10.1021/acsabm.1c00017,catalase,Kcat (s⁻¹),74600.0,22531.20388963608,4.872738827472669,4.352784397611857,-0.5199544298608121,0.5199544298608121,0.30202686179136834
publication_grouped_cv,A0_physics_no_arrhenius,1,R012,11,10.1021/acsabm.1c00017,catalase,Vmax (nM s⁻¹),527.0,115.76061255339138,2.7218106152125467,2.063560816209235,-0.6582497990033116,0.6582497990033116,0.2196596063631715
publication_grouped_cv,A0_physics_no_arrhenius,1,R016,15,10.1021/acsabm.1c00017,catalase,Km (mM),257.0,3.467334669077323,2.4099331233312946,0.539995762025284,-1.8699373613060106,1.8699373613060106,0.013491574587849506
publication_grouped_cv,A0_physics_no_arrhenius,1,R016,15,10.1021/acsabm.1c00017,catalase,Kcat (s⁻¹),93800.0,22531.20388963608,4.972202838379064,4.352784397611857,-0.6194184407672072,0.6194184407672072,0.2402047322988921
publication_grouped_cv,A0_physics_no_arrhenius,1,R016,15,10.1021/acsabm.1c00017,catalase,Vmax (nM s⁻¹),684.0,115.76061255339138,2.835056101720116,2.063560816209235,-0.771495285510881,0.771495285510881,0.1692406616277652
publication_grouped_cv,A0_physics_no_arrhenius,1,R017,16,10.1021/acsabm.1c00017,catalase,Km (mM),194.0,3.467334669077323,2.287801729930226,0.539995762025284,-1.747805967904942,1.747805967904942,0.017872859118955274
publication_grouped_cv,A0_physics_no_arrhenius,1,R017,16,10.1021/acsabm.1c00017,catalase,Kcat (s⁻¹),83700.0,22531.20388963608,4.92272545799326,4.352784397611857,-0.569941060381403,0.569941060381403,0.26919001062886594
publication_grouped_cv,A0_physics_no_arrhenius,1,R017,16,10.1021/acsabm.1c00017,catalase,Vmax (nM s⁻¹),646.0,115.76061255339138,2.8102325179950842,2.063560816209235,-0.7466717017858491,0.7466717017858491,0.17919599466469255
publication_grouped_cv,A0_physics_no_arrhenius,1,R024,23,10.1021/acsabm.1c00017,peroxidase,Km (mM),0.0223,3.467334669077323,-1.6516951369518393,0.539995762025284,2.1916908989771233,2.1916908989771233,155.48585959987994
publication_grouped_cv,A0_physics_no_arrhenius,1,R024,23,10.1021/acsabm.1c00017,peroxidase,Kcat (s⁻¹),23900.0,22531.20388963608,4.378397900948138,4.352784397611857,-0.025613503336280985,0.025613503336280985,0.9427281962190828
publication_grouped_cv,A0_physics_no_arrhenius,1,R024,23,10.1021/acsabm.1c00017,peroxidase,Vmax (nM s⁻¹),174.0,115.76061255339138,2.2405492482826,2.063560816209235,-0.1769884320733648,0.1769884320733648,0.6652908767436286
publication_grouped_cv,A0_physics_no_arrhenius,1,R026,25,10.1021/acsabm.1c00017,catalase,Km (mM),214.0,3.467334669077323,2.330413773349191,0.539995762025284,-1.790418011323907,1.790418011323907,0.01620249845363235
publication_grouped_cv,A0_physics_no_arrhenius,1,R026,25,10.1021/acsabm.1c00017,catalase,Kcat (s⁻¹),60500.0,22531.20388963608,4.781755374652469,4.352784397611857,-0.4289709770406116,0.4289709770406116,0.3724165932171253
publication_grouped_cv,A0_physics_no_arrhenius,1,R026,25,10.1021/acsabm.1c00017,catalase,Vmax (nM s⁻¹),506.0,115.76061255339138,2.7041505168397992,2.063560816209235,-0.6405897006305641,0.6405897006305641,0.22877591413713713
publication_grouped_cv,A0_physics_no_arrhenius,1,R031,30,10.1021/acsabm.1c00017,peroxidase,Km (mM),0.0223,3.467334669077323,-1.6516951369518393,0.539995762025284,2.1916908989771233,2.1916908989771233,155.48585959987994
publication_grouped_cv,A0_physics_no_arrhenius,1,R031,30,10.1021/acsabm.1c00017,peroxidase,Kcat (s⁻¹),23900.0,22531.20388963608,4.378397900948138,4.352784397611857,-0.025613503336280985,0.025613503336280985,0.9427281962190828
publication_grouped_cv,A0_physics_no_arrhenius,1,R031,30,10.1021/acsabm.1c00017,peroxidase,Vmax (nM s⁻¹),174.0,115.76061255339138,2.2405492482826,2.063560816209235,-0.1769884320733648,0.1769884320733648,0.6652908767436286
publication_grouped_cv,A0_physics_no_arrhenius,1,R033,32,10.1021/acsabm.1c00017,catalase,Km (mM),214.0,3.467334669077323,2.330413773349191,0.539995762025284,-1.790418011323907,1.790418011323907,0.01620249845363235
publication_grouped_cv,A0_physics_no_arrhenius,1,R033,32,10.1021/acsabm.1c00017,catalase,Kcat (s⁻¹),60500.0,22531.20388963608,4.781755374652469,4.352784397611857,-0.4289709770406116,0.4289709770406116,0.3724165932171253
publication_grouped_cv,A0_physics_no_arrhenius,1,R033,32,10.1021/acsabm.1c00017,catalase,Vmax (nM s⁻¹),506.0,115.76061255339138,2.7041505168397992,2.063560816209235,-0.6405897006305641,0.6405897006305641,0.22877591413713713
publication_grouped_cv,A0_physics_no_arrhenius,1,R037,36,10.1021/acsabm.1c00017,peroxidase,Km (mM),0.0213,3.467334669077323,-1.6716203965612624,0.539995762025284,2.2116161585865464,2.2116161585865464,162.7856652148978
publication_grouped_cv,A0_physics_no_arrhenius,1,R037,36,10.1021/acsabm.1c00017,peroxidase,Kcat (s⁻¹),16500.0,22531.20388963608,4.217483944213907,4.352784397611857,0.13530045339795027,0.13530045339795027,1.3655275084627927
publication_grouped_cv,A0_physics_no_arrhenius,1,R037,36,10.1021/acsabm.1c00017,peroxidase,Vmax (nM s⁻¹),138.0,115.76061255339138,2.1398790864012365,2.063560816209235,-0.07631827019200133,0.07631827019200133,0.8388450185028361
publication_grouped_cv,A0_physics_no_arrhenius,1,R038,37,10.1021/acsabm.1c00017,catalase,Km (mM),412.0,3.467334669077323,2.6148972160331345,0.539995762025284,-2.0749014540078505,2.0749014540078505,0.008415860847275056
publication_grouped_cv,A0_physics_no_arrhenius,1,R038,37,10.1021/acsabm.1c00017,catalase,Kcat (s⁻¹),134000.0,22531.20388963608,5.127104798364807,4.352784397611857,-0.7743204007529503,0.7743204007529503,0.16814331260922447
publication_grouped_cv,A0_physics_no_arrhenius,1,R038,37,10.1021/acsabm.1c00017,catalase,Vmax (nM s⁻¹),1005.0,115.76061255339138,3.002166061756508,2.063560816209235,-0.9386052455472726,0.9386052455472726,0.11518468910785212
publication_grouped_cv,A0_physics_no_arrhenius,1,R053,52,10.1021/acsabm.1c00017,peroxidase,Km (mM),0.0181,3.467334669077323,-1.7423214251308154,0.539995762025284,2.2823171871560994,2.2823171871560994,191.56545133023883
publication_grouped_cv,A0_physics_no_arrhenius,1,R053,52,10.1021/acsabm.1c00017,peroxidase,Kcat (s⁻¹),21100.0,22531.20388963608,4.324282455297693,4.352784397611857,0.02850194231416392,0.02850194231416392,1.067829568229198
publication_grouped_cv,A0_physics_no_arrhenius,1,R053,52,10.1021/acsabm.1c00017,peroxidase,Vmax (nM s⁻¹),158.0,115.76061255339138,2.1986570869544226,2.063560816209235,-0.13509627074518749,0.13509627074518749,0.7326621047682998
publication_grouped_cv,A0_physics_no_arrhenius,1,R054,53,10.1021/acsabm.1c00017,peroxidase,Km (mM),0.022,3.467334669077323,-1.6575773191777938,0.539995762025284,2.197573081203078,2.197573081203078,157.60612132169652
publication_grouped_cv,A0_physics_no_arrhenius,1,R054,53,10.1021/acsabm.1c00017,peroxidase,Kcat (s⁻¹),22500.0,22531.20388963608,4.352182518111363,4.352784397611857,0.0006018795004942845,0.0006018795004942845,1.0013868395393812
publication_grouped_cv,A0_physics_no_arrhenius,1,R054,53,10.1021/acsabm.1c00017,peroxidase,Vmax (nM s⁻¹),174.0,115.76061255339138,2.2405492482826,2.063560816209235,-0.1769884320733648,0.1769884320733648,0.6652908767436286
publication_grouped_cv,A0_physics_no_arrhenius,1,R061,60,10.1016/j.apcatb.2019.05.012,unknown,Km (mM),0.58,0.5028427998081589,-0.23657200643706275,-0.2985677641415408,-0.061995757704478044,0.061995757704478044,0.8669703444968259
publication_grouped_cv,A0_physics_no_arrhenius,1,R061,60,10.1016/j.apcatb.2019.05.012,unknown,Kcat (s⁻¹),1190.0,128.15516017535975,3.0755469613925306,2.107736097766194,-0.9678108636263367,0.9678108636263367,0.10769341191206702
publication_grouped_cv,A0_physics_no_arrhenius,1,R061,60,10.1016/j.apcatb.2019.05.012,unknown,Vmax (nM s⁻¹),457.0,47.904326618025735,2.6599162000698504,1.680374739750189,-0.9795414603196615,0.9795414603196615,0.1048234718118725
publication_grouped_cv,A0_physics_no_arrhenius,1,R072,71,10.1021/bi00566a020,peroxidase,Km (mM),0.143,4.69720420892983,-0.8446639625349383,0.6718394413592212,1.5165034038941596,1.5165034038941596,32.847581880628184
publication_grouped_cv,A0_physics_no_arrhenius,1,R072,71,10.1021/bi00566a020,peroxidase,Kcat (s⁻¹),0.0421,0.022407364361416982,-1.3757179041643317,-1.6496092238133941,-0.27389131964906244,0.27389131964906244,0.5322414337628737
publication_grouped_cv,A0_physics_no_arrhenius,1,R072,71,10.1021/bi00566a020,peroxidase,Vmax (nM s⁻¹),45.0,7372.70627867205,1.6532125137753437,3.8676269323850088,2.214414418609665,2.214414418609665,163.83791730382333
publication_grouped_cv,A0_physics_no_arrhenius,1,R075,74,10.1021/acsabm.1c00017,peroxidase,Km (mM),0.0152,3.467334669077323,-1.8181564120552274,0.539995762025284,2.3581521740805114,2.3581521740805114,228.11412296561335
publication_grouped_cv,A0_physics_no_arrhenius,1,R075,74,10.1021/acsabm.1c00017,peroxidase,Kcat (s⁻¹),16000.0,22531.20388963608,4.204119982655925,4.352784397611857,0.14866441495593197,0.14866441495593197,1.408200243102255
publication_grouped_cv,A0_physics_no_arrhenius,1,R075,74,10.1021/acsabm.1c00017,peroxidase,Vmax (nM s⁻¹),113.0,115.76061255339138,2.0530784434834195,2.063560816209235,0.010482372725815647,0.010482372725815647,1.0244301995875345
publication_grouped_cv,A1_physics_plus_activity_category,1,R001,0,10.1016/j.apcatb.2019.05.012,unknown,Km (mM),0.16,1.064926051520605,-0.7958800173440752,0.027319451407086966,0.8231994687511621,0.8231994687511621,6.655787822003781
publication_grouped_cv,A1_physics_plus_activity_category,1,R001,0,10.1016/j.apcatb.2019.05.012,unknown,Kcat (s⁻¹),0.033,0.29397266905786035,-1.4814860601221125,-0.5316930445167796,0.9497930156053329,0.9497930156053329,8.90826269872304
publication_grouped_cv,A1_physics_plus_activity_category,1,R001,0,10.1016/j.apcatb.2019.05.012,unknown,Vmax (nM s⁻¹),51.6,4678.401445535318,1.7126497016272113,3.670097485130341,1.9574477835031296,1.9574477835031296,90.66669468091702
publication_grouped_cv,A1_physics_plus_activity_category,1,R005,4,10.1021/bi00566a020,peroxidase,Km (mM),0.124,0.5134981556135461,-0.906578314837765,-0.2894611119660175,0.6171172028717475,0.6171172028717475,4.1411141581737585
publication_grouped_cv,A1_physics_plus_activity_category,1,R005,4,10.1021/bi00566a020,peroxidase,Kcat (s⁻¹),0.0005,0.2972813993032117,-3.3010299956639813,-0.526832263458004,2.774197732205977,2.774197732205977,594.5627986064234
publication_grouped_cv,A1_physics_plus_activity_category,1,R005,4,10.1021/bi00566a020,peroxidase,Vmax (nM s⁻¹),0.47,1104.775422762374,-0.3279021420642826,3.0432740042043487,3.371176146268631,3.371176146268631,2350.586005877392
publication_grouped_cv,A1_physics_plus_activity_category,1,R006,5,10.1021/bi00566a020,peroxidase,Km (mM),0.12,0.8108257893007647,-0.9208187539523752,-0.09107244649494511,0.82974630745743,0.82974630745743,6.756881577506372
publication_grouped_cv,A1_physics_plus_activity_category,1,R006,5,10.1021/bi00566a020,peroxidase,Kcat (s⁻¹),0.0006,0.2941447288316589,-3.2218487496163566,-0.5314389299038866,2.69040981971247,2.69040981971247,490.2412147194315
publication_grouped_cv,A1_physics_plus_activity_category,1,R006,5,10.1021/bi00566a020,peroxidase,Vmax (nM s⁻¹),0.6,1787.7505616133435,-0.2218487496163564,3.2523069231444763,3.474155672760833,3.474155672760833,2979.584269355573
publication_grouped_cv,A1_physics_plus_activity_category,1,R007,6,10.1016/j.bios.2018.11.043,peroxidase,Km (mM),6.22,0.2176939742129541,0.7937903846908186,-0.6621535920993822,-1.4559439767902007,1.4559439767902007,0.03499903122394761
publication_grouped_cv,A1_physics_plus_activity_category,1,R007,6,10.1016/j.bios.2018.11.043,peroxidase,Kcat (s⁻¹),1.8256,13.713255021125171,0.2614056270741394,1.1371405525230742,0.8757349254489348,0.8757349254489348,7.511642759161465
publication_grouped_cv,A1_physics_plus_activity_category,1,R007,6,10.1016/j.bios.2018.11.043,peroxidase,Vmax (nM s⁻¹),157.0,228.34443824907754,2.1958996524092336,2.358590438026876,0.1626907856176425,0.1626907856176425,1.4544231735610034
publication_grouped_cv,A1_physics_plus_activity_category,1,R012,11,10.1021/acsabm.1c00017,catalase,Km (mM),281.0,7.771424837568762,2.44870631990508,0.8905006510227887,-1.558205668882291,1.558205668882291,0.027656316147931535
publication_grouped_cv,A1_physics_plus_activity_category,1,R012,11,10.1021/acsabm.1c00017,catalase,Kcat (s⁻¹),74600.0,6478.219626891764,4.872738827472669,3.8114556675287896,-1.0612831599438795,1.0612831599438795,0.08683940518621668
publication_grouped_cv,A1_physics_plus_activity_category,1,R012,11,10.1021/acsabm.1c00017,catalase,Vmax (nM s⁻¹),527.0,83.78051681985947,2.7218106152125467,1.9231430350813097,-0.7986675801312371,0.7986675801312371,0.15897631275115648
publication_grouped_cv,A1_physics_plus_activity_category,1,R016,15,10.1021/acsabm.1c00017,catalase,Km (mM),257.0,7.771424837568762,2.4099331233312946,0.8905006510227887,-1.5194324723085058,1.5194324723085058,0.030239007150073
publication_grouped_cv,A1_physics_plus_activity_category,1,R016,15,10.1021/acsabm.1c00017,catalase,Kcat (s⁻¹),93800.0,6478.219626891764,4.972202838379064,3.8114556675287896,-1.1607471708502746,1.1607471708502746,0.06906417512677787
publication_grouped_cv,A1_physics_plus_activity_category,1,R016,15,10.1021/acsabm.1c00017,catalase,Vmax (nM s⁻¹),684.0,83.78051681985947,2.835056101720116,1.9231430350813097,-0.9119130666388064,0.9119130666388064,0.12248613570154894
publication_grouped_cv,A1_physics_plus_activity_category,1,R017,16,10.1021/acsabm.1c00017,catalase,Km (mM),194.0,7.771424837568762,2.287801729930226,0.8905006510227887,-1.3973010789074372,1.3973010789074372,0.040058890915302896
publication_grouped_cv,A1_physics_plus_activity_category,1,R017,16,10.1021/acsabm.1c00017,catalase,Kcat (s⁻¹),83700.0,6478.219626891764,4.92272545799326,3.8114556675287896,-1.1112697904644704,1.1112697904644704,0.07739808395330662
publication_grouped_cv,A1_physics_plus_activity_category,1,R017,16,10.1021/acsabm.1c00017,catalase,Vmax (nM s⁻¹),646.0,83.78051681985947,2.8102325179950842,1.9231430350813097,-0.8870894829137745,0.8870894829137745,0.1296912025075224
publication_grouped_cv,A1_physics_plus_activity_category,1,R024,23,10.1021/acsabm.1c00017,peroxidase,Km (mM),0.0223,0.7135855279067465,-1.6516951369518393,-0.14655396638694337,1.505141170564896,1.505141170564896,31.99935102720836
publication_grouped_cv,A1_physics_plus_activity_category,1,R024,23,10.1021/acsabm.1c00017,peroxidase,Kcat (s⁻¹),23900.0,1253.8203032317253,4.378397900948138,3.098235298131837,-1.2801626028163011,1.2801626028163011,0.052461100553628674
publication_grouped_cv,A1_physics_plus_activity_category,1,R024,23,10.1021/acsabm.1c00017,peroxidase,Vmax (nM s⁻¹),174.0,126.0317399745565,2.2405492482826,2.1004799321009635,-0.14006931618163643,0.14006931618163643,0.7243203446813592
publication_grouped_cv,A1_physics_plus_activity_category,1,R026,25,10.1021/acsabm.1c00017,catalase,Km (mM),214.0,7.771424837568762,2.330413773349191,0.8905006510227887,-1.4399131223264021,1.4399131223264021,0.036315069334433465
publication_grouped_cv,A1_physics_plus_activity_category,1,R026,25,10.1021/acsabm.1c00017,catalase,Kcat (s⁻¹),60500.0,6478.219626891764,4.781755374652469,3.8114556675287896,-0.970299707123679,0.970299707123679,0.10707801036184735
publication_grouped_cv,A1_physics_plus_activity_category,1,R026,25,10.1021/acsabm.1c00017,catalase,Vmax (nM s⁻¹),506.0,83.78051681985947,2.7041505168397992,1.9231430350813097,-0.7810074817584896,0.7810074817584896,0.16557414391276576
publication_grouped_cv,A1_physics_plus_activity_category,1,R031,30,10.1021/acsabm.1c00017,peroxidase,Km (mM),0.0223,0.7135855279067465,-1.6516951369518393,-0.14655396638694337,1.505141170564896,1.505141170564896,31.99935102720836
publication_grouped_cv,A1_physics_plus_activity_category,1,R031,30,10.1021/acsabm.1c00017,peroxidase,Kcat (s⁻¹),23900.0,1253.8203032317253,4.378397900948138,3.098235298131837,-1.2801626028163011,1.2801626028163011,0.052461100553628674
publication_grouped_cv,A1_physics_plus_activity_category,1,R031,30,10.1021/acsabm.1c00017,peroxidase,Vmax (nM s⁻¹),174.0,126.0317399745565,2.2405492482826,2.1004799321009635,-0.14006931618163643,0.14006931618163643,0.7243203446813592
publication_grouped_cv,A1_physics_plus_activity_category,1,R033,32,10.1021/acsabm.1c00017,catalase,Km (mM),214.0,7.771424837568762,2.330413773349191,0.8905006510227887,-1.4399131223264021,1.4399131223264021,0.036315069334433465
publication_grouped_cv,A1_physics_plus_activity_category,1,R033,32,10.1021/acsabm.1c00017,catalase,Kcat (s⁻¹),60500.0,6478.219626891764,4.781755374652469,3.8114556675287896,-0.970299707123679,0.970299707123679,0.10707801036184735
publication_grouped_cv,A1_physics_plus_activity_category,1,R033,32,10.1021/acsabm.1c00017,catalase,Vmax (nM s⁻¹),506.0,83.78051681985947,2.7041505168397992,1.9231430350813097,-0.7810074817584896,0.7810074817584896,0.16557414391276576
publication_grouped_cv,A1_physics_plus_activity_category,1,R037,36,10.1021/acsabm.1c00017,peroxidase,Km (mM),0.0213,0.7135855279067465,-1.6716203965612624,-0.14655396638694337,1.525066430174319,1.525066430174319,33.501667976842555
publication_grouped_cv,A1_physics_plus_activity_category,1,R037,36,10.1021/acsabm.1c00017,peroxidase,Kcat (s⁻¹),16500.0,1253.8203032317253,4.217483944213907,3.098235298131837,-1.1192486460820699,1.1192486460820699,0.07598910928677123
publication_grouped_cv,A1_physics_plus_activity_category,1,R037,36,10.1021/acsabm.1c00017,peroxidase,Vmax (nM s⁻¹),138.0,126.0317399745565,2.1398790864012365,2.1004799321009635,-0.039399154300272965,0.039399154300272965,0.9132734780764964
publication_grouped_cv,A1_physics_plus_activity_category,1,R038,37,10.1021/acsabm.1c00017,catalase,Km (mM),412.0,7.771424837568762,2.6148972160331345,0.8905006510227887,-1.7243965650103457,1.7243965650103457,0.01886268164458437
publication_grouped_cv,A1_physics_plus_activity_category,1,R038,37,10.1021/acsabm.1c00017,catalase,Kcat (s⁻¹),134000.0,6478.219626891764,5.127104798364807,3.8114556675287896,-1.3156491308360176,1.3156491308360176,0.04834492258874451
publication_grouped_cv,A1_physics_plus_activity_category,1,R038,37,10.1021/acsabm.1c00017,catalase,Vmax (nM s⁻¹),1005.0,83.78051681985947,3.002166061756508,1.9231430350813097,-1.0790230266751981,1.0790230266751981,0.08336369832821838
publication_grouped_cv,A1_physics_plus_activity_category,1,R053,52,10.1021/acsabm.1c00017,peroxidase,Km (mM),0.0181,0.7135855279067465,-1.7423214251308154,-0.14655396638694337,1.5957674587438722,1.5957674587438722,39.4246148014777
publication_grouped_cv,A1_physics_plus_activity_category,1,R053,52,10.1021/acsabm.1c00017,peroxidase,Kcat (s⁻¹),21100.0,1253.8203032317253,4.324282455297693,3.098235298131837,-1.2260471571658562,1.2260471571658562,0.05942276318633769
publication_grouped_cv,A1_physics_plus_activity_category,1,R053,52,10.1021/acsabm.1c00017,peroxidase,Vmax (nM s⁻¹),158.0,126.0317399745565,2.1986570869544226,2.1004799321009635,-0.09817715485345913,0.09817715485345913,0.7976692403452943
publication_grouped_cv,A1_physics_plus_activity_category,1,R054,53,10.1021/acsabm.1c00017,peroxidase,Km (mM),0.022,0.7135855279067465,-1.6575773191777938,-0.14655396638694337,1.5110233527908505,1.5110233527908505,32.435705813943024
publication_grouped_cv,A1_physics_plus_activity_category,1,R054,53,10.1021/acsabm.1c00017,peroxidase,Kcat (s⁻¹),22500.0,1253.8203032317253,4.352182518111363,3.098235298131837,-1.2539472199795259,1.2539472199795259,0.055725346810298906
publication_grouped_cv,A1_physics_plus_activity_category,1,R054,53,10.1021/acsabm.1c00017,peroxidase,Vmax (nM s⁻¹),174.0,126.0317399745565,2.2405492482826,2.1004799321009635,-0.14006931618163643,0.14006931618163643,0.7243203446813592
publication_grouped_cv,A1_physics_plus_activity_category,1,R061,60,10.1016/j.apcatb.2019.05.012,unknown,Km (mM),0.58,1.6634427804268583,-0.23657200643706275,0.221007866477899,0.4575798729149617,0.4575798729149617,2.868004793839411
publication_grouped_cv,A1_physics_plus_activity_category,1,R061,60,10.1016/j.apcatb.2019.05.012,unknown,Kcat (s⁻¹),1190.0,0.3326407152323846,3.0755469613925306,-0.4780245942068582,-3.553571555599389,3.553571555599389,0.0002795300128003232
publication_grouped_cv,A1_physics_plus_activity_category,1,R061,60,10.1016/j.apcatb.2019.05.012,unknown,Vmax (nM s⁻¹),457.0,2677.0353644996467,2.6599162000698504,3.427654108394854,0.7677379083250035,0.7677379083250035,5.857845436541896
publication_grouped_cv,A1_physics_plus_activity_category,1,R072,71,10.1021/bi00566a020,peroxidase,Km (mM),0.143,0.4213602379970866,-0.8446639625349383,-0.37534644934776507,0.4693175131871732,0.4693175131871732,2.9465750908887176
publication_grouped_cv,A1_physics_plus_activity_category,1,R072,71,10.1021/bi00566a020,peroxidase,Kcat (s⁻¹),0.0421,0.39874510579306854,-1.3757179041643317,-0.3993046344428702,0.9764132697214616,0.9764132697214616,9.471380185108517
publication_grouped_cv,A1_physics_plus_activity_category,1,R072,71,10.1021/bi00566a020,peroxidase,Vmax (nM s⁻¹),45.0,1099.5305359606207,1.6532125137753437,3.041207295011085,1.3879947812357412,1.3879947812357412,24.434011910236016
publication_grouped_cv,A1_physics_plus_activity_category,1,R075,74,10.1021/acsabm.1c00017,peroxidase,Km (mM),0.0152,0.7135855279067465,-1.8181564120552274,-0.14655396638694337,1.671602445668284,1.671602445668284,46.946416309654374
publication_grouped_cv,A1_physics_plus_activity_category,1,R075,74,10.1021/acsabm.1c00017,peroxidase,Kcat (s⁻¹),16000.0,1253.8203032317253,4.204119982655925,3.098235298131837,-1.1058846845240882,1.1058846845240882,0.07836376895198284
publication_grouped_cv,A1_physics_plus_activity_category,1,R075,74,10.1021/acsabm.1c00017,peroxidase,Vmax (nM s⁻¹),113.0,126.0317399745565,2.0530784434834195,2.1004799321009635,0.04740148861754401,0.04740148861754401,1.1153251325181992
publication_grouped_cv,A2_physics_plus_arrhenius,1,R001,0,10.1016/j.apcatb.2019.05.012,unknown,Km (mM),0.16,0.5424601248628901,-0.7958800173440752,-0.26563218040751646,0.5302478369365587,0.5302478369365587,3.3903757803930628
publication_grouped_cv,A2_physics_plus_arrhenius,1,R001,0,10.1016/j.apcatb.2019.05.012,unknown,Kcat (s⁻¹),0.033,1.5260289703886099,-1.4814860601221125,0.18356277841603383,1.6650488385381463,1.6650488385381463,46.24330213298818
publication_grouped_cv,A2_physics_plus_arrhenius,1,R001,0,10.1016/j.apcatb.2019.05.012,unknown,Vmax (nM s⁻¹),51.6,1729.7404354282992,1.7126497016272113,3.2379809378578726,1.5253312362306612,1.5253312362306612,33.52210146178874
publication_grouped_cv,A2_physics_plus_arrhenius,1,R005,4,10.1021/bi00566a020,peroxidase,Km (mM),0.124,2.088865017008341,-0.906578314837765,0.3199103766665299,1.226488691504295,1.226488691504295,16.84568562103501
publication_grouped_cv,A2_physics_plus_arrhenius,1,R005,4,10.1021/bi00566a020,peroxidase,Kcat (s⁻¹),0.0005,0.32958198402244515,-3.3010299956639813,-0.48203653621485787,2.8189934594491235,2.8189934594491235,659.1639680448903
publication_grouped_cv,A2_physics_plus_arrhenius,1,R005,4,10.1021/bi00566a020,peroxidase,Vmax (nM s⁻¹),0.47,1002.0504985491906,-0.3279021420642826,3.000889608446031,3.3287917505103133,3.3287917505103133,2132.0223373387034
publication_grouped_cv,A2_physics_plus_arrhenius,1,R006,5,10.1021/bi00566a020,peroxidase,Km (mM),0.12,1.235581631418822,-0.9208187539523752,0.09187144330637732,1.0126901972587525,1.0126901972587525,10.29651359515685
publication_grouped_cv,A2_physics_plus_arrhenius,1,R006,5,10.1021/bi00566a020,peroxidase,Kcat (s⁻¹),0.0006,0.218941822324968,-3.2218487496163566,-0.6596712714605133,2.562177478155843,2.562177478155843,364.90303720828007
publication_grouped_cv,A2_physics_plus_arrhenius,1,R006,5,10.1021/bi00566a020,peroxidase,Vmax (nM s⁻¹),0.6,2214.3083133053324,-0.2218487496163564,3.3452380905467463,3.567086840163103,3.567086840163103,3690.5138555088874
publication_grouped_cv,A2_physics_plus_arrhenius,1,R007,6,10.1016/j.bios.2018.11.043,peroxidase,Km (mM),6.22,2.6638733068376252,0.7937903846908186,0.4255135660501729,-0.36827681864064576,0.36827681864064576,0.4282754512600684
publication_grouped_cv,A2_physics_plus_arrhenius,1,R007,6,10.1016/j.bios.2018.11.043,peroxidase,Kcat (s⁻¹),1.8256,62.29099706882903,0.2614056270741394,1.7944252825200697,1.5330196554459303,1.5330196554459303,34.120835379507575
publication_grouped_cv,A2_physics_plus_arrhenius,1,R007,6,10.1016/j.bios.2018.11.043,peroxidase,Vmax (nM s⁻¹),157.0,219.42889605377127,2.1958996524092336,2.3412938181811067,0.14539416577187314,0.14539416577187314,1.3976362805972693
publication_grouped_cv,A2_physics_plus_arrhenius,1,R012,11,10.1021/acsabm.1c00017,catalase,Km (mM),281.0,4.928101067974003,2.44870631990508,0.692679605977252,-1.7560267139278278,1.7560267139278278,0.017537726220548056
publication_grouped_cv,A2_physics_plus_arrhenius,1,R012,11,10.1021/acsabm.1c00017,catalase,Kcat (s⁻¹),74600.0,15064.160134747272,4.872738827472669,4.177944923662051,-0.6947939038106181,0.6947939038106181,0.20193244148454786
publication_grouped_cv,A2_physics_plus_arrhenius,1,R012,11,10.1021/acsabm.1c00017,catalase,Vmax (nM s⁻¹),527.0,92.62323960553164,2.7218106152125467,1.9667199668781392,-0.7550906483344075,0.7550906483344075,0.1757556728757716
publication_grouped_cv,A2_physics_plus_arrhenius,1,R016,15,10.1021/acsabm.1c00017,catalase,Km (mM),257.0,4.928101067974003,2.4099331233312946,0.692679605977252,-1.7172535173540426,1.7172535173540426,0.019175490536863824
publication_grouped_cv,A2_physics_plus_arrhenius,1,R016,15,10.1021/acsabm.1c00017,catalase,Kcat (s⁻¹),93800.0,15064.160134747272,4.972202838379064,4.177944923662051,-0.7942579147170132,0.7942579147170132,0.16059872211884085
publication_grouped_cv,A2_physics_plus_arrhenius,1,R016,15,10.1021/acsabm.1c00017,catalase,Vmax (nM s⁻¹),684.0,92.62323960553164,2.835056101720116,1.9667199668781392,-0.8683361348419769,0.8683361348419769,0.13541409299054333
publication_grouped_cv,A2_physics_plus_arrhenius,1,R017,16,10.1021/acsabm.1c00017,catalase,Km (mM),194.0,4.928101067974003,2.287801729930226,0.692679605977252,-1.595122123952974,1.595122123952974,0.025402582824608264
publication_grouped_cv,A2_physics_plus_arrhenius,1,R017,16,10.1021/acsabm.1c00017,catalase,Kcat (s⁻¹),83700.0,15064.160134747272,4.92272545799326,4.177944923662051,-0.744780534331209,0.744780534331209,0.1799780183362876
publication_grouped_cv,A2_physics_plus_arrhenius,1,R017,16,10.1021/acsabm.1c00017,catalase,Vmax (nM s⁻¹),646.0,92.62323960553164,2.8102325179950842,1.9667199668781392,-0.843512551116945,0.843512551116945,0.14337962787234
publication_grouped_cv,A2_physics_plus_arrhenius,1,R024,23,10.1021/acsabm.1c00017,peroxidase,Km (mM),0.0223,1.8972432884303954,-1.6516951369518393,0.2781230251680982,1.9298181621199375,1.9298181621199375,85.07817436907602
publication_grouped_cv,A2_physics_plus_arrhenius,1,R024,23,10.1021/acsabm.1c00017,peroxidase,Kcat (s⁻¹),23900.0,8863.715992288064,4.378397900948138,3.9476158321138057,-0.43078206883433223,0.43078206883433223,0.37086677792000267
publication_grouped_cv,A2_physics_plus_arrhenius,1,R024,23,10.1021/acsabm.1c00017,peroxidase,Vmax (nM s⁻¹),174.0,91.838061224618,2.2405492482826,1.963022706844647,-0.27752654143795286,0.27752654143795286,0.5278049495667702
publication_grouped_cv,A2_physics_plus_arrhenius,1,R026,25,10.1021/acsabm.1c00017,catalase,Km (mM),214.0,4.928101067974003,2.330413773349191,0.692679605977252,-1.637734167371939,1.637734167371939,0.02302850966342992
publication_grouped_cv,A2_physics_plus_arrhenius,1,R026,25,10.1021/acsabm.1c00017,catalase,Kcat (s⁻¹),60500.0,15064.160134747272,4.781755374652469,4.177944923662051,-0.6038104509904176,0.6038104509904176,0.2489943823925169
publication_grouped_cv,A2_physics_plus_arrhenius,1,R026,25,10.1021/acsabm.1c00017,catalase,Vmax (nM s⁻¹),506.0,92.62323960553164,2.7041505168397992,1.9667199668781392,-0.73743054996166,0.73743054996166,0.18304988064334315
publication_grouped_cv,A2_physics_plus_arrhenius,1,R031,30,10.1021/acsabm.1c00017,peroxidase,Km (mM),0.0223,1.8972432884303954,-1.6516951369518393,0.2781230251680982,1.9298181621199375,1.9298181621199375,85.07817436907602
publication_grouped_cv,A2_physics_plus_arrhenius,1,R031,30,10.1021/acsabm.1c00017,peroxidase,Kcat (s⁻¹),23900.0,8863.715992288064,4.378397900948138,3.9476158321138057,-0.43078206883433223,0.43078206883433223,0.37086677792000267
publication_grouped_cv,A2_physics_plus_arrhenius,1,R031,30,10.1021/acsabm.1c00017,peroxidase,Vmax (nM s⁻¹),174.0,91.838061224618,2.2405492482826,1.963022706844647,-0.27752654143795286,0.27752654143795286,0.5278049495667702
publication_grouped_cv,A2_physics_plus_arrhenius,1,R033,32,10.1021/acsabm.1c00017,catalase,Km (mM),214.0,4.928101067974003,2.330413773349191,0.692679605977252,-1.637734167371939,1.637734167371939,0.02302850966342992
publication_grouped_cv,A2_physics_plus_arrhenius,1,R033,32,10.1021/acsabm.1c00017,catalase,Kcat (s⁻¹),60500.0,15064.160134747272,4.781755374652469,4.177944923662051,-0.6038104509904176,0.6038104509904176,0.2489943823925169
publication_grouped_cv,A2_physics_plus_arrhenius,1,R033,32,10.1021/acsabm.1c00017,catalase,Vmax (nM s⁻¹),506.0,92.62323960553164,2.7041505168397992,1.9667199668781392,-0.73743054996166,0.73743054996166,0.18304988064334315
publication_grouped_cv,A2_physics_plus_arrhenius,1,R037,36,10.1021/acsabm.1c00017,peroxidase,Km (mM),0.0213,1.8972432884303954,-1.6716203965612624,0.2781230251680982,1.9497434217293605,1.9497434217293605,89.0724548558871
publication_grouped_cv,A2_physics_plus_arrhenius,1,R037,36,10.1021/acsabm.1c00017,peroxidase,Kcat (s⁻¹),16500.0,8863.715992288064,4.217483944213907,3.9476158321138057,-0.269868112100101,0.269868112100101,0.537194908623519
publication_grouped_cv,A2_physics_plus_arrhenius,1,R037,36,10.1021/acsabm.1c00017,peroxidase,Vmax (nM s⁻¹),138.0,91.838061224618,2.1398790864012365,1.963022706844647,-0.1768563795565894,0.1768563795565894,0.6654931972798406
publication_grouped_cv,A2_physics_plus_arrhenius,1,R038,37,10.1021/acsabm.1c00017,catalase,Km (mM),412.0,4.928101067974003,2.6148972160331345,0.692679605977252,-1.9222176100558825,1.9222176100558825,0.011961410359160202
publication_grouped_cv,A2_physics_plus_arrhenius,1,R038,37,10.1021/acsabm.1c00017,catalase,Kcat (s⁻¹),134000.0,15064.160134747272,5.127104798364807,4.177944923662051,-0.9491598747027563,0.9491598747027563,0.11241910548318859
publication_grouped_cv,A2_physics_plus_arrhenius,1,R038,37,10.1021/acsabm.1c00017,catalase,Vmax (nM s⁻¹),1005.0,92.62323960553164,3.002166061756508,1.9667199668781392,-1.0354460948783686,1.0354460948783686,0.09216242746819069
publication_grouped_cv,A2_physics_plus_arrhenius,1,R053,52,10.1021/acsabm.1c00017,peroxidase,Km (mM),0.0181,1.8972432884303954,-1.7423214251308154,0.2781230251680982,2.0204444502989136,2.0204444502989136,104.82007118399973
publication_grouped_cv,A2_physics_plus_arrhenius,1,R053,52,10.1021/acsabm.1c00017,peroxidase,Kcat (s⁻¹),21100.0,8863.715992288064,4.324282455297693,3.9476158321138057,-0.37666662318388733,0.37666662318388733,0.4200813266487234
publication_grouped_cv,A2_physics_plus_arrhenius,1,R053,52,10.1021/acsabm.1c00017,peroxidase,Vmax (nM s⁻¹),158.0,91.838061224618,2.1986570869544226,1.963022706844647,-0.23563438010977555,0.23563438010977555,0.5812535520545443
publication_grouped_cv,A2_physics_plus_arrhenius,1,R054,53,10.1021/acsabm.1c00017,peroxidase,Km (mM),0.022,1.8972432884303954,-1.6575773191777938,0.2781230251680982,1.935700344345892,1.935700344345892,86.23833129229071
publication_grouped_cv,A2_physics_plus_arrhenius,1,R054,53,10.1021/acsabm.1c00017,peroxidase,Kcat (s⁻¹),22500.0,8863.715992288064,4.352182518111363,3.9476158321138057,-0.40456668599755696,0.40456668599755696,0.3939429329905806
publication_grouped_cv,A2_physics_plus_arrhenius,1,R054,53,10.1021/acsabm.1c00017,peroxidase,Vmax (nM s⁻¹),174.0,91.838061224618,2.2405492482826,1.963022706844647,-0.27752654143795286,0.27752654143795286,0.5278049495667702
publication_grouped_cv,A2_physics_plus_arrhenius,1,R061,60,10.1016/j.apcatb.2019.05.012,unknown,Km (mM),0.58,1.271418081162498,-0.23657200643706275,0.10428838335152682,0.34086038978858957,0.34086038978858957,2.1921001399353415
publication_grouped_cv,A2_physics_plus_arrhenius,1,R061,60,10.1016/j.apcatb.2019.05.012,unknown,Kcat (s⁻¹),1190.0,1.8253726058270519,3.0755469613925306,0.26135152859391614,-2.8141954327986145,2.8141954327986145,0.001533926559518531
publication_grouped_cv,A2_physics_plus_arrhenius,1,R061,60,10.1016/j.apcatb.2019.05.012,unknown,Vmax (nM s⁻¹),457.0,1039.5887514022468,2.6599162000698504,3.0168615716847245,0.35694537161487405,0.35694537161487405,2.274811272214982
publication_grouped_cv,A2_physics_plus_arrhenius,1,R072,71,10.1021/bi00566a020,peroxidase,Km (mM),0.143,2.236221242630271,-0.8446639625349383,0.34951476866887105,1.1941787312038092,1.1941787312038092,15.637910787624275
publication_grouped_cv,A2_physics_plus_arrhenius,1,R072,71,10.1021/bi00566a020,peroxidase,Kcat (s⁻¹),0.0421,0.6266885593872831,-1.3757179041643317,-0.20294823355968236,1.1727696706046493,1.1727696706046493,14.885713999697936
publication_grouped_cv,A2_physics_plus_arrhenius,1,R072,71,10.1021/bi00566a020,peroxidase,Vmax (nM s⁻¹),45.0,808.3272129865719,1.6532125137753437,2.9075871999181393,1.2543746861427956,1.2543746861427956,17.962826955257153
publication_grouped_cv,A2_physics_plus_arrhenius,1,R075,74,10.1021/acsabm.1c00017,peroxidase,Km (mM),0.0152,1.8972432884303954,-1.8181564120552274,0.2781230251680982,2.0962794372233255,2.0962794372233255,124.81863739673653
publication_grouped_cv,A2_physics_plus_arrhenius,1,R075,74,10.1021/acsabm.1c00017,peroxidase,Kcat (s⁻¹),16000.0,8863.715992288064,4.204119982655925,3.9476158321138057,-0.2565041505421193,0.2565041505421193,0.553982249518004
publication_grouped_cv,A2_physics_plus_arrhenius,1,R075,74,10.1021/acsabm.1c00017,peroxidase,Vmax (nM s⁻¹),113.0,91.838061224618,2.0530784434834195,1.963022706844647,-0.09005573663877242,0.09005573663877242,0.8127262055275929
publication_grouped_cv,A3_physics_plus_activity_and_arrhenius,1,R001,0,10.1016/j.apcatb.2019.05.012,unknown,Km (mM),0.16,1.1607804085425837,-0.7958800173440752,0.06475006954197259,0.8606300868860478,0.8606300868860478,7.254877553391148
publication_grouped_cv,A3_physics_plus_activity_and_arrhenius,1,R001,0,10.1016/j.apcatb.2019.05.012,unknown,Kcat (s⁻¹),0.033,0.28181482375990957,-1.4814860601221125,-0.5500361662734785,0.931449893848634,0.931449893848634,8.539843144239683
publication_grouped_cv,A3_physics_plus_activity_and_arrhenius,1,R001,0,10.1016/j.apcatb.2019.05.012,unknown,Vmax (nM s⁻¹),51.6,22110.870912677314,1.7126497016272113,4.344605849097071,2.63195614746986,2.63195614746986,428.50525024568435
publication_grouped_cv,A3_physics_plus_activity_and_arrhenius,1,R005,4,10.1021/bi00566a020,peroxidase,Km (mM),0.124,0.44488089016240706,-0.906578314837765,-0.3517562489502295,0.5548220658875355,0.5548220658875355,3.58774911421296
publication_grouped_cv,A3_physics_plus_activity_and_arrhenius,1,R005,4,10.1021/bi00566a020,peroxidase,Kcat (s⁻¹),0.0005,0.8578681881689146,-3.3010299956639813,-0.06657943656683796,3.2344505590971435,3.2344505590971435,1715.7363763378291
publication_grouped_cv,A3_physics_plus_activity_and_arrhenius,1,R005,4,10.1021/bi00566a020,peroxidase,Vmax (nM s⁻¹),0.47,383.88873021054343,-0.3279021420642826,2.584205362757637,2.9121075048219196,2.9121075048219196,816.7845323628584
publication_grouped_cv,A3_physics_plus_activity_and_arrhenius,1,R006,5,10.1021/bi00566a020,peroxidase,Km (mM),0.12,0.6277514824239522,-0.9208187539523752,-0.20221225303514015,0.7186065009172351,0.7186065009172351,5.2312623535329354
publication_grouped_cv,A3_physics_plus_activity_and_arrhenius,1,R006,5,10.1021/bi00566a020,peroxidase,Kcat (s⁻¹),0.0006,1.160832704200563,-3.2218487496163566,0.06476963500321771,3.2866183846195742,3.2866183846195742,1934.7211736676052
publication_grouped_cv,A3_physics_plus_activity_and_arrhenius,1,R006,5,10.1021/bi00566a020,peroxidase,Vmax (nM s⁻¹),0.6,510.90285076925454,-0.2218487496163564,2.708338325993875,2.9301870756102315,2.9301870756102315,851.504751282091
publication_grouped_cv,A3_physics_plus_activity_and_arrhenius,1,R007,6,10.1016/j.bios.2018.11.043,peroxidase,Km (mM),6.22,0.19486316516733893,0.7937903846908186,-0.7102702474726149,-1.5040606321634336,1.5040606321634336,0.03132848314587443
publication_grouped_cv,A3_physics_plus_activity_and_arrhenius,1,R007,6,10.1016/j.bios.2018.11.043,peroxidase,Kcat (s⁻¹),1.8256,7.263372390999717,0.2614056270741394,0.8611383108845619,0.5997326838104226,0.5997326838104226,3.9786220371383205
publication_grouped_cv,A3_physics_plus_activity_and_arrhenius,1,R007,6,10.1016/j.bios.2018.11.043,peroxidase,Vmax (nM s⁻¹),157.0,190.16997398410481,2.1958996524092336,2.2791419470786893,0.08324229466945576,0.08324229466945576,1.2112737196439798
publication_grouped_cv,A3_physics_plus_activity_and_arrhenius,1,R012,11,10.1021/acsabm.1c00017,catalase,Km (mM),281.0,6.332560336135075,2.44870631990508,0.8015793364058448,-1.647126983499235,1.647126983499235,0.022535801907954005
publication_grouped_cv,A3_physics_plus_activity_and_arrhenius,1,R012,11,10.1021/acsabm.1c00017,catalase,Kcat (s⁻¹),74600.0,6046.355495475576,4.872738827472669,3.78149367793684,-1.0912451495358289,1.0912451495358289,0.08105034176240719
publication_grouped_cv,A3_physics_plus_activity_and_arrhenius,1,R012,11,10.1021/acsabm.1c00017,catalase,Vmax (nM s⁻¹),527.0,106.56049455595978,2.7218106152125467,2.0275962274270696,-0.6942143877854772,0.6942143877854772,0.20220207695628042
publication_grouped_cv,A3_physics_plus_activity_and_arrhenius,1,R016,15,10.1021/acsabm.1c00017,catalase,Km (mM),257.0,6.332560336135075,2.4099331233312946,0.8015793364058448,-1.6083537869254498,1.6083537869254498,0.024640312591965273
publication_grouped_cv,A3_physics_plus_activity_and_arrhenius,1,R016,15,10.1021/acsabm.1c00017,catalase,Kcat (s⁻¹),93800.0,6046.355495475576,4.972202838379064,3.78149367793684,-1.190709160442224,1.190709160442224,0.06446007990912128
publication_grouped_cv,A3_physics_plus_activity_and_arrhenius,1,R016,15,10.1021/acsabm.1c00017,catalase,Vmax (nM s⁻¹),684.0,106.56049455595978,2.835056101720116,2.0275962274270696,-0.8074598742930466,0.8074598742930466,0.15579019671923944
publication_grouped_cv,A3_physics_plus_activity_and_arrhenius,1,R017,16,10.1021/acsabm.1c00017,catalase,Km (mM),194.0,6.332560336135075,2.287801729930226,0.8015793364058448,-1.4862223935243812,1.4862223935243812,0.03264206358832513
publication_grouped_cv,A3_physics_plus_activity_and_arrhenius,1,R017,16,10.1021/acsabm.1c00017,catalase,Kcat (s⁻¹),83700.0,6046.355495475576,4.92272545799326,3.78149367793684,-1.1412317800564198,1.1412317800564198,0.0722384169112972
publication_grouped_cv,A3_physics_plus_activity_and_arrhenius,1,R017,16,10.1021/acsabm.1c00017,catalase,Vmax (nM s⁻¹),646.0,106.56049455595978,2.8102325179950842,2.0275962274270696,-0.7826362905680146,0.7826362905680146,0.16495432593801823
publication_grouped_cv,A3_physics_plus_activity_and_arrhenius,1,R024,23,10.1021/acsabm.1c00017,peroxidase,Km (mM),0.0223,0.7134222443302051,-1.6516951369518393,-0.14665335359136716,1.5050417833604721,1.5050417833604721,31.992028893731167
publication_grouped_cv,A3_physics_plus_activity_and_arrhenius,1,R024,23,10.1021/acsabm.1c00017,peroxidase,Kcat (s⁻¹),23900.0,2763.5080421301063,4.378397900948138,3.441460732767132,-0.9369371681810059,0.9369371681810059,0.11562795155356094
publication_grouped_cv,A3_physics_plus_activity_and_arrhenius,1,R024,23,10.1021/acsabm.1c00017,peroxidase,Vmax (nM s⁻¹),174.0,124.1221677665113,2.2405492482826,2.093849351836498,-0.14669989644610215,0.14669989644610215,0.7133457917615592
publication_grouped_cv,A3_physics_plus_activity_and_arrhenius,1,R026,25,10.1021/acsabm.1c00017,catalase,Km (mM),214.0,6.332560336135075,2.330413773349191,0.8015793364058448,-1.5288344369433462,1.5288344369433462,0.02959140343988353
publication_grouped_cv,A3_physics_plus_activity_and_arrhenius,1,R026,25,10.1021/acsabm.1c00017,catalase,Kcat (s⁻¹),60500.0,6046.355495475576,4.781755374652469,3.78149367793684,-1.0002616967156284,1.0002616967156284,0.09993976025579465
publication_grouped_cv,A3_physics_plus_activity_and_arrhenius,1,R026,25,10.1021/acsabm.1c00017,catalase,Vmax (nM s⁻¹),506.0,106.56049455595978,2.7041505168397992,2.0275962274270696,-0.6765542894127297,0.6765542894127297,0.21059386275881378
publication_grouped_cv,A3_physics_plus_activity_and_arrhenius,1,R031,30,10.1021/acsabm.1c00017,peroxidase,Km (mM),0.0223,0.7134222443302051,-1.6516951369518393,-0.14665335359136716,1.5050417833604721,1.5050417833604721,31.992028893731167
publication_grouped_cv,A3_physics_plus_activity_and_arrhenius,1,R031,30,10.1021/acsabm.1c00017,peroxidase,Kcat (s⁻¹),23900.0,2763.5080421301063,4.378397900948138,3.441460732767132,-0.9369371681810059,0.9369371681810059,0.11562795155356094
publication_grouped_cv,A3_physics_plus_activity_and_arrhenius,1,R031,30,10.1021/acsabm.1c00017,peroxidase,Vmax (nM s⁻¹),174.0,124.1221677665113,2.2405492482826,2.093849351836498,-0.14669989644610215,0.14669989644610215,0.7133457917615592
publication_grouped_cv,A3_physics_plus_activity_and_arrhenius,1,R033,32,10.1021/acsabm.1c00017,catalase,Km (mM),214.0,6.332560336135075,2.330413773349191,0.8015793364058448,-1.5288344369433462,1.5288344369433462,0.02959140343988353
publication_grouped_cv,A3_physics_plus_activity_and_arrhenius,1,R033,32,10.1021/acsabm.1c00017,catalase,Kcat (s⁻¹),60500.0,6046.355495475576,4.781755374652469,3.78149367793684,-1.0002616967156284,1.0002616967156284,0.09993976025579465
publication_grouped_cv,A3_physics_plus_activity_and_arrhenius,1,R033,32,10.1021/acsabm.1c00017,catalase,Vmax (nM s⁻¹),506.0,106.56049455595978,2.7041505168397992,2.0275962274270696,-0.6765542894127297,0.6765542894127297,0.21059386275881378
publication_grouped_cv,A3_physics_plus_activity_and_arrhenius,1,R037,36,10.1021/acsabm.1c00017,peroxidase,Km (mM),0.0213,0.7134222443302051,-1.6716203965612624,-0.14665335359136716,1.5249670429698952,1.5249670429698952,33.494002081230285
publication_grouped_cv,A3_physics_plus_activity_and_arrhenius,1,R037,36,10.1021/acsabm.1c00017,peroxidase,Kcat (s⁻¹),16500.0,2763.5080421301063,4.217483944213907,3.441460732767132,-0.7760232114467747,0.7760232114467747,0.1674853358866731
publication_grouped_cv,A3_physics_plus_activity_and_arrhenius,1,R037,36,10.1021/acsabm.1c00017,peroxidase,Vmax (nM s⁻¹),138.0,124.1221677665113,2.1398790864012365,2.093849351836498,-0.04602973456473869,0.04602973456473869,0.8994359983080529
publication_grouped_cv,A3_physics_plus_activity_and_arrhenius,1,R038,37,10.1021/acsabm.1c00017,catalase,Km (mM),412.0,6.332560336135075,2.6148972160331345,0.8015793364058448,-1.8133178796272897,1.8133178796272897,0.015370292077997755
publication_grouped_cv,A3_physics_plus_activity_and_arrhenius,1,R038,37,10.1021/acsabm.1c00017,catalase,Kcat (s⁻¹),134000.0,6046.355495475576,5.127104798364807,3.78149367793684,-1.345611120427967,1.345611120427967,0.0451220559363849
publication_grouped_cv,A3_physics_plus_activity_and_arrhenius,1,R038,37,10.1021/acsabm.1c00017,catalase,Vmax (nM s⁻¹),1005.0,106.56049455595978,3.002166061756508,2.0275962274270696,-0.9745698343294382,0.9745698343294382,0.10603034284175103
publication_grouped_cv,A3_physics_plus_activity_and_arrhenius,1,R053,52,10.1021/acsabm.1c00017,peroxidase,Km (mM),0.0181,0.7134222443302051,-1.7423214251308154,-0.14665335359136716,1.5956680715394482,1.5956680715394482,39.415593609403594
publication_grouped_cv,A3_physics_plus_activity_and_arrhenius,1,R053,52,10.1021/acsabm.1c00017,peroxidase,Kcat (s⁻¹),21100.0,2763.5080421301063,4.324282455297693,3.441460732767132,-0.882821722530561,0.882821722530561,0.1309719451246496
publication_grouped_cv,A3_physics_plus_activity_and_arrhenius,1,R053,52,10.1021/acsabm.1c00017,peroxidase,Vmax (nM s⁻¹),158.0,124.1221677665113,2.1986570869544226,2.093849351836498,-0.10480773511792485,0.10480773511792485,0.7855833402943753
publication_grouped_cv,A3_physics_plus_activity_and_arrhenius,1,R054,53,10.1021/acsabm.1c00017,peroxidase,Km (mM),0.022,0.7134222443302051,-1.6575773191777938,-0.14665335359136716,1.5109239655864266,1.5109239655864266,32.42828383319114
publication_grouped_cv,A3_physics_plus_activity_and_arrhenius,1,R054,53,10.1021/acsabm.1c00017,peroxidase,Kcat (s⁻¹),22500.0,2763.5080421301063,4.352182518111363,3.441460732767132,-0.9107217853442306,0.9107217853442306,0.12282257965022694
publication_grouped_cv,A3_physics_plus_activity_and_arrhenius,1,R054,53,10.1021/acsabm.1c00017,peroxidase,Vmax (nM s⁻¹),174.0,124.1221677665113,2.2405492482826,2.093849351836498,-0.14669989644610215,0.14669989644610215,0.7133457917615592
publication_grouped_cv,A3_physics_plus_activity_and_arrhenius,1,R061,60,10.1016/j.apcatb.2019.05.012,unknown,Km (mM),0.58,1.3908400399300846,-0.23657200643706275,0.14327718479407062,0.37984919123113337,0.37984919123113337,2.398000068844974
publication_grouped_cv,A3_physics_plus_activity_and_arrhenius,1,R061,60,10.1016/j.apcatb.2019.05.012,unknown,Kcat (s⁻¹),1190.0,0.29463595365120304,3.0755469613925306,-0.5307142584452328,-3.6062612198377635,3.6062612198377635,0.0002475932383623555
publication_grouped_cv,A3_physics_plus_activity_and_arrhenius,1,R061,60,10.1016/j.apcatb.2019.05.012,unknown,Vmax (nM s⁻¹),457.0,11701.322173464368,2.6599162000698504,4.068234936976702,1.4083187369068515,1.4083187369068515,25.60464370561131
publication_grouped_cv,A3_physics_plus_activity_and_arrhenius,1,R072,71,10.1021/bi00566a020,peroxidase,Km (mM),0.143,0.39494462728313573,-0.8446639625349383,-0.4034637898194076,0.44120017271553064,0.44120017271553064,2.761850540441509
publication_grouped_cv,A3_physics_plus_activity_and_arrhenius,1,R072,71,10.1021/bi00566a020,peroxidase,Kcat (s⁻¹),0.0421,1.0743577924742513,-1.3757179041643317,0.03114893817928213,1.406866842343614,1.406866842343614,25.519187469697183
publication_grouped_cv,A3_physics_plus_activity_and_arrhenius,1,R072,71,10.1021/bi00566a020,peroxidase,Vmax (nM s⁻¹),45.0,369.9289320279299,1.6532125137753437,2.5681182986814775,0.9149057849061337,0.9149057849061337,8.220642933953997
publication_grouped_cv,A3_physics_plus_activity_and_arrhenius,1,R075,74,10.1021/acsabm.1c00017,peroxidase,Km (mM),0.0152,0.7134222443302051,-1.8181564120552274,-0.14665335359136716,1.6715030584638602,1.6715030584638602,46.93567396909244
publication_grouped_cv,A3_physics_plus_activity_and_arrhenius,1,R075,74,10.1021/acsabm.1c00017,peroxidase,Kcat (s⁻¹),16000.0,2763.5080421301063,4.204119982655925,3.441460732767132,-0.762659249888793,0.762659249888793,0.17271925263313165
publication_grouped_cv,A3_physics_plus_activity_and_arrhenius,1,R075,74,10.1021/acsabm.1c00017,peroxidase,Vmax (nM s⁻¹),113.0,124.1221677665113,2.0530784434834195,2.093849351836498,0.04077090835307828,0.04077090835307828,1.098426263420454
publication_grouped_cv,M1_raw_independent,2,R004,3,10.1002/ange.201813994,catalase,Km (mM),11.63,1.2320943077513251,1.0655797147284485,0.09064395114696987,-0.9749357635814786,0.9749357635814786,0.1059410410792197
publication_grouped_cv,M1_raw_independent,2,R004,3,10.1002/ange.201813994,catalase,Kcat (s⁻¹),1100.0,682.3834214192698,3.041392685158225,2.834028467055143,-0.20736421810308192,0.20736421810308192,0.6203485649266088
publication_grouped_cv,M1_raw_independent,2,R004,3,10.1002/ange.201813994,catalase,Vmax (nM s⁻¹),27.58,289.99616627577564,1.4405942618398309,2.462392256601435,1.0217979947616043,1.0217979947616043,10.5147268410361
publication_grouped_cv,M1_raw_independent,2,R008,7,10.1021/acs.inorgchem.8b02423,catalase,Km (mM),2.5118,1.436960641786813,0.3999850561024504,0.15744487301321586,-0.24254018308923453,0.24254018308923453,0.572084020139666
publication_grouped_cv,M1_raw_independent,2,R008,7,10.1021/acs.inorgchem.8b02423,catalase,Kcat (s⁻¹),1532.198,0.7261536910833513,3.1853148911132174,-0.13897145075256828,-3.3242863418657858,3.3242863418657858,0.00047392940800298084
publication_grouped_cv,M1_raw_independent,2,R008,7,10.1021/acs.inorgchem.8b02423,catalase,Vmax (nM s⁻¹),264.4,93.24803068713398,2.4222614508136027,1.9696396686765218,-0.4526217821370808,0.4526217821370808,0.35267787703152037
publication_grouped_cv,M1_raw_independent,2,R011,10,10.1007/s12274-018-2241-3,catalase,Km (mM),0.064,15.459598450652372,-1.193820026016113,1.1891982093151205,2.3830182353312335,2.3830182353312335,241.5562257914433
publication_grouped_cv,M1_raw_independent,2,R011,10,10.1007/s12274-018-2241-3,catalase,Kcat (s⁻¹),183.3,893.8707321974749,2.2631624649622166,2.9512747175067515,0.6881122525445349,0.6881122525445349,4.876545183837833
publication_grouped_cv,M1_raw_independent,2,R011,10,10.1007/s12274-018-2241-3,catalase,Vmax (nM s⁻¹),8.165,148164.80017782497,0.9119561890726869,5.1707450396467936,4.258788850574106,4.258788850574106,18146.331926249233
publication_grouped_cv,M1_raw_independent,2,R036,35,10.1007/s12274-018-2241-3,catalase,Km (mM),0.17,15.459598450652372,-0.769551078621726,1.1891982093151205,1.9587492879368464,1.9587492879368464,90.93881441560218
publication_grouped_cv,M1_raw_independent,2,R036,35,10.1007/s12274-018-2241-3,catalase,Kcat (s⁻¹),366.6,893.8707321974749,2.564192460626198,2.9512747175067515,0.38708225688055364,0.38708225688055364,2.4382725919189165
publication_grouped_cv,M1_raw_independent,2,R036,35,10.1007/s12274-018-2241-3,catalase,Vmax (nM s⁻¹),15.99,148164.80017782497,1.2038484637462348,5.1707450396467936,3.9668965759005586,3.9668965759005586,9266.091318187928
publication_grouped_cv,M1_raw_independent,2,R041,40,10.1002/ange.201813994,peroxidase,Km (mM),3.759,1.2320943077513251,0.5750723257138124,0.09064395114696987,-0.4844283745668425,0.4844283745668425,0.3277718296757981
publication_grouped_cv,M1_raw_independent,2,R041,40,10.1002/ange.201813994,peroxidase,Kcat (s⁻¹),560.0,682.3834214192698,2.7481880270062002,2.834028467055143,0.08584044004894276,0.08584044004894276,1.2185418239629817
publication_grouped_cv,M1_raw_independent,2,R041,40,10.1002/ange.201813994,peroxidase,Vmax (nM s⁻¹),14.11,289.99616627577564,1.1495270137543478,2.462392256601435,1.3128652428470873,1.3128652428470873,20.552527730388068
publication_grouped_cv,M1_raw_independent,2,R044,43,10.1021/acs.inorgchem.8b02423,catalase,Km (mM),4.766,1.436960641786813,0.6781540380104373,0.15744487301321586,-0.5207091649972214,0.5207091649972214,0.30150244267453064
publication_grouped_cv,M1_raw_independent,2,R044,43,10.1021/acs.inorgchem.8b02423,catalase,Kcat (s⁻¹),47.6476,0.7261536910833513,1.6780410301998117,-0.13897145075256828,-1.81701248095238,1.81701248095238,0.015240089555053167
publication_grouped_cv,M1_raw_independent,2,R044,43,10.1021/acs.inorgchem.8b02423,catalase,Vmax (nM s⁻¹),297.9,93.24803068713398,2.4740705032150436,1.9696396686765218,-0.5044308345385218,0.5044308345385218,0.3130178942166297
publication_grouped_cv,M1_raw_independent,2,R045,44,10.1007/s12274-018-2241-3,catalase,Km (mM),0.13,15.459598450652372,-0.8860566476931632,1.1891982093151205,2.0752548570082836,2.0752548570082836,118.91998808194131
publication_grouped_cv,M1_raw_independent,2,R045,44,10.1007/s12274-018-2241-3,catalase,Kcat (s⁻¹),916.6,893.8707321974749,2.962179852908768,2.9512747175067515,-0.01090513540201643,0.01090513540201643,0.9752026316795493
publication_grouped_cv,M1_raw_independent,2,R045,44,10.1007/s12274-018-2241-3,catalase,Vmax (nM s⁻¹),39.9,148164.80017782497,1.6009728956867482,5.1707450396467936,3.569772143960045,3.569772143960045,3713.4035132286963
publication_grouped_cv,M1_raw_independent,2,R049,48,10.1021/nn102592h,unknown,Km (mM),6.97,15.053032921415701,0.8432327780980095,1.1776240114469096,0.3343912333489002,0.3343912333489002,2.1596890848516073
publication_grouped_cv,M1_raw_independent,2,R049,48,10.1021/nn102592h,unknown,Kcat (s⁻¹),18.52,623.531689516599,1.2676409823459156,2.794858530360611,1.5272175480146954,1.5272175480146954,33.66801779247295
publication_grouped_cv,M1_raw_independent,2,R049,48,10.1021/nn102592h,unknown,Vmax (nM s⁻¹),630.0,144782.2473123436,2.7993405494535817,5.160715313470598,2.361374764017016,2.361374764017016,229.81309097197396
publication_grouped_cv,M1_raw_independent,2,R058,57,10.1007/s12274-018-2241-3,catalase,Km (mM),0.13,15.459598450652372,-0.8860566476931632,1.1891982093151205,2.0752548570082836,2.0752548570082836,118.91998808194131
publication_grouped_cv,M1_raw_independent,2,R058,57,10.1007/s12274-018-2241-3,catalase,Kcat (s⁻¹),433.33,893.8707321974749,2.6368187568475414,2.9512747175067515,0.3144559606592101,0.3144559606592101,2.062794480413253
publication_grouped_cv,M1_raw_independent,2,R058,57,10.1007/s12274-018-2241-3,catalase,Vmax (nM s⁻¹),19.98,148164.80017782497,1.3005954838899636,5.1707450396467936,3.87014955575683,3.87014955575683,7415.655664555804
publication_grouped_cv,M1_raw_independent,2,R059,58,10.1002/ange.201813994,peroxidase,Km (mM),0.224,1.2320943077513251,-0.6497519816658371,0.09064395114696987,0.740395932812807,0.740395932812807,5.500421016746987
publication_grouped_cv,M1_raw_independent,2,R059,58,10.1002/ange.201813994,peroxidase,Kcat (s⁻¹),4970000.0,682.3834214192698,6.696356388733332,2.834028467055143,-3.8623279216781894,3.8623279216781894,0.00013730048720709653
publication_grouped_cv,M1_raw_independent,2,R059,58,10.1002/ange.201813994,peroxidase,Vmax (nM s⁻¹),121.5,289.99616627577564,2.084576277934331,2.462392256601435,0.37781597866710426,0.37781597866710426,2.3867997224343673
publication_grouped_cv,M1_raw_independent,2,R062,61,10.1002/ange.201813994,catalase,Km (mM),40.16,1.2320943077513251,1.603793704136963,0.09064395114696987,-1.513149752989993,1.513149752989993,0.030679639137234194
publication_grouped_cv,M1_raw_independent,2,R062,61,10.1002/ange.201813994,catalase,Kcat (s⁻¹),5660000.0,682.3834214192698,6.752816431188271,2.834028467055143,-3.918787964133128,3.918787964133128,0.00012056244194686745
publication_grouped_cv,M1_raw_independent,2,R062,61,10.1002/ange.201813994,catalase,Vmax (nM s⁻¹),106.6,289.99616627577564,2.0277572046905536,2.462392256601435,0.4346350519108815,0.4346350519108815,2.720414317784012
publication_grouped_cv,M1_raw_independent,2,R068,67,10.1007/s12274-018-2241-3,catalase,Km (mM),0.097,15.459598450652372,-1.0132282657337552,1.1891982093151205,2.202426475048876,2.202426475048876,159.3773036149729
publication_grouped_cv,M1_raw_independent,2,R068,67,10.1007/s12274-018-2241-3,catalase,Kcat (s⁻¹),216.6,893.8707321974749,2.3356584522893016,2.9512747175067515,0.6156162652174499,0.6156162652174499,4.126827018455563
publication_grouped_cv,M1_raw_independent,2,R068,67,10.1007/s12274-018-2241-3,catalase,Vmax (nM s⁻¹),9.16,148164.80017782497,0.9618954736678504,5.1707450396467936,4.208849565978943,4.208849565978943,16175.196525963425
publication_grouped_cv,M1_raw_independent,2,R074,73,10.1007/s12274-018-2241-3,catalase,Km (mM),0.15,15.459598450652372,-0.8239087409443188,1.1891982093151205,2.013106950259439,2.013106950259439,103.06398967101582
publication_grouped_cv,M1_raw_independent,2,R074,73,10.1007/s12274-018-2241-3,catalase,Kcat (s⁻¹),316.6,893.8707321974749,2.5005109105263372,2.9512747175067515,0.4507638069804143,0.4507638069804143,2.8233440688486255
publication_grouped_cv,M1_raw_independent,2,R074,73,10.1007/s12274-018-2241-3,catalase,Vmax (nM s⁻¹),13.6,148164.80017782497,1.1335389083702174,5.1707450396467936,4.037206131276577,4.037206131276577,10894.47060131066
publication_grouped_cv,M1_raw_independent,2,R076,75,10.1007/s12274-018-2241-3,catalase,Km (mM),0.14,15.459598450652372,-0.8538719643217619,1.1891982093151205,2.0430701736368824,2.0430701736368824,110.4257032189455
publication_grouped_cv,M1_raw_independent,2,R076,75,10.1007/s12274-018-2241-3,catalase,Kcat (s⁻¹),1216.6,893.8707321974749,3.0851478121269045,2.9512747175067515,-0.13387309462015295,0.13387309462015295,0.7347285321366719
publication_grouped_cv,M1_raw_independent,2,R076,75,10.1007/s12274-018-2241-3,catalase,Vmax (nM s⁻¹),53.33,148164.80017782497,1.7269715836828767,5.1707450396467936,3.4437734559639166,3.4437734559639166,2778.2636448120193
publication_grouped_cv,M1_raw_independent,2,R078,77,10.1007/s12274-018-2241-3,catalase,Km (mM),0.072,15.459598450652372,-1.1426675035687315,1.1891982093151205,2.331865712883852,2.331865712883852,214.71664514794963
publication_grouped_cv,M1_raw_independent,2,R078,77,10.1007/s12274-018-2241-3,catalase,Kcat (s⁻¹),163.33,893.8707321974749,2.2130659620657176,2.9512747175067515,0.7382087554410339,0.7382087554410339,5.472789641813964
publication_grouped_cv,M1_raw_independent,2,R078,77,10.1007/s12274-018-2241-3,catalase,Vmax (nM s⁻¹),7.16,148164.80017782497,0.8549130223078556,5.1707450396467936,4.315832017338938,4.315832017338938,20693.40784606494
publication_grouped_cv,M1_raw_independent,2,R084,83,10.1007/s12274-018-2241-3,catalase,Km (mM),0.14,15.459598450652372,-0.8538719643217619,1.1891982093151205,2.0430701736368824,2.0430701736368824,110.4257032189455
publication_grouped_cv,M1_raw_independent,2,R084,83,10.1007/s12274-018-2241-3,catalase,Kcat (s⁻¹),266.6,893.8707321974749,2.4258601450778405,2.9512747175067515,0.525414572428911,0.525414572428911,3.352853459105307
publication_grouped_cv,M1_raw_independent,2,R084,83,10.1007/s12274-018-2241-3,catalase,Vmax (nM s⁻¹),11.6,148164.80017782497,1.0644579892269184,5.1707450396467936,4.106287050419875,4.106287050419875,12772.827601536635
publication_grouped_cv,M1_raw_independent,2,R085,84,10.1021/acs.inorgchem.8b02423,peroxidase,Km (mM),0.236,1.436960641786813,-0.6270879970298935,0.15744487301321586,0.7845328700431093,0.7845328700431093,6.088816278757682
publication_grouped_cv,M1_raw_independent,2,R085,84,10.1021/acs.inorgchem.8b02423,peroxidase,Kcat (s⁻¹),2950.0,0.7261536910833513,3.469822015978163,-0.13897145075256828,-3.6087934667307313,3.6087934667307313,0.0002461537935875767
publication_grouped_cv,M1_raw_independent,2,R085,84,10.1021/acs.inorgchem.8b02423,peroxidase,Vmax (nM s⁻¹),87.8,93.24803068713398,1.9434945159061026,1.9696396686765218,0.02614515277041929,0.02614515277041929,1.062050463406993
publication_grouped_cv,M2_raw_chain,2,R004,3,10.1002/ange.201813994,catalase,Km (mM),11.63,1.2320943077513251,1.0655797147284485,0.09064395114696987,-0.9749357635814786,0.9749357635814786,0.1059410410792197
publication_grouped_cv,M2_raw_chain,2,R004,3,10.1002/ange.201813994,catalase,Kcat (s⁻¹),1100.0,257.87270699505973,3.041392685158225,2.411405379250447,-0.6299873059077781,0.6299873059077781,0.23442973363187247
publication_grouped_cv,M2_raw_chain,2,R004,3,10.1002/ange.201813994,catalase,Vmax (nM s⁻¹),27.58,220.7254394190787,1.4405942618398309,2.3438523900834105,0.9032581282435796,0.9032581282435796,8.003097875963695
publication_grouped_cv,M2_raw_chain,2,R008,7,10.1021/acs.inorgchem.8b02423,catalase,Km (mM),2.5118,1.436960641786813,0.3999850561024504,0.15744487301321586,-0.24254018308923453,0.24254018308923453,0.572084020139666
publication_grouped_cv,M2_raw_chain,2,R008,7,10.1021/acs.inorgchem.8b02423,catalase,Kcat (s⁻¹),1532.198,0.43074151574336006,3.1853148911132174,-0.3657832680346169,-3.551098159147834,3.551098159147834,0.00028112653569797115
publication_grouped_cv,M2_raw_chain,2,R008,7,10.1021/acs.inorgchem.8b02423,catalase,Vmax (nM s⁻¹),264.4,185.19920881993116,2.4222614508136027,2.2676391270226324,-0.1546223237909703,0.1546223237909703,0.7004508654309046
publication_grouped_cv,M2_raw_chain,2,R011,10,10.1007/s12274-018-2241-3,catalase,Km (mM),0.064,15.45959845065238,-1.193820026016113,1.1891982093151208,2.3830182353312335,2.3830182353312335,241.5562257914434
publication_grouped_cv,M2_raw_chain,2,R011,10,10.1007/s12274-018-2241-3,catalase,Kcat (s⁻¹),183.3,712.181459950096,2.2631624649622166,2.8525906636008402,0.5894281986386236,0.5894281986386236,3.8853325692858482
publication_grouped_cv,M2_raw_chain,2,R011,10,10.1007/s12274-018-2241-3,catalase,Vmax (nM s⁻¹),8.165,129671.4553759778,0.9119561890726869,5.112844385204714,4.200888196132027,4.200888196132027,15881.378490628025
publication_grouped_cv,M2_raw_chain,2,R036,35,10.1007/s12274-018-2241-3,catalase,Km (mM),0.17,15.45959845065238,-0.769551078621726,1.1891982093151208,1.9587492879368469,1.9587492879368469,90.93881441560222
publication_grouped_cv,M2_raw_chain,2,R036,35,10.1007/s12274-018-2241-3,catalase,Kcat (s⁻¹),366.6,712.181459950096,2.564192460626198,2.8525906636008402,0.28839820297464236,0.28839820297464236,1.9426662846429241
publication_grouped_cv,M2_raw_chain,2,R036,35,10.1007/s12274-018-2241-3,catalase,Vmax (nM s⁻¹),15.99,129671.4553759778,1.2038484637462348,5.112844385204714,3.9089959214584793,3.9089959214584793,8109.534420011119
publication_grouped_cv,M2_raw_chain,2,R041,40,10.1002/ange.201813994,peroxidase,Km (mM),3.759,1.2320943077513251,0.5750723257138124,0.09064395114696987,-0.4844283745668425,0.4844283745668425,0.3277718296757981
publication_grouped_cv,M2_raw_chain,2,R041,40,10.1002/ange.201813994,peroxidase,Kcat (s⁻¹),560.0,257.87270699505973,2.7481880270062002,2.411405379250447,-0.3367826477557534,0.3367826477557534,0.4604869767768924
publication_grouped_cv,M2_raw_chain,2,R041,40,10.1002/ange.201813994,peroxidase,Vmax (nM s⁻¹),14.11,220.7254394190787,1.1495270137543478,2.3438523900834105,1.1943253763290627,1.1943253763290627,15.643192021196223
publication_grouped_cv,M2_raw_chain,2,R044,43,10.1021/acs.inorgchem.8b02423,catalase,Km (mM),4.766,1.436960641786813,0.6781540380104373,0.15744487301321586,-0.5207091649972214,0.5207091649972214,0.30150244267453064
publication_grouped_cv,M2_raw_chain,2,R044,43,10.1021/acs.inorgchem.8b02423,catalase,Kcat (s⁻¹),47.6476,0.43074151574336006,1.6780410301998117,-0.3657832680346169,-2.0438242982344286,2.0438242982344286,0.00904015135585759
publication_grouped_cv,M2_raw_chain,2,R044,43,10.1021/acs.inorgchem.8b02423,catalase,Vmax (nM s⁻¹),297.9,185.19920881993116,2.4740705032150436,2.2676391270226324,-0.20643137619241125,0.20643137619241125,0.621682473380098
publication_grouped_cv,M2_raw_chain,2,R045,44,10.1007/s12274-018-2241-3,catalase,Km (mM),0.13,15.45959845065238,-0.8860566476931632,1.1891982093151208,2.075254857008284,2.075254857008284,118.91998808194137
publication_grouped_cv,M2_raw_chain,2,R045,44,10.1007/s12274-018-2241-3,catalase,Kcat (s⁻¹),916.6,712.181459950096,2.962179852908768,2.8525906636008402,-0.10958918930792771,0.10958918930792771,0.7769817367991447
publication_grouped_cv,M2_raw_chain,2,R045,44,10.1007/s12274-018-2241-3,catalase,Vmax (nM s⁻¹),39.9,129671.4553759778,1.6009728956867482,5.112844385204714,3.511871489517966,3.511871489517966,3249.911162305208
publication_grouped_cv,M2_raw_chain,2,R049,48,10.1021/nn102592h,unknown,Km (mM),6.97,15.053032921415701,0.8432327780980095,1.1776240114469096,0.3343912333489002,0.3343912333489002,2.1596890848516073
publication_grouped_cv,M2_raw_chain,2,R049,48,10.1021/nn102592h,unknown,Kcat (s⁻¹),18.52,619.2238194672009,1.2676409823459156,2.7918476538508736,1.524206671504958,1.524206671504958,33.43541141831538
publication_grouped_cv,M2_raw_chain,2,R049,48,10.1021/nn102592h,unknown,Vmax (nM s⁻¹),630.0,128992.9070087614,2.7993405494535817,5.110565830208966,2.311225280755384,2.311225280755384,204.750646045653
publication_grouped_cv,M2_raw_chain,2,R058,57,10.1007/s12274-018-2241-3,catalase,Km (mM),0.13,15.45959845065238,-0.8860566476931632,1.1891982093151208,2.075254857008284,2.075254857008284,118.91998808194137
publication_grouped_cv,M2_raw_chain,2,R058,57,10.1007/s12274-018-2241-3,catalase,Kcat (s⁻¹),433.33,712.181459950096,2.6368187568475414,2.8525906636008402,0.21577190675329883,0.21577190675329883,1.6435083191796
publication_grouped_cv,M2_raw_chain,2,R058,57,10.1007/s12274-018-2241-3,catalase,Vmax (nM s⁻¹),19.98,129671.4553759778,1.3005954838899636,5.112844385204714,3.8122489013147507,3.8122489013147507,6490.062831630521
publication_grouped_cv,M2_raw_chain,2,R059,58,10.1002/ange.201813994,peroxidase,Km (mM),0.224,1.2320943077513251,-0.6497519816658371,0.09064395114696987,0.740395932812807,0.740395932812807,5.500421016746987
publication_grouped_cv,M2_raw_chain,2,R059,58,10.1002/ange.201813994,peroxidase,Kcat (s⁻¹),4970000.0,257.87270699505973,6.696356388733332,2.411405379250447,-4.284951009482885,4.284951009482885,5.188585653824139e-05
publication_grouped_cv,M2_raw_chain,2,R059,58,10.1002/ange.201813994,peroxidase,Vmax (nM s⁻¹),121.5,220.7254394190787,2.084576277934331,2.3438523900834105,0.25927611214907964,0.25927611214907964,1.8166702832845982
publication_grouped_cv,M2_raw_chain,2,R062,61,10.1002/ange.201813994,catalase,Km (mM),40.16,1.2320943077513251,1.603793704136963,0.09064395114696987,-1.513149752989993,1.513149752989993,0.030679639137234194
publication_grouped_cv,M2_raw_chain,2,R062,61,10.1002/ange.201813994,catalase,Kcat (s⁻¹),5660000.0,257.87270699505973,6.752816431188271,2.411405379250447,-4.341411051937824,4.341411051937824,4.556054893905649e-05
publication_grouped_cv,M2_raw_chain,2,R062,61,10.1002/ange.201813994,catalase,Vmax (nM s⁻¹),106.6,220.7254394190787,2.0277572046905536,2.3438523900834105,0.31609518539285686,0.31609518539285686,2.0705951165016763
publication_grouped_cv,M2_raw_chain,2,R068,67,10.1007/s12274-018-2241-3,catalase,Km (mM),0.097,15.45959845065238,-1.0132282657337552,1.1891982093151208,2.202426475048876,2.202426475048876,159.377303614973
publication_grouped_cv,M2_raw_chain,2,R068,67,10.1007/s12274-018-2241-3,catalase,Kcat (s⁻¹),216.6,712.181459950096,2.3356584522893016,2.8525906636008402,0.5169322113115387,0.5169322113115387,3.288003046861016
publication_grouped_cv,M2_raw_chain,2,R068,67,10.1007/s12274-018-2241-3,catalase,Vmax (nM s⁻¹),9.16,129671.4553759778,0.9618954736678504,5.112844385204714,4.150948911536863,4.150948911536863,14156.272420958276
publication_grouped_cv,M2_raw_chain,2,R074,73,10.1007/s12274-018-2241-3,catalase,Km (mM),0.15,15.45959845065238,-0.8239087409443188,1.1891982093151208,2.0131069502594396,2.0131069502594396,103.06398967101586
publication_grouped_cv,M2_raw_chain,2,R074,73,10.1007/s12274-018-2241-3,catalase,Kcat (s⁻¹),316.6,712.181459950096,2.5005109105263372,2.8525906636008402,0.352079753074503,0.352079753074503,2.2494676561910802
publication_grouped_cv,M2_raw_chain,2,R074,73,10.1007/s12274-018-2241-3,catalase,Vmax (nM s⁻¹),13.6,129671.4553759778,1.1335389083702174,5.112844385204714,3.979305476834497,3.979305476834497,9534.665836468957
publication_grouped_cv,M2_raw_chain,2,R076,75,10.1007/s12274-018-2241-3,catalase,Km (mM),0.14,15.45959845065238,-0.8538719643217619,1.1891982093151208,2.043070173636883,2.043070173636883,110.42570321894556
publication_grouped_cv,M2_raw_chain,2,R076,75,10.1007/s12274-018-2241-3,catalase,Kcat (s⁻¹),1216.6,712.181459950096,3.0851478121269045,2.8525906636008402,-0.23255714852606424,0.23255714852606424,0.5853867006001119
publication_grouped_cv,M2_raw_chain,2,R076,75,10.1007/s12274-018-2241-3,catalase,Vmax (nM s⁻¹),53.33,129671.4553759778,1.7269715836828767,5.112844385204714,3.3858728015218373,3.3858728015218373,2431.491756534367
publication_grouped_cv,M2_raw_chain,2,R078,77,10.1007/s12274-018-2241-3,catalase,Km (mM),0.072,15.45959845065238,-1.1426675035687315,1.1891982093151208,2.331865712883852,2.331865712883852,214.71664514794972
publication_grouped_cv,M2_raw_chain,2,R078,77,10.1007/s12274-018-2241-3,catalase,Kcat (s⁻¹),163.33,712.181459950096,2.2130659620657176,2.8525906636008402,0.6395247015351226,0.6395247015351226,4.360383640176917
publication_grouped_cv,M2_raw_chain,2,R078,77,10.1007/s12274-018-2241-3,catalase,Vmax (nM s⁻¹),7.16,129671.4553759778,0.8549130223078556,5.112844385204714,4.2579313628968585,4.2579313628968585,18110.538460332096
publication_grouped_cv,M2_raw_chain,2,R084,83,10.1007/s12274-018-2241-3,catalase,Km (mM),0.14,15.45959845065238,-0.8538719643217619,1.1891982093151208,2.043070173636883,2.043070173636883,110.42570321894556
publication_grouped_cv,M2_raw_chain,2,R084,83,10.1007/s12274-018-2241-3,catalase,Kcat (s⁻¹),266.6,712.181459950096,2.4258601450778405,2.8525906636008402,0.4267305185229997,0.4267305185229997,2.6713483118908328
publication_grouped_cv,M2_raw_chain,2,R084,83,10.1007/s12274-018-2241-3,catalase,Vmax (nM s⁻¹),11.6,129671.4553759778,1.0644579892269184,5.112844385204714,4.048386395977796,4.048386395977796,11178.573739308433
publication_grouped_cv,M2_raw_chain,2,R085,84,10.1021/acs.inorgchem.8b02423,peroxidase,Km (mM),0.236,1.436960641786813,-0.6270879970298935,0.15744487301321586,0.7845328700431093,0.7845328700431093,6.088816278757682
publication_grouped_cv,M2_raw_chain,2,R085,84,10.1021/acs.inorgchem.8b02423,peroxidase,Kcat (s⁻¹),2950.0,0.43074151574336006,3.469822015978163,-0.3657832680346169,-3.8356052840127797,3.8356052840127797,0.0001460140731333424
publication_grouped_cv,M2_raw_chain,2,R085,84,10.1021/acs.inorgchem.8b02423,peroxidase,Vmax (nM s⁻¹),87.8,185.19920881993116,1.9434945159061026,2.2676391270226324,0.3241446111165298,0.3241446111165298,2.1093303965823593
publication_grouped_cv,M3_physics_independent,2,R004,3,10.1002/ange.201813994,catalase,Km (mM),11.63,17.589041858043778,1.0655797147284485,1.2452421824308573,0.1796624677024088,0.1796624677024088,1.5123853704250882
publication_grouped_cv,M3_physics_independent,2,R004,3,10.1002/ange.201813994,catalase,Kcat (s⁻¹),1100.0,1288.9820749405285,3.041392685158225,3.1102468779363783,0.06885419277815341,0.06885419277815341,1.1718018863095714
publication_grouped_cv,M3_physics_independent,2,R004,3,10.1002/ange.201813994,catalase,Vmax (nM s⁻¹),27.58,215.10834964682493,1.4405942618398309,2.332657268291524,0.892063006451693,0.892063006451693,7.7994325470204835
publication_grouped_cv,M3_physics_independent,2,R008,7,10.1021/acs.inorgchem.8b02423,catalase,Km (mM),2.5118,4.463244310037655,0.3999850561024504,0.6496506599969809,0.24966560389453052,0.24966560389453052,1.7769107054851718
publication_grouped_cv,M3_physics_independent,2,R008,7,10.1021/acs.inorgchem.8b02423,catalase,Kcat (s⁻¹),1532.198,1.0031047547839065,3.1853148911132174,0.0013462890014918029,-3.1839686021117255,3.1839686021117255,0.0006546835035575731
publication_grouped_cv,M3_physics_independent,2,R008,7,10.1021/acs.inorgchem.8b02423,catalase,Vmax (nM s⁻¹),264.4,77.9551279938192,2.4222614508136027,1.8918446889433058,-0.5304167618702968,0.5304167618702968,0.2948378517164115
publication_grouped_cv,M3_physics_independent,2,R011,10,10.1007/s12274-018-2241-3,catalase,Km (mM),0.064,5.853632526199198,-1.193820026016113,0.7674254552256891,1.9612454812418019,1.9612454812418019,91.46300822186247
publication_grouped_cv,M3_physics_independent,2,R011,10,10.1007/s12274-018-2241-3,catalase,Kcat (s⁻¹),183.3,45.64631746922521,2.2631624649622166,1.6594057464419427,-0.6037567185202739,0.6037567185202739,0.24902519077591492
publication_grouped_cv,M3_physics_independent,2,R011,10,10.1007/s12274-018-2241-3,catalase,Vmax (nM s⁻¹),8.165,22927.236912488726,0.9119561890726869,4.360351718665169,3.448395529592482,3.448395529592482,2807.9898239422814
publication_grouped_cv,M3_physics_independent,2,R036,35,10.1007/s12274-018-2241-3,catalase,Km (mM),0.17,5.853632526199198,-0.769551078621726,0.7674254552256891,1.536976533847415,1.536976533847415,34.433132507054104
publication_grouped_cv,M3_physics_independent,2,R036,35,10.1007/s12274-018-2241-3,catalase,Kcat (s⁻¹),366.6,45.64631746922521,2.564192460626198,1.6594057464419427,-0.9047867141842552,0.9047867141842552,0.12451259538795746
publication_grouped_cv,M3_physics_independent,2,R036,35,10.1007/s12274-018-2241-3,catalase,Vmax (nM s⁻¹),15.99,22927.236912488726,1.2038484637462348,4.360351718665169,3.156503254918934,3.156503254918934,1433.848462319495
publication_grouped_cv,M3_physics_independent,2,R041,40,10.1002/ange.201813994,peroxidase,Km (mM),3.759,0.11047991937005315,0.5750723257138124,-0.9567166513841117,-1.531788977097924,1.531788977097924,0.029390773974475433
publication_grouped_cv,M3_physics_independent,2,R041,40,10.1002/ange.201813994,peroxidase,Kcat (s⁻¹),560.0,556.0516558298366,2.7481880270062002,2.745115138344287,-0.0030728886619133533,0.0030728886619133533,0.9929493854104224
publication_grouped_cv,M3_physics_independent,2,R041,40,10.1002/ange.201813994,peroxidase,Vmax (nM s⁻¹),14.11,240.8938934823316,1.1495270137543478,2.381825791029724,1.2322987772753762,1.2322987772753762,17.072565094424636
publication_grouped_cv,M3_physics_independent,2,R044,43,10.1021/acs.inorgchem.8b02423,catalase,Km (mM),4.766,4.463244310037655,0.6781540380104373,0.6496506599969809,-0.02850337801345637,0.02850337801345637,0.9364759358031168
publication_grouped_cv,M3_physics_independent,2,R044,43,10.1021/acs.inorgchem.8b02423,catalase,Kcat (s⁻¹),47.6476,1.0031047547839065,1.6780410301998117,0.0013462890014918029,-1.67669474119832,1.67669474119832,0.021052576725457454
publication_grouped_cv,M3_physics_independent,2,R044,43,10.1021/acs.inorgchem.8b02423,catalase,Vmax (nM s⁻¹),297.9,77.9551279938192,2.4740705032150436,1.8918446889433058,-0.5822258142717378,0.5822258142717378,0.2616822020604874
publication_grouped_cv,M3_physics_independent,2,R045,44,10.1007/s12274-018-2241-3,catalase,Km (mM),0.13,5.853632526199198,-0.8860566476931632,0.7674254552256891,1.6534821029188522,1.6534821029188522,45.0279425092246
publication_grouped_cv,M3_physics_independent,2,R045,44,10.1007/s12274-018-2241-3,catalase,Kcat (s⁻¹),916.6,45.64631746922521,2.962179852908768,1.6594057464419427,-1.3027741064668252,1.3027741064668252,0.04979960448311718
publication_grouped_cv,M3_physics_independent,2,R045,44,10.1007/s12274-018-2241-3,catalase,Vmax (nM s⁻¹),39.9,22927.236912488726,1.6009728956867482,4.360351718665169,2.7593788229784204,2.7593788229784204,574.6174664784143
publication_grouped_cv,M3_physics_independent,2,R049,48,10.1021/nn102592h,unknown,Km (mM),6.97,5.647258454468601,0.8432327780980095,0.7518376642697226,-0.0913951138282868,0.0913951138282868,0.8102235946152944
publication_grouped_cv,M3_physics_independent,2,R049,48,10.1021/nn102592h,unknown,Kcat (s⁻¹),18.52,21.762959234489408,1.2676409823459156,1.3377179485550417,0.07007696620912607,0.07007696620912607,1.1751057901992121
publication_grouped_cv,M3_physics_independent,2,R049,48,10.1021/nn102592h,unknown,Vmax (nM s⁻¹),630.0,23724.974291474562,2.7993405494535817,4.375205750495462,1.5758652010418799,1.5758652010418799,37.658689351546926
publication_grouped_cv,M3_physics_independent,2,R058,57,10.1007/s12274-018-2241-3,catalase,Km (mM),0.13,5.853632526199198,-0.8860566476931632,0.7674254552256891,1.6534821029188522,1.6534821029188522,45.0279425092246
publication_grouped_cv,M3_physics_independent,2,R058,57,10.1007/s12274-018-2241-3,catalase,Kcat (s⁻¹),433.33,45.64631746922521,2.6368187568475414,1.6594057464419427,-0.9774130104055987,0.9774130104055987,0.10533846599410429
publication_grouped_cv,M3_physics_independent,2,R058,57,10.1007/s12274-018-2241-3,catalase,Vmax (nM s⁻¹),19.98,22927.236912488726,1.3005954838899636,4.360351718665169,3.059756234775205,3.059756234775205,1147.5093549794158
publication_grouped_cv,M3_physics_independent,2,R059,58,10.1002/ange.201813994,peroxidase,Km (mM),0.224,0.11047991937005315,-0.6497519816658371,-0.9567166513841117,-0.3069646697182745,0.3069646697182745,0.49321392575916584
publication_grouped_cv,M3_physics_independent,2,R059,58,10.1002/ange.201813994,peroxidase,Kcat (s⁻¹),4970000.0,556.0516558298366,6.696356388733332,2.745115138344287,-3.9512412503890455,3.9512412503890455,0.0001118816208913152
publication_grouped_cv,M3_physics_independent,2,R059,58,10.1002/ange.201813994,peroxidase,Vmax (nM s⁻¹),121.5,240.8938934823316,2.084576277934331,2.381825791029724,0.29724951309539316,0.29724951309539316,1.982665789978038
publication_grouped_cv,M3_physics_independent,2,R062,61,10.1002/ange.201813994,catalase,Km (mM),40.16,17.589041858043778,1.603793704136963,1.2452421824308573,-0.3585515217061057,0.3585515217061057,0.43797414985168776
publication_grouped_cv,M3_physics_independent,2,R062,61,10.1002/ange.201813994,catalase,Kcat (s⁻¹),5660000.0,1288.9820749405285,6.752816431188271,3.1102468779363783,-3.6425695532518927,3.6425695532518927,0.000227735348929422
publication_grouped_cv,M3_physics_independent,2,R062,61,10.1002/ange.201813994,catalase,Vmax (nM s⁻¹),106.6,215.10834964682493,2.0277572046905536,2.332657268291524,0.3049000636009702,0.3049000636009702,2.0179019666681515
publication_grouped_cv,M3_physics_independent,2,R068,67,10.1007/s12274-018-2241-3,catalase,Km (mM),0.097,5.853632526199198,-1.0132282657337552,0.7674254552256891,1.7806537209594442,1.7806537209594442,60.346727074218535
publication_grouped_cv,M3_physics_independent,2,R068,67,10.1007/s12274-018-2241-3,catalase,Kcat (s⁻¹),216.6,45.64631746922521,2.3356584522893016,1.6594057464419427,-0.6762527058473589,0.6762527058473589,0.210740154520892
publication_grouped_cv,M3_physics_independent,2,R068,67,10.1007/s12274-018-2241-3,catalase,Vmax (nM s⁻¹),9.16,22927.236912488726,0.9618954736678504,4.360351718665169,3.3984562449973184,3.3984562449973184,2502.973462062088
publication_grouped_cv,M3_physics_independent,2,R074,73,10.1007/s12274-018-2241-3,catalase,Km (mM),0.15,5.853632526199198,-0.8239087409443188,0.7674254552256891,1.5913341961700078,1.5913341961700078,39.02421684132799
publication_grouped_cv,M3_physics_independent,2,R074,73,10.1007/s12274-018-2241-3,catalase,Kcat (s⁻¹),316.6,45.64631746922521,2.5005109105263372,1.6594057464419427,-0.8411051640843945,0.8411051640843945,0.14417661866464057
publication_grouped_cv,M3_physics_independent,2,R074,73,10.1007/s12274-018-2241-3,catalase,Vmax (nM s⁻¹),13.6,22927.236912488726,1.1335389083702174,4.360351718665169,3.2268128102949514,3.2268128102949514,1685.8262435653476
publication_grouped_cv,M3_physics_independent,2,R076,75,10.1007/s12274-018-2241-3,catalase,Km (mM),0.14,5.853632526199198,-0.8538719643217619,0.7674254552256891,1.621297419547451,1.621297419547451,41.81166090142284
publication_grouped_cv,M3_physics_independent,2,R076,75,10.1007/s12274-018-2241-3,catalase,Kcat (s⁻¹),1216.6,45.64631746922521,3.0851478121269045,1.6594057464419427,-1.4257420656849618,1.4257420656849618,0.037519577074819344
publication_grouped_cv,M3_physics_independent,2,R076,75,10.1007/s12274-018-2241-3,catalase,Vmax (nM s⁻¹),53.33,22927.236912488726,1.7269715836828767,4.360351718665169,2.633380134982292,2.633380134982292,429.9125616442664
publication_grouped_cv,M3_physics_independent,2,R078,77,10.1007/s12274-018-2241-3,catalase,Km (mM),0.072,5.853632526199198,-1.1426675035687315,0.7674254552256891,1.9100929587944204,1.9100929587944204,81.30045175276665
publication_grouped_cv,M3_physics_independent,2,R078,77,10.1007/s12274-018-2241-3,catalase,Kcat (s⁻¹),163.33,45.64631746922521,2.2130659620657176,1.6594057464419427,-0.5536602156237749,0.5536602156237749,0.27947295334124295
publication_grouped_cv,M3_physics_independent,2,R078,77,10.1007/s12274-018-2241-3,catalase,Vmax (nM s⁻¹),7.16,22927.236912488726,0.8549130223078556,4.360351718665169,3.505438696357313,3.505438696357313,3202.128060403453
publication_grouped_cv,M3_physics_independent,2,R084,83,10.1007/s12274-018-2241-3,catalase,Km (mM),0.14,5.853632526199198,-0.8538719643217619,0.7674254552256891,1.621297419547451,1.621297419547451,41.81166090142284
publication_grouped_cv,M3_physics_independent,2,R084,83,10.1007/s12274-018-2241-3,catalase,Kcat (s⁻¹),266.6,45.64631746922521,2.4258601450778405,1.6594057464419427,-0.7664543986358978,0.7664543986358978,0.17121649463325284
publication_grouped_cv,M3_physics_independent,2,R084,83,10.1007/s12274-018-2241-3,catalase,Vmax (nM s⁻¹),11.6,22927.236912488726,1.0644579892269184,4.360351718665169,3.2958937294382507,3.2958937294382507,1976.4859407317867
publication_grouped_cv,M3_physics_independent,2,R085,84,10.1021/acs.inorgchem.8b02423,peroxidase,Km (mM),0.236,0.5666411544590039,-0.6270879970298935,-0.24669188638920916,0.38039611064068435,0.38039611064068435,2.4010218409279824
publication_grouped_cv,M3_physics_independent,2,R085,84,10.1021/acs.inorgchem.8b02423,peroxidase,Kcat (s⁻¹),2950.0,0.07979045943843532,3.469822015978163,-1.0980490342250389,-4.567871050203202,4.567871050203202,2.7047613368961125e-05
publication_grouped_cv,M3_physics_independent,2,R085,84,10.1021/acs.inorgchem.8b02423,peroxidase,Vmax (nM s⁻¹),87.8,77.690855866739,1.9434945159061026,1.8903699057981642,-0.05312461010793834,0.05312461010793834,0.8848616841314237
publication_grouped_cv,M4_full_physics_chain,2,R004,3,10.1002/ange.201813994,catalase,Km (mM),11.63,17.589041858043778,1.0655797147284485,1.2452421824308573,0.1796624677024088,0.1796624677024088,1.5123853704250882
publication_grouped_cv,M4_full_physics_chain,2,R004,3,10.1002/ange.201813994,catalase,Kcat (s⁻¹),1100.0,1408.3526802931071,3.041392685158225,3.1487114246395342,0.10731873948130932,0.10731873948130932,1.2803206184482792
publication_grouped_cv,M4_full_physics_chain,2,R004,3,10.1002/ange.201813994,catalase,Vmax (nM s⁻¹),27.58,201.83110228911144,1.4405942618398309,2.3049880920878163,0.8643938302479854,0.8643938302479854,7.318024013383302
publication_grouped_cv,M4_full_physics_chain,2,R008,7,10.1021/acs.inorgchem.8b02423,catalase,Km (mM),2.5118,4.463244310037655,0.3999850561024504,0.6496506599969809,0.24966560389453052,0.24966560389453052,1.7769107054851718
publication_grouped_cv,M4_full_physics_chain,2,R008,7,10.1021/acs.inorgchem.8b02423,catalase,Kcat (s⁻¹),1532.198,0.5158355727883303,3.1853148911132174,-0.28748871157192735,-3.4728036026851448,3.4728036026851448,0.00033666378156630556
publication_grouped_cv,M4_full_physics_chain,2,R008,7,10.1021/acs.inorgchem.8b02423,catalase,Vmax (nM s⁻¹),264.4,90.63841850398374,2.4222614508136027,1.95731231917457,-0.4649491316390326,0.4649491316390326,0.34280793685319116
publication_grouped_cv,M4_full_physics_chain,2,R011,10,10.1007/s12274-018-2241-3,catalase,Km (mM),0.064,5.853632526199198,-1.193820026016113,0.7674254552256891,1.9612454812418019,1.9612454812418019,91.46300822186247
publication_grouped_cv,M4_full_physics_chain,2,R011,10,10.1007/s12274-018-2241-3,catalase,Kcat (s⁻¹),183.3,20.44987152580629,2.2631624649622166,1.3106905839419591,-0.9524718810202575,0.9524718810202575,0.11156503832954877
publication_grouped_cv,M4_full_physics_chain,2,R011,10,10.1007/s12274-018-2241-3,catalase,Vmax (nM s⁻¹),8.165,33364.72001406865,0.9119561890726869,4.5232874847433555,3.6113312956706687,3.6113312956706687,4086.3098608779733
publication_grouped_cv,M4_full_physics_chain,2,R036,35,10.1007/s12274-018-2241-3,catalase,Km (mM),0.17,5.853632526199198,-0.769551078621726,0.7674254552256891,1.536976533847415,1.536976533847415,34.433132507054104
publication_grouped_cv,M4_full_physics_chain,2,R036,35,10.1007/s12274-018-2241-3,catalase,Kcat (s⁻¹),366.6,20.44987152580629,2.564192460626198,1.3106905839419591,-1.2535018766842387,1.2535018766842387,0.055782519164774384
publication_grouped_cv,M4_full_physics_chain,2,R036,35,10.1007/s12274-018-2241-3,catalase,Vmax (nM s⁻¹),15.99,33364.72001406865,1.2038484637462348,4.5232874847433555,3.3194390209971205,3.3194390209971205,2086.5991253326233
publication_grouped_cv,M4_full_physics_chain,2,R041,40,10.1002/ange.201813994,peroxidase,Km (mM),3.759,0.11047991937005315,0.5750723257138124,-0.9567166513841117,-1.531788977097924,1.531788977097924,0.029390773974475433
publication_grouped_cv,M4_full_physics_chain,2,R041,40,10.1002/ange.201813994,peroxidase,Kcat (s⁻¹),560.0,476.60079534892384,2.7481880270062002,2.6781547627594104,-0.0700332642467898,0.0700332642467898,0.851072848837364
publication_grouped_cv,M4_full_physics_chain,2,R041,40,10.1002/ange.201813994,peroxidase,Vmax (nM s⁻¹),14.11,217.56767599680438,1.1495270137543478,2.3375943727403365,1.1880673589859887,1.1880673589859887,15.419395889213636
publication_grouped_cv,M4_full_physics_chain,2,R044,43,10.1021/acs.inorgchem.8b02423,catalase,Km (mM),4.766,4.463244310037655,0.6781540380104373,0.6496506599969809,-0.02850337801345637,0.02850337801345637,0.9364759358031168
publication_grouped_cv,M4_full_physics_chain,2,R044,43,10.1021/acs.inorgchem.8b02423,catalase,Kcat (s⁻¹),47.6476,0.5158355727883303,1.6780410301998117,-0.28748871157192735,-1.965529741771739,1.965529741771739,0.0108260557255419
publication_grouped_cv,M4_full_physics_chain,2,R044,43,10.1021/acs.inorgchem.8b02423,catalase,Vmax (nM s⁻¹),297.9,90.63841850398374,2.4740705032150436,1.95731231917457,-0.5167581840404736,0.5167581840404736,0.3042578667471761
publication_grouped_cv,M4_full_physics_chain,2,R045,44,10.1007/s12274-018-2241-3,catalase,Km (mM),0.13,5.853632526199198,-0.8860566476931632,0.7674254552256891,1.6534821029188522,1.6534821029188522,45.0279425092246
publication_grouped_cv,M4_full_physics_chain,2,R045,44,10.1007/s12274-018-2241-3,catalase,Kcat (s⁻¹),916.6,20.44987152580629,2.962179852908768,1.3106905839419591,-1.6514892689668088,1.6514892689668088,0.02231057334257723
publication_grouped_cv,M4_full_physics_chain,2,R045,44,10.1007/s12274-018-2241-3,catalase,Vmax (nM s⁻¹),39.9,33364.72001406865,1.6009728956867482,4.5232874847433555,2.922314589056607,2.922314589056607,836.2085216558559
publication_grouped_cv,M4_full_physics_chain,2,R049,48,10.1021/nn102592h,unknown,Km (mM),6.97,5.647258454468604,0.8432327780980095,0.7518376642697229,-0.09139511382828658,0.09139511382828658,0.8102235946152947
publication_grouped_cv,M4_full_physics_chain,2,R049,48,10.1021/nn102592h,unknown,Kcat (s⁻¹),18.52,9.153079534280359,1.2676409823459156,0.9615672361137367,-0.30607374623217887,0.30607374623217887,0.4942267567106025
publication_grouped_cv,M4_full_physics_chain,2,R049,48,10.1021/nn102592h,unknown,Vmax (nM s⁻¹),630.0,34489.39033352823,2.7993405494535817,4.537685517442929,1.7383449679893475,1.7383449679893475,54.74506402147338
publication_grouped_cv,M4_full_physics_chain,2,R058,57,10.1007/s12274-018-2241-3,catalase,Km (mM),0.13,5.853632526199198,-0.8860566476931632,0.7674254552256891,1.6534821029188522,1.6534821029188522,45.0279425092246
publication_grouped_cv,M4_full_physics_chain,2,R058,57,10.1007/s12274-018-2241-3,catalase,Kcat (s⁻¹),433.33,20.44987152580629,2.6368187568475414,1.3106905839419591,-1.3261281729055823,1.3261281729055823,0.047192374231662455
publication_grouped_cv,M4_full_physics_chain,2,R058,57,10.1007/s12274-018-2241-3,catalase,Vmax (nM s⁻¹),19.98,33364.72001406865,1.3005954838899636,4.5232874847433555,3.222692000853392,3.222692000853392,1669.9059066100424
publication_grouped_cv,M4_full_physics_chain,2,R059,58,10.1002/ange.201813994,peroxidase,Km (mM),0.224,0.11047991937005315,-0.6497519816658371,-0.9567166513841117,-0.3069646697182745,0.3069646697182745,0.49321392575916584
publication_grouped_cv,M4_full_physics_chain,2,R059,58,10.1002/ange.201813994,peroxidase,Kcat (s⁻¹),4970000.0,476.60079534892384,6.696356388733332,2.6781547627594104,-4.018201625973922,4.018201625973922,9.589553226336496e-05
publication_grouped_cv,M4_full_physics_chain,2,R059,58,10.1002/ange.201813994,peroxidase,Vmax (nM s⁻¹),121.5,217.56767599680438,2.084576277934331,2.3375943727403365,0.2530180948060057,0.2530180948060057,1.7906804608790483
publication_grouped_cv,M4_full_physics_chain,2,R062,61,10.1002/ange.201813994,catalase,Km (mM),40.16,17.589041858043778,1.603793704136963,1.2452421824308573,-0.3585515217061057,0.3585515217061057,0.43797414985168776
publication_grouped_cv,M4_full_physics_chain,2,R062,61,10.1002/ange.201813994,catalase,Kcat (s⁻¹),5660000.0,1408.3526802931071,6.752816431188271,3.1487114246395342,-3.604105006548737,3.604105006548737,0.00024882556188924156
publication_grouped_cv,M4_full_physics_chain,2,R062,61,10.1002/ange.201813994,catalase,Vmax (nM s⁻¹),106.6,201.83110228911144,2.0277572046905536,2.3049880920878163,0.27723088739726265,0.27723088739726265,1.8933499276652106
publication_grouped_cv,M4_full_physics_chain,2,R068,67,10.1007/s12274-018-2241-3,catalase,Km (mM),0.097,5.853632526199198,-1.0132282657337552,0.7674254552256891,1.7806537209594442,1.7806537209594442,60.346727074218535
publication_grouped_cv,M4_full_physics_chain,2,R068,67,10.1007/s12274-018-2241-3,catalase,Kcat (s⁻¹),216.6,20.44987152580629,2.3356584522893016,1.3106905839419591,-1.0249678683473424,1.0249678683473424,0.0944130726029838
publication_grouped_cv,M4_full_physics_chain,2,R068,67,10.1007/s12274-018-2241-3,catalase,Vmax (nM s⁻¹),9.16,33364.72001406865,0.9618954736678504,4.5232874847433555,3.561392011075505,3.561392011075505,3642.436682758586
publication_grouped_cv,M4_full_physics_chain,2,R074,73,10.1007/s12274-018-2241-3,catalase,Km (mM),0.15,5.853632526199198,-0.8239087409443188,0.7674254552256891,1.5913341961700078,1.5913341961700078,39.02421684132799
publication_grouped_cv,M4_full_physics_chain,2,R074,73,10.1007/s12274-018-2241-3,catalase,Kcat (s⁻¹),316.6,20.44987152580629,2.5005109105263372,1.3106905839419591,-1.189820326584378,1.189820326584378,0.06459214000570528
publication_grouped_cv,M4_full_physics_chain,2,R074,73,10.1007/s12274-018-2241-3,catalase,Vmax (nM s⁻¹),13.6,33364.72001406865,1.1335389083702174,4.5232874847433555,3.389748576373138,3.389748576373138,2453.288236328577
publication_grouped_cv,M4_full_physics_chain,2,R076,75,10.1007/s12274-018-2241-3,catalase,Km (mM),0.14,5.853632526199198,-0.8538719643217619,0.7674254552256891,1.621297419547451,1.621297419547451,41.81166090142284
publication_grouped_cv,M4_full_physics_chain,2,R076,75,10.1007/s12274-018-2241-3,catalase,Kcat (s⁻¹),1216.6,20.44987152580629,3.0851478121269045,1.3106905839419591,-1.7744572281849453,1.7744572281849453,0.016809034625847683
publication_grouped_cv,M4_full_physics_chain,2,R076,75,10.1007/s12274-018-2241-3,catalase,Vmax (nM s⁻¹),53.33,33364.72001406865,1.7269715836828767,4.5232874847433555,2.7963159010604786,2.7963159010604786,625.6276019889115
publication_grouped_cv,M4_full_physics_chain,2,R078,77,10.1007/s12274-018-2241-3,catalase,Km (mM),0.072,5.853632526199198,-1.1426675035687315,0.7674254552256891,1.9100929587944204,1.9100929587944204,81.30045175276665
publication_grouped_cv,M4_full_physics_chain,2,R078,77,10.1007/s12274-018-2241-3,catalase,Kcat (s⁻¹),163.33,20.44987152580629,2.2130659620657176,1.3106905839419591,-0.9023753781237585,0.9023753781237585,0.12520585027739112
publication_grouped_cv,M4_full_physics_chain,2,R078,77,10.1007/s12274-018-2241-3,catalase,Vmax (nM s⁻¹),7.16,33364.72001406865,0.8549130223078556,4.5232874847433555,3.6683744624354997,3.6683744624354997,4659.877096936962
publication_grouped_cv,M4_full_physics_chain,2,R084,83,10.1007/s12274-018-2241-3,catalase,Km (mM),0.14,5.853632526199198,-0.8538719643217619,0.7674254552256891,1.621297419547451,1.621297419547451,41.81166090142284
publication_grouped_cv,M4_full_physics_chain,2,R084,83,10.1007/s12274-018-2241-3,catalase,Kcat (s⁻¹),266.6,20.44987152580629,2.4258601450778405,1.3106905839419591,-1.1151695611358814,1.1151695611358814,0.0767061947704662
publication_grouped_cv,M4_full_physics_chain,2,R084,83,10.1007/s12274-018-2241-3,catalase,Vmax (nM s⁻¹),11.6,33364.72001406865,1.0644579892269184,4.5232874847433555,3.4588294955164374,3.4588294955164374,2876.268966730056
publication_grouped_cv,M4_full_physics_chain,2,R085,84,10.1021/acs.inorgchem.8b02423,peroxidase,Km (mM),0.236,0.5666411544590039,-0.6270879970298935,-0.24669188638920916,0.38039611064068435,0.38039611064068435,2.4010218409279824
publication_grouped_cv,M4_full_physics_chain,2,R085,84,10.1021/acs.inorgchem.8b02423,peroxidase,Kcat (s⁻¹),2950.0,0.06751006639738062,3.469822015978163,-1.170631464874432,-4.640453480852595,4.640453480852595,2.2884768270298517e-05
publication_grouped_cv,M4_full_physics_chain,2,R085,84,10.1021/acs.inorgchem.8b02423,peroxidase,Vmax (nM s⁻¹),87.8,85.46002133133874,1.9434945159061026,1.9317629968837233,-0.011731519022379233,0.011731519022379233,0.9733487623159309
publication_grouped_cv,A0_physics_no_arrhenius,2,R004,3,10.1002/ange.201813994,catalase,Km (mM),11.63,0.8973273049059528,1.0655797147284485,-0.04704911683660181,-1.1126288315650503,1.1126288315650503,0.07715626009509483
publication_grouped_cv,A0_physics_no_arrhenius,2,R004,3,10.1002/ange.201813994,catalase,Kcat (s⁻¹),1100.0,795.2697942980197,3.041392685158225,2.900514487521517,-0.14087819763670772,0.14087819763670772,0.722972540270927
publication_grouped_cv,A0_physics_no_arrhenius,2,R004,3,10.1002/ange.201813994,catalase,Vmax (nM s⁻¹),27.58,226.36148475149048,1.4405942618398309,2.354802533899377,0.9142082720595461,0.9142082720595461,8.207450498603716
publication_grouped_cv,A0_physics_no_arrhenius,2,R008,7,10.1021/acs.inorgchem.8b02423,catalase,Km (mM),2.5118,0.9690379110711201,0.3999850561024504,-0.013659231982341235,-0.41364428808479164,0.41364428808479164,0.3857942157302015
publication_grouped_cv,A0_physics_no_arrhenius,2,R008,7,10.1021/acs.inorgchem.8b02423,catalase,Kcat (s⁻¹),1532.198,0.15329142203734877,3.1853148911132174,-0.8144821469465142,-3.9997970380597314,3.9997970380597314,0.00010004674463571207
publication_grouped_cv,A0_physics_no_arrhenius,2,R008,7,10.1021/acs.inorgchem.8b02423,catalase,Vmax (nM s⁻¹),264.4,80.92354366235739,2.4222614508136027,1.9080748923799165,-0.5141865584336862,0.5141865584336862,0.3060648398727587
publication_grouped_cv,A0_physics_no_arrhenius,2,R011,10,10.1007/s12274-018-2241-3,catalase,Km (mM),0.064,6.757330036064176,-1.193820026016113,0.829775130903837,2.02359515691995,2.02359515691995,105.58328181350275
publication_grouped_cv,A0_physics_no_arrhenius,2,R011,10,10.1007/s12274-018-2241-3,catalase,Kcat (s⁻¹),183.3,14.430461321563532,2.2631624649622166,1.1592802150995196,-1.103882249862697,1.103882249862697,0.07872592101234878
publication_grouped_cv,A0_physics_no_arrhenius,2,R011,10,10.1007/s12274-018-2241-3,catalase,Vmax (nM s⁻¹),8.165,22180.234914691802,0.9119561890726869,4.345966141525229,3.434009952452542,3.434009952452542,2716.5015204766446
publication_grouped_cv,A0_physics_no_arrhenius,2,R036,35,10.1007/s12274-018-2241-3,catalase,Km (mM),0.17,6.757330036064176,-0.769551078621726,0.829775130903837,1.5993262095255631,1.5993262095255631,39.74900021214221
publication_grouped_cv,A0_physics_no_arrhenius,2,R036,35,10.1007/s12274-018-2241-3,catalase,Kcat (s⁻¹),366.6,14.430461321563532,2.564192460626198,1.1592802150995196,-1.4049122455266783,1.4049122455266783,0.03936296050617439
publication_grouped_cv,A0_physics_no_arrhenius,2,R036,35,10.1007/s12274-018-2241-3,catalase,Vmax (nM s⁻¹),15.99,22180.234914691802,1.2038484637462348,4.345966141525229,3.1421176777789936,3.1421176777789936,1387.1316394428895
publication_grouped_cv,A0_physics_no_arrhenius,2,R041,40,10.1002/ange.201813994,peroxidase,Km (mM),3.759,0.8973273049059528,0.5750723257138124,-0.04704911683660181,-0.6221214425504142,0.6221214425504142,0.2387143668278672
publication_grouped_cv,A0_physics_no_arrhenius,2,R041,40,10.1002/ange.201813994,peroxidase,Kcat (s⁻¹),560.0,795.2697942980197,2.7481880270062002,2.900514487521517,0.15232646051531695,0.15232646051531695,1.4201246326750352
publication_grouped_cv,A0_physics_no_arrhenius,2,R041,40,10.1002/ange.201813994,peroxidase,Vmax (nM s⁻¹),14.11,226.36148475149048,1.1495270137543478,2.354802533899377,1.2052755201450291,1.2052755201450291,16.042628260204854
publication_grouped_cv,A0_physics_no_arrhenius,2,R044,43,10.1021/acs.inorgchem.8b02423,catalase,Km (mM),4.766,0.9690379110711201,0.6781540380104373,-0.013659231982341235,-0.6918132699927785,0.6918132699927785,0.2033231034559631
publication_grouped_cv,A0_physics_no_arrhenius,2,R044,43,10.1021/acs.inorgchem.8b02423,catalase,Kcat (s⁻¹),47.6476,0.15329142203734877,1.6780410301998117,-0.8144821469465142,-2.492523177146326,2.492523177146326,0.0032171908351595626
publication_grouped_cv,A0_physics_no_arrhenius,2,R044,43,10.1021/acs.inorgchem.8b02423,catalase,Vmax (nM s⁻¹),297.9,80.92354366235739,2.4740705032150436,1.9080748923799165,-0.5659956108351272,0.5659956108351272,0.27164667224691974
publication_grouped_cv,A0_physics_no_arrhenius,2,R045,44,10.1007/s12274-018-2241-3,catalase,Km (mM),0.13,6.757330036064176,-0.8860566476931632,0.829775130903837,1.7158317785970003,1.7158317785970003,51.979461815878274
publication_grouped_cv,A0_physics_no_arrhenius,2,R045,44,10.1007/s12274-018-2241-3,catalase,Kcat (s⁻¹),916.6,14.430461321563532,2.962179852908768,1.1592802150995196,-1.8028996378092483,1.8028996378092483,0.01574346642108175
publication_grouped_cv,A0_physics_no_arrhenius,2,R045,44,10.1007/s12274-018-2241-3,catalase,Vmax (nM s⁻¹),39.9,22180.234914691802,1.6009728956867482,4.345966141525229,2.7449932458384803,2.7449932458384803,555.8956118970377
publication_grouped_cv,A0_physics_no_arrhenius,2,R049,48,10.1021/nn102592h,unknown,Km (mM),6.97,6.601308375677297,0.8432327780980095,0.8196300209998546,-0.023602757098154847,0.023602757098154847,0.9471030668116639
publication_grouped_cv,A0_physics_no_arrhenius,2,R049,48,10.1021/nn102592h,unknown,Kcat (s⁻¹),18.52,6.978990232745475,1.2676409823459156,0.8437925905213973,-0.4238483918245183,0.4238483918245183,0.3768353257421963
publication_grouped_cv,A0_physics_no_arrhenius,2,R049,48,10.1021/nn102592h,unknown,Vmax (nM s⁻¹),630.0,23145.40721699597,2.7993405494535817,4.364464826101267,1.5651242766476856,1.5651242766476856,36.73874161427931
publication_grouped_cv,A0_physics_no_arrhenius,2,R058,57,10.1007/s12274-018-2241-3,catalase,Km (mM),0.13,6.757330036064176,-0.8860566476931632,0.829775130903837,1.7158317785970003,1.7158317785970003,51.979461815878274
publication_grouped_cv,A0_physics_no_arrhenius,2,R058,57,10.1007/s12274-018-2241-3,catalase,Kcat (s⁻¹),433.33,14.430461321563532,2.6368187568475414,1.1592802150995196,-1.4775385417480218,1.4775385417480218,0.03330132075222932
publication_grouped_cv,A0_physics_no_arrhenius,2,R058,57,10.1007/s12274-018-2241-3,catalase,Vmax (nM s⁻¹),19.98,22180.234914691802,1.3005954838899636,4.345966141525229,3.045370657635265,3.045370657635265,1110.1218676021922
publication_grouped_cv,A0_physics_no_arrhenius,2,R059,58,10.1002/ange.201813994,peroxidase,Km (mM),0.224,0.8973273049059528,-0.6497519816658371,-0.04704911683660181,0.6027028648292353,0.6027028648292353,4.005925468330147
publication_grouped_cv,A0_physics_no_arrhenius,2,R059,58,10.1002/ange.201813994,peroxidase,Kcat (s⁻¹),4970000.0,795.2697942980197,6.696356388733332,2.900514487521517,-3.795841901211815,3.795841901211815,0.00016001404311831384
publication_grouped_cv,A0_physics_no_arrhenius,2,R059,58,10.1002/ange.201813994,peroxidase,Vmax (nM s⁻¹),121.5,226.36148475149048,2.084576277934331,2.354802533899377,0.2702262559650461,0.2702262559650461,1.8630574876665884
publication_grouped_cv,A0_physics_no_arrhenius,2,R062,61,10.1002/ange.201813994,catalase,Km (mM),40.16,0.8973273049059528,1.603793704136963,-0.04704911683660181,-1.6508428209735648,1.6508428209735648,0.022343807393076516
publication_grouped_cv,A0_physics_no_arrhenius,2,R062,61,10.1002/ange.201813994,catalase,Kcat (s⁻¹),5660000.0,795.2697942980197,6.752816431188271,2.900514487521517,-3.852301943666754,3.852301943666754,0.00014050703079470313
publication_grouped_cv,A0_physics_no_arrhenius,2,R062,61,10.1002/ange.201813994,catalase,Vmax (nM s⁻¹),106.6,226.36148475149048,2.0277572046905536,2.354802533899377,0.32704532920882334,0.32704532920882334,2.1234660858488787
publication_grouped_cv,A0_physics_no_arrhenius,2,R068,67,10.1007/s12274-018-2241-3,catalase,Km (mM),0.097,6.757330036064176,-1.0132282657337552,0.829775130903837,1.8430033966375923,1.8430033966375923,69.66319624808429
publication_grouped_cv,A0_physics_no_arrhenius,2,R068,67,10.1007/s12274-018-2241-3,catalase,Kcat (s⁻¹),216.6,14.430461321563532,2.3356584522893016,1.1592802150995196,-1.176378237189782,1.176378237189782,0.06662262844673839
publication_grouped_cv,A0_physics_no_arrhenius,2,R068,67,10.1007/s12274-018-2241-3,catalase,Vmax (nM s⁻¹),9.16,22180.234914691802,0.9618954736678504,4.345966141525229,3.384070667857378,3.384070667857378,2421.423025621376
publication_grouped_cv,A0_physics_no_arrhenius,2,R074,73,10.1007/s12274-018-2241-3,catalase,Km (mM),0.15,6.757330036064176,-0.8239087409443188,0.829775130903837,1.653683871848156,1.653683871848156,45.04886690709451
publication_grouped_cv,A0_physics_no_arrhenius,2,R074,73,10.1007/s12274-018-2241-3,catalase,Kcat (s⁻¹),316.6,14.430461321563532,2.5005109105263372,1.1592802150995196,-1.3412306954268176,1.3412306954268176,0.04557947353620825
publication_grouped_cv,A0_physics_no_arrhenius,2,R074,73,10.1007/s12274-018-2241-3,catalase,Vmax (nM s⁻¹),13.6,22180.234914691802,1.1335389083702174,4.345966141525229,3.212427233155011,3.212427233155011,1630.8996260802796
publication_grouped_cv,A0_physics_no_arrhenius,2,R076,75,10.1007/s12274-018-2241-3,catalase,Km (mM),0.14,6.757330036064176,-0.8538719643217619,0.829775130903837,1.683647095225599,1.683647095225599,48.26664311474411
publication_grouped_cv,A0_physics_no_arrhenius,2,R076,75,10.1007/s12274-018-2241-3,catalase,Kcat (s⁻¹),1216.6,14.430461321563532,3.0851478121269045,1.1592802150995196,-1.9258675970273849,1.9258675970273849,0.011861303075426216
publication_grouped_cv,A0_physics_no_arrhenius,2,R076,75,10.1007/s12274-018-2241-3,catalase,Vmax (nM s⁻¹),53.33,22180.234914691802,1.7269715836828767,4.345966141525229,2.6189945578423517,2.6189945578423517,415.9053987378924
publication_grouped_cv,A0_physics_no_arrhenius,2,R078,77,10.1007/s12274-018-2241-3,catalase,Km (mM),0.072,6.757330036064176,-1.1426675035687315,0.829775130903837,1.9724426344725685,1.9724426344725685,93.8518060564469
publication_grouped_cv,A0_physics_no_arrhenius,2,R078,77,10.1007/s12274-018-2241-3,catalase,Kcat (s⁻¹),163.33,14.430461321563532,2.2130659620657176,1.1592802150995196,-1.053785746966198,1.053785746966198,0.08835156628643563
publication_grouped_cv,A0_physics_no_arrhenius,2,R078,77,10.1007/s12274-018-2241-3,catalase,Vmax (nM s⁻¹),7.16,22180.234914691802,0.8549130223078556,4.345966141525229,3.491053119217373,3.491053119217373,3097.798172442989
publication_grouped_cv,A0_physics_no_arrhenius,2,R084,83,10.1007/s12274-018-2241-3,catalase,Km (mM),0.14,6.757330036064176,-0.8538719643217619,0.829775130903837,1.683647095225599,1.683647095225599,48.26664311474411
publication_grouped_cv,A0_physics_no_arrhenius,2,R084,83,10.1007/s12274-018-2241-3,catalase,Kcat (s⁻¹),266.6,14.430461321563532,2.4258601450778405,1.1592802150995196,-1.266579929978321,1.266579929978321,0.05412776189633733
publication_grouped_cv,A0_physics_no_arrhenius,2,R084,83,10.1007/s12274-018-2241-3,catalase,Vmax (nM s⁻¹),11.6,22180.234914691802,1.0644579892269184,4.345966141525229,3.2815081522983105,3.2815081522983105,1912.089216783776
publication_grouped_cv,A0_physics_no_arrhenius,2,R085,84,10.1021/acs.inorgchem.8b02423,peroxidase,Km (mM),0.236,0.9690379110711201,-0.6270879970298935,-0.013659231982341235,0.6134287650475523,0.6134287650475523,4.1060928435216955
publication_grouped_cv,A0_physics_no_arrhenius,2,R085,84,10.1021/acs.inorgchem.8b02423,peroxidase,Kcat (s⁻¹),2950.0,0.15329142203734877,3.469822015978163,-0.8144821469465142,-4.284304162924677,4.284304162924677,5.1963193910965685e-05
publication_grouped_cv,A0_physics_no_arrhenius,2,R085,84,10.1021/acs.inorgchem.8b02423,peroxidase,Vmax (nM s⁻¹),87.8,80.92354366235739,1.9434945159061026,1.9080748923799165,-0.035419623526186106,0.035419623526186106,0.9216804517352778
publication_grouped_cv,A1_physics_plus_activity_category,2,R004,3,10.1002/ange.201813994,catalase,Km (mM),11.63,31.31407725933301,1.0655797147284485,1.4957396187489913,0.4301599040205428,0.4301599040205428,2.692525989624506
publication_grouped_cv,A1_physics_plus_activity_category,2,R004,3,10.1002/ange.201813994,catalase,Kcat (s⁻¹),1100.0,1712.7422188126181,3.041392685158225,3.2336920031454897,0.19229931798726474,0.19229931798726474,1.5570383807387438
publication_grouped_cv,A1_physics_plus_activity_category,2,R004,3,10.1002/ange.201813994,catalase,Vmax (nM s⁻¹),27.58,163.69129333921606,1.4405942618398309,2.21402558011265,0.773431318272819,0.773431318272819,5.935144791124586
publication_grouped_cv,A1_physics_plus_activity_category,2,R008,7,10.1021/acs.inorgchem.8b02423,catalase,Km (mM),2.5118,10.294460073248775,0.3999850561024504,1.0126035735516405,0.6126185174491902,0.6126185174491902,4.0984393953534415
publication_grouped_cv,A1_physics_plus_activity_category,2,R008,7,10.1021/acs.inorgchem.8b02423,catalase,Kcat (s⁻¹),1532.198,2.714901081896739,3.1853148911132174,0.43375401058452734,-2.75156088052869,2.75156088052869,0.0017718996382300061
publication_grouped_cv,A1_physics_plus_activity_category,2,R008,7,10.1021/acs.inorgchem.8b02423,catalase,Vmax (nM s⁻¹),264.4,92.26400590379542,2.4222614508136027,1.9650323068096955,-0.45722914400390713,0.45722914400390713,0.34895614940921116
publication_grouped_cv,A1_physics_plus_activity_category,2,R011,10,10.1007/s12274-018-2241-3,catalase,Km (mM),0.064,12.8757935603684,-1.193820026016113,1.10977400495738,2.303594030973493,2.303594030973493,201.18427438075625
publication_grouped_cv,A1_physics_plus_activity_category,2,R011,10,10.1007/s12274-018-2241-3,catalase,Kcat (s⁻¹),183.3,31.659327021961168,2.2631624649622166,1.5005016788853054,-0.7626607860769112,0.7626607860769112,0.17271864169100473
publication_grouped_cv,A1_physics_plus_activity_category,2,R011,10,10.1007/s12274-018-2241-3,catalase,Vmax (nM s⁻¹),8.165,17306.42205239101,0.9119561890726869,4.238207290664664,3.326251101591977,3.326251101591977,2119.586289331416
publication_grouped_cv,A1_physics_plus_activity_category,2,R036,35,10.1007/s12274-018-2241-3,catalase,Km (mM),0.17,12.8757935603684,-0.769551078621726,1.10977400495738,1.879325083579106,1.879325083579106,75.73996211981411
publication_grouped_cv,A1_physics_plus_activity_category,2,R036,35,10.1007/s12274-018-2241-3,catalase,Kcat (s⁻¹),366.6,31.659327021961168,2.564192460626198,1.5005016788853054,-1.0636907817408925,1.0636907817408925,0.08635932084550237
publication_grouped_cv,A1_physics_plus_activity_category,2,R036,35,10.1007/s12274-018-2241-3,catalase,Vmax (nM s⁻¹),15.99,17306.42205239101,1.2038484637462348,4.238207290664664,3.034358826918429,3.034358826918429,1082.3278331701695
publication_grouped_cv,A1_physics_plus_activity_category,2,R041,40,10.1002/ange.201813994,peroxidase,Km (mM),3.759,0.14231086694522102,0.5750723257138124,-0.8467619356560542,-1.4218342613698667,1.4218342613698667,0.037858703630013577
publication_grouped_cv,A1_physics_plus_activity_category,2,R041,40,10.1002/ange.201813994,peroxidase,Kcat (s⁻¹),560.0,200.8371748971512,2.7481880270062002,2.3028441036841487,-0.4453439233220515,0.4453439233220515,0.3586378123163414
publication_grouped_cv,A1_physics_plus_activity_category,2,R041,40,10.1002/ange.201813994,peroxidase,Vmax (nM s⁻¹),14.11,210.84839256447083,1.1495270137543478,2.323970294451943,1.174443280697595,1.174443280697595,14.943188700529472
publication_grouped_cv,A1_physics_plus_activity_category,2,R044,43,10.1021/acs.inorgchem.8b02423,catalase,Km (mM),4.766,10.294460073248775,0.6781540380104373,1.0126035735516405,0.33444953554120327,0.33444953554120327,2.159979033413507
publication_grouped_cv,A1_physics_plus_activity_category,2,R044,43,10.1021/acs.inorgchem.8b02423,catalase,Kcat (s⁻¹),47.6476,2.714901081896739,1.6780410301998117,0.43375401058452734,-1.2442870196152844,1.2442870196152844,0.056978758256381
publication_grouped_cv,A1_physics_plus_activity_category,2,R044,43,10.1021/acs.inorgchem.8b02423,catalase,Vmax (nM s⁻¹),297.9,92.26400590379542,2.4740705032150436,1.9650323068096955,-0.5090381964053481,0.5090381964053481,0.30971468917017597
publication_grouped_cv,A1_physics_plus_activity_category,2,R045,44,10.1007/s12274-018-2241-3,catalase,Km (mM),0.13,12.8757935603684,-0.8860566476931632,1.10977400495738,1.9958306526505432,1.9958306526505432,99.04456584898769
publication_grouped_cv,A1_physics_plus_activity_category,2,R045,44,10.1007/s12274-018-2241-3,catalase,Kcat (s⁻¹),916.6,31.659327021961168,2.962179852908768,1.5005016788853054,-1.4616781740234626,1.4616781740234626,0.034539959657387265
publication_grouped_cv,A1_physics_plus_activity_category,2,R045,44,10.1007/s12274-018-2241-3,catalase,Vmax (nM s⁻¹),39.9,17306.42205239101,1.6009728956867482,4.238207290664664,2.6372343949779156,2.6372343949779156,433.7449135937597
publication_grouped_cv,A1_physics_plus_activity_category,2,R049,48,10.1021/nn102592h,unknown,Km (mM),6.97,3.231559137947578,0.8432327780980095,0.5094121079762528,-0.33382067012175665,0.33382067012175665,0.4636383268217472
publication_grouped_cv,A1_physics_plus_activity_category,2,R049,48,10.1021/nn102592h,unknown,Kcat (s⁻¹),18.52,1.2560497667024557,1.2676409823459156,0.09900684718467616,-1.1686341351612395,1.1686341351612395,0.06782126170099653
publication_grouped_cv,A1_physics_plus_activity_category,2,R049,48,10.1021/nn102592h,unknown,Vmax (nM s⁻¹),630.0,34193.94550809497,2.7993405494535817,4.533949215260834,1.7346086658072521,1.7346086658072521,54.27610398110313
publication_grouped_cv,A1_physics_plus_activity_category,2,R058,57,10.1007/s12274-018-2241-3,catalase,Km (mM),0.13,12.8757935603684,-0.8860566476931632,1.10977400495738,1.9958306526505432,1.9958306526505432,99.04456584898769
publication_grouped_cv,A1_physics_plus_activity_category,2,R058,57,10.1007/s12274-018-2241-3,catalase,Kcat (s⁻¹),433.33,31.659327021961168,2.6368187568475414,1.5005016788853054,-1.136317077962236,1.136317077962236,0.07306054743950607
publication_grouped_cv,A1_physics_plus_activity_category,2,R058,57,10.1007/s12274-018-2241-3,catalase,Vmax (nM s⁻¹),19.98,17306.42205239101,1.3005954838899636,4.238207290664664,2.9376118067747004,2.9376118067747004,866.18728990946
publication_grouped_cv,A1_physics_plus_activity_category,2,R059,58,10.1002/ange.201813994,peroxidase,Km (mM),0.224,0.14231086694522102,-0.6497519816658371,-0.8467619356560542,-0.19700995399021703,0.19700995399021703,0.6353163702911653
publication_grouped_cv,A1_physics_plus_activity_category,2,R059,58,10.1002/ange.201813994,peroxidase,Kcat (s⁻¹),4970000.0,200.8371748971512,6.696356388733332,2.3028441036841487,-4.393512285049184,4.393512285049184,4.040989434550326e-05
publication_grouped_cv,A1_physics_plus_activity_category,2,R059,58,10.1002/ange.201813994,peroxidase,Vmax (nM s⁻¹),121.5,210.84839256447083,2.084576277934331,2.323970294451943,0.23939401651761205,0.23939401651761205,1.7353777165800068
publication_grouped_cv,A1_physics_plus_activity_category,2,R062,61,10.1002/ange.201813994,catalase,Km (mM),40.16,31.31407725933301,1.603793704136963,1.4957396187489913,-0.10805408538797168,0.10805408538797168,0.7797329994853838
publication_grouped_cv,A1_physics_plus_activity_category,2,R062,61,10.1002/ange.201813994,catalase,Kcat (s⁻¹),5660000.0,1712.7422188126181,6.752816431188271,3.2336920031454897,-3.5191244280427814,3.5191244280427814,0.00030260463229904916
publication_grouped_cv,A1_physics_plus_activity_category,2,R062,61,10.1002/ange.201813994,catalase,Vmax (nM s⁻¹),106.6,163.69129333921606,2.0277572046905536,2.21402558011265,0.18626837542209618,0.18626837542209618,1.535565603557374
publication_grouped_cv,A1_physics_plus_activity_category,2,R068,67,10.1007/s12274-018-2241-3,catalase,Km (mM),0.097,12.8757935603684,-1.0132282657337552,1.10977400495738,2.1230022706911353,2.1230022706911353,132.74013979761236
publication_grouped_cv,A1_physics_plus_activity_category,2,R068,67,10.1007/s12274-018-2241-3,catalase,Kcat (s⁻¹),216.6,31.659327021961168,2.3356584522893016,1.5005016788853054,-0.8351567734039962,0.8351567734039962,0.14616494469972838
publication_grouped_cv,A1_physics_plus_activity_category,2,R068,67,10.1007/s12274-018-2241-3,catalase,Vmax (nM s⁻¹),9.16,17306.42205239101,0.9618954736678504,4.238207290664664,3.2763118169968135,3.2763118169968135,1889.3473856322064
publication_grouped_cv,A1_physics_plus_activity_category,2,R074,73,10.1007/s12274-018-2241-3,catalase,Km (mM),0.15,12.8757935603684,-0.8239087409443188,1.10977400495738,1.9336827459016988,1.9336827459016988,85.83862373578934
publication_grouped_cv,A1_physics_plus_activity_category,2,R074,73,10.1007/s12274-018-2241-3,catalase,Kcat (s⁻¹),316.6,31.659327021961168,2.5005109105263372,1.5005016788853054,-1.0000092316410318,1.0000092316410318,0.09999787435868972
publication_grouped_cv,A1_physics_plus_activity_category,2,R074,73,10.1007/s12274-018-2241-3,catalase,Vmax (nM s⁻¹),13.6,17306.42205239101,1.1335389083702174,4.238207290664664,3.1046683822944465,3.1046683822944465,1272.531033264045
publication_grouped_cv,A1_physics_plus_activity_category,2,R076,75,10.1007/s12274-018-2241-3,catalase,Km (mM),0.14,12.8757935603684,-0.8538719643217619,1.10977400495738,1.963645969279142,1.963645969279142,91.96995400263143
publication_grouped_cv,A1_physics_plus_activity_category,2,R076,75,10.1007/s12274-018-2241-3,catalase,Kcat (s⁻¹),1216.6,31.659327021961168,3.0851478121269045,1.5005016788853054,-1.584646133241599,1.584646133241599,0.02602279058191778
publication_grouped_cv,A1_physics_plus_activity_category,2,R076,75,10.1007/s12274-018-2241-3,catalase,Vmax (nM s⁻¹),53.33,17306.42205239101,1.7269715836828767,4.238207290664664,2.511235706981787,2.511235706981787,324.51569571331356
publication_grouped_cv,A1_physics_plus_activity_category,2,R078,77,10.1007/s12274-018-2241-3,catalase,Km (mM),0.072,12.8757935603684,-1.1426675035687315,1.10977400495738,2.2524415085261116,2.2524415085261116,178.8304661162278
publication_grouped_cv,A1_physics_plus_activity_category,2,R078,77,10.1007/s12274-018-2241-3,catalase,Kcat (s⁻¹),163.33,31.659327021961168,2.2130659620657176,1.5005016788853054,-0.7125642831804122,0.7125642831804122,0.19383657026854323
publication_grouped_cv,A1_physics_plus_activity_category,2,R078,77,10.1007/s12274-018-2241-3,catalase,Vmax (nM s⁻¹),7.16,17306.42205239101,0.8549130223078556,4.238207290664664,3.383294268356808,3.383294268356808,2417.098052009918
publication_grouped_cv,A1_physics_plus_activity_category,2,R084,83,10.1007/s12274-018-2241-3,catalase,Km (mM),0.14,12.8757935603684,-0.8538719643217619,1.10977400495738,1.963645969279142,1.963645969279142,91.96995400263143
publication_grouped_cv,A1_physics_plus_activity_category,2,R084,83,10.1007/s12274-018-2241-3,catalase,Kcat (s⁻¹),266.6,31.659327021961168,2.4258601450778405,1.5005016788853054,-0.9253584661925351,0.9253584661925351,0.11875216437344774
publication_grouped_cv,A1_physics_plus_activity_category,2,R084,83,10.1007/s12274-018-2241-3,catalase,Vmax (nM s⁻¹),11.6,17306.42205239101,1.0644579892269184,4.238207290664664,3.173749301437746,3.173749301437746,1491.9329355509494
publication_grouped_cv,A1_physics_plus_activity_category,2,R085,84,10.1021/acs.inorgchem.8b02423,peroxidase,Km (mM),0.236,0.44095717032245113,-0.6270879970298935,-0.35560359102178546,0.271484406008108,0.271484406008108,1.8684625861120812
publication_grouped_cv,A1_physics_plus_activity_category,2,R085,84,10.1021/acs.inorgchem.8b02423,peroxidase,Kcat (s⁻¹),2950.0,0.07306252313420927,3.469822015978163,-1.1363053339808893,-4.606127349959053,4.606127349959053,2.476695699464721e-05
publication_grouped_cv,A1_physics_plus_activity_category,2,R085,84,10.1021/acs.inorgchem.8b02423,peroxidase,Vmax (nM s⁻¹),87.8,96.03984562231366,1.9434945159061026,1.982451453285956,0.03895693737985351,0.03895693737985351,1.0938479000263515
publication_grouped_cv,A2_physics_plus_arrhenius,2,R004,3,10.1002/ange.201813994,catalase,Km (mM),11.63,17.589041858043778,1.0655797147284485,1.2452421824308573,0.1796624677024088,0.1796624677024088,1.5123853704250882
publication_grouped_cv,A2_physics_plus_arrhenius,2,R004,3,10.1002/ange.201813994,catalase,Kcat (s⁻¹),1100.0,1408.3526802931071,3.041392685158225,3.1487114246395342,0.10731873948130932,0.10731873948130932,1.2803206184482792
publication_grouped_cv,A2_physics_plus_arrhenius,2,R004,3,10.1002/ange.201813994,catalase,Vmax (nM s⁻¹),27.58,201.83110228911144,1.4405942618398309,2.3049880920878163,0.8643938302479854,0.8643938302479854,7.318024013383302
publication_grouped_cv,A2_physics_plus_arrhenius,2,R008,7,10.1021/acs.inorgchem.8b02423,catalase,Km (mM),2.5118,4.463244310037655,0.3999850561024504,0.6496506599969809,0.24966560389453052,0.24966560389453052,1.7769107054851718
publication_grouped_cv,A2_physics_plus_arrhenius,2,R008,7,10.1021/acs.inorgchem.8b02423,catalase,Kcat (s⁻¹),1532.198,0.5158355727883304,3.1853148911132174,-0.28748871157192724,-3.4728036026851448,3.4728036026851448,0.0003366637815663056
publication_grouped_cv,A2_physics_plus_arrhenius,2,R008,7,10.1021/acs.inorgchem.8b02423,catalase,Vmax (nM s⁻¹),264.4,90.63841850398384,2.4222614508136027,1.9573123191745705,-0.4649491316390322,0.4649491316390322,0.34280793685319155
publication_grouped_cv,A2_physics_plus_arrhenius,2,R011,10,10.1007/s12274-018-2241-3,catalase,Km (mM),0.064,5.853632526199198,-1.193820026016113,0.7674254552256891,1.9612454812418019,1.9612454812418019,91.46300822186247
publication_grouped_cv,A2_physics_plus_arrhenius,2,R011,10,10.1007/s12274-018-2241-3,catalase,Kcat (s⁻¹),183.3,20.44987152580629,2.2631624649622166,1.3106905839419591,-0.9524718810202575,0.9524718810202575,0.11156503832954877
publication_grouped_cv,A2_physics_plus_arrhenius,2,R011,10,10.1007/s12274-018-2241-3,catalase,Vmax (nM s⁻¹),8.165,33364.72001406858,0.9119561890726869,4.523287484743355,3.611331295670668,3.611331295670668,4086.309860877965
publication_grouped_cv,A2_physics_plus_arrhenius,2,R036,35,10.1007/s12274-018-2241-3,catalase,Km (mM),0.17,5.853632526199198,-0.769551078621726,0.7674254552256891,1.536976533847415,1.536976533847415,34.433132507054104
publication_grouped_cv,A2_physics_plus_arrhenius,2,R036,35,10.1007/s12274-018-2241-3,catalase,Kcat (s⁻¹),366.6,20.44987152580629,2.564192460626198,1.3106905839419591,-1.2535018766842387,1.2535018766842387,0.055782519164774384
publication_grouped_cv,A2_physics_plus_arrhenius,2,R036,35,10.1007/s12274-018-2241-3,catalase,Vmax (nM s⁻¹),15.99,33364.72001406858,1.2038484637462348,4.523287484743355,3.3194390209971196,3.3194390209971196,2086.599125332619
publication_grouped_cv,A2_physics_plus_arrhenius,2,R041,40,10.1002/ange.201813994,peroxidase,Km (mM),3.759,0.11047991937005322,0.5750723257138124,-0.9567166513841114,-1.5317889770979238,1.5317889770979238,0.02939077397447545
publication_grouped_cv,A2_physics_plus_arrhenius,2,R041,40,10.1002/ange.201813994,peroxidase,Kcat (s⁻¹),560.0,476.60079534892384,2.7481880270062002,2.6781547627594104,-0.0700332642467898,0.0700332642467898,0.851072848837364
publication_grouped_cv,A2_physics_plus_arrhenius,2,R041,40,10.1002/ange.201813994,peroxidase,Vmax (nM s⁻¹),14.11,217.56767599680438,1.1495270137543478,2.3375943727403365,1.1880673589859887,1.1880673589859887,15.419395889213636
publication_grouped_cv,A2_physics_plus_arrhenius,2,R044,43,10.1021/acs.inorgchem.8b02423,catalase,Km (mM),4.766,4.463244310037655,0.6781540380104373,0.6496506599969809,-0.02850337801345637,0.02850337801345637,0.9364759358031168
publication_grouped_cv,A2_physics_plus_arrhenius,2,R044,43,10.1021/acs.inorgchem.8b02423,catalase,Kcat (s⁻¹),47.6476,0.5158355727883304,1.6780410301998117,-0.28748871157192724,-1.9655297417717388,1.9655297417717388,0.010826055725541904
publication_grouped_cv,A2_physics_plus_arrhenius,2,R044,43,10.1021/acs.inorgchem.8b02423,catalase,Vmax (nM s⁻¹),297.9,90.63841850398384,2.4740705032150436,1.9573123191745705,-0.5167581840404731,0.5167581840404731,0.3042578667471764
publication_grouped_cv,A2_physics_plus_arrhenius,2,R045,44,10.1007/s12274-018-2241-3,catalase,Km (mM),0.13,5.853632526199198,-0.8860566476931632,0.7674254552256891,1.6534821029188522,1.6534821029188522,45.0279425092246
publication_grouped_cv,A2_physics_plus_arrhenius,2,R045,44,10.1007/s12274-018-2241-3,catalase,Kcat (s⁻¹),916.6,20.44987152580629,2.962179852908768,1.3106905839419591,-1.6514892689668088,1.6514892689668088,0.02231057334257723
publication_grouped_cv,A2_physics_plus_arrhenius,2,R045,44,10.1007/s12274-018-2241-3,catalase,Vmax (nM s⁻¹),39.9,33364.72001406858,1.6009728956867482,4.523287484743355,2.9223145890566062,2.9223145890566062,836.2085216558542
publication_grouped_cv,A2_physics_plus_arrhenius,2,R049,48,10.1021/nn102592h,unknown,Km (mM),6.97,5.647258454468601,0.8432327780980095,0.7518376642697226,-0.0913951138282868,0.0913951138282868,0.8102235946152944
publication_grouped_cv,A2_physics_plus_arrhenius,2,R049,48,10.1021/nn102592h,unknown,Kcat (s⁻¹),18.52,9.153079534280353,1.2676409823459156,0.9615672361137365,-0.3060737462321791,0.3060737462321791,0.49422675671060223
publication_grouped_cv,A2_physics_plus_arrhenius,2,R049,48,10.1021/nn102592h,unknown,Vmax (nM s⁻¹),630.0,34489.39033352816,2.7993405494535817,4.537685517442928,1.7383449679893466,1.7383449679893466,54.74506402147327
publication_grouped_cv,A2_physics_plus_arrhenius,2,R058,57,10.1007/s12274-018-2241-3,catalase,Km (mM),0.13,5.853632526199198,-0.8860566476931632,0.7674254552256891,1.6534821029188522,1.6534821029188522,45.0279425092246
publication_grouped_cv,A2_physics_plus_arrhenius,2,R058,57,10.1007/s12274-018-2241-3,catalase,Kcat (s⁻¹),433.33,20.44987152580629,2.6368187568475414,1.3106905839419591,-1.3261281729055823,1.3261281729055823,0.047192374231662455
publication_grouped_cv,A2_physics_plus_arrhenius,2,R058,57,10.1007/s12274-018-2241-3,catalase,Vmax (nM s⁻¹),19.98,33364.72001406858,1.3005954838899636,4.523287484743355,3.222692000853391,3.222692000853391,1669.905906610039
publication_grouped_cv,A2_physics_plus_arrhenius,2,R059,58,10.1002/ange.201813994,peroxidase,Km (mM),0.224,0.11047991937005322,-0.6497519816658371,-0.9567166513841114,-0.3069646697182743,0.3069646697182743,0.49321392575916617
publication_grouped_cv,A2_physics_plus_arrhenius,2,R059,58,10.1002/ange.201813994,peroxidase,Kcat (s⁻¹),4970000.0,476.60079534892384,6.696356388733332,2.6781547627594104,-4.018201625973922,4.018201625973922,9.589553226336496e-05
publication_grouped_cv,A2_physics_plus_arrhenius,2,R059,58,10.1002/ange.201813994,peroxidase,Vmax (nM s⁻¹),121.5,217.56767599680438,2.084576277934331,2.3375943727403365,0.2530180948060057,0.2530180948060057,1.7906804608790483
publication_grouped_cv,A2_physics_plus_arrhenius,2,R062,61,10.1002/ange.201813994,catalase,Km (mM),40.16,17.589041858043778,1.603793704136963,1.2452421824308573,-0.3585515217061057,0.3585515217061057,0.43797414985168776
publication_grouped_cv,A2_physics_plus_arrhenius,2,R062,61,10.1002/ange.201813994,catalase,Kcat (s⁻¹),5660000.0,1408.3526802931071,6.752816431188271,3.1487114246395342,-3.604105006548737,3.604105006548737,0.00024882556188924156
publication_grouped_cv,A2_physics_plus_arrhenius,2,R062,61,10.1002/ange.201813994,catalase,Vmax (nM s⁻¹),106.6,201.83110228911144,2.0277572046905536,2.3049880920878163,0.27723088739726265,0.27723088739726265,1.8933499276652106
publication_grouped_cv,A2_physics_plus_arrhenius,2,R068,67,10.1007/s12274-018-2241-3,catalase,Km (mM),0.097,5.853632526199198,-1.0132282657337552,0.7674254552256891,1.7806537209594442,1.7806537209594442,60.346727074218535
publication_grouped_cv,A2_physics_plus_arrhenius,2,R068,67,10.1007/s12274-018-2241-3,catalase,Kcat (s⁻¹),216.6,20.44987152580629,2.3356584522893016,1.3106905839419591,-1.0249678683473424,1.0249678683473424,0.0944130726029838
publication_grouped_cv,A2_physics_plus_arrhenius,2,R068,67,10.1007/s12274-018-2241-3,catalase,Vmax (nM s⁻¹),9.16,33364.72001406858,0.9618954736678504,4.523287484743355,3.561392011075504,3.561392011075504,3642.4366827585786
publication_grouped_cv,A2_physics_plus_arrhenius,2,R074,73,10.1007/s12274-018-2241-3,catalase,Km (mM),0.15,5.853632526199198,-0.8239087409443188,0.7674254552256891,1.5913341961700078,1.5913341961700078,39.02421684132799
publication_grouped_cv,A2_physics_plus_arrhenius,2,R074,73,10.1007/s12274-018-2241-3,catalase,Kcat (s⁻¹),316.6,20.44987152580629,2.5005109105263372,1.3106905839419591,-1.189820326584378,1.189820326584378,0.06459214000570528
publication_grouped_cv,A2_physics_plus_arrhenius,2,R074,73,10.1007/s12274-018-2241-3,catalase,Vmax (nM s⁻¹),13.6,33364.72001406858,1.1335389083702174,4.523287484743355,3.389748576373137,3.389748576373137,2453.288236328572
publication_grouped_cv,A2_physics_plus_arrhenius,2,R076,75,10.1007/s12274-018-2241-3,catalase,Km (mM),0.14,5.853632526199198,-0.8538719643217619,0.7674254552256891,1.621297419547451,1.621297419547451,41.81166090142284
publication_grouped_cv,A2_physics_plus_arrhenius,2,R076,75,10.1007/s12274-018-2241-3,catalase,Kcat (s⁻¹),1216.6,20.44987152580629,3.0851478121269045,1.3106905839419591,-1.7744572281849453,1.7744572281849453,0.016809034625847683
publication_grouped_cv,A2_physics_plus_arrhenius,2,R076,75,10.1007/s12274-018-2241-3,catalase,Vmax (nM s⁻¹),53.33,33364.72001406858,1.7269715836828767,4.523287484743355,2.7963159010604777,2.7963159010604777,625.6276019889102
publication_grouped_cv,A2_physics_plus_arrhenius,2,R078,77,10.1007/s12274-018-2241-3,catalase,Km (mM),0.072,5.853632526199198,-1.1426675035687315,0.7674254552256891,1.9100929587944204,1.9100929587944204,81.30045175276665
publication_grouped_cv,A2_physics_plus_arrhenius,2,R078,77,10.1007/s12274-018-2241-3,catalase,Kcat (s⁻¹),163.33,20.44987152580629,2.2130659620657176,1.3106905839419591,-0.9023753781237585,0.9023753781237585,0.12520585027739112
publication_grouped_cv,A2_physics_plus_arrhenius,2,R078,77,10.1007/s12274-018-2241-3,catalase,Vmax (nM s⁻¹),7.16,33364.72001406858,0.8549130223078556,4.523287484743355,3.668374462435499,3.668374462435499,4659.8770969369525
publication_grouped_cv,A2_physics_plus_arrhenius,2,R084,83,10.1007/s12274-018-2241-3,catalase,Km (mM),0.14,5.853632526199198,-0.8538719643217619,0.7674254552256891,1.621297419547451,1.621297419547451,41.81166090142284
publication_grouped_cv,A2_physics_plus_arrhenius,2,R084,83,10.1007/s12274-018-2241-3,catalase,Kcat (s⁻¹),266.6,20.44987152580629,2.4258601450778405,1.3106905839419591,-1.1151695611358814,1.1151695611358814,0.0767061947704662
publication_grouped_cv,A2_physics_plus_arrhenius,2,R084,83,10.1007/s12274-018-2241-3,catalase,Vmax (nM s⁻¹),11.6,33364.72001406858,1.0644579892269184,4.523287484743355,3.4588294955164365,3.4588294955164365,2876.26896673005
publication_grouped_cv,A2_physics_plus_arrhenius,2,R085,84,10.1021/acs.inorgchem.8b02423,peroxidase,Km (mM),0.236,0.5666411544590039,-0.6270879970298935,-0.24669188638920916,0.38039611064068435,0.38039611064068435,2.4010218409279824
publication_grouped_cv,A2_physics_plus_arrhenius,2,R085,84,10.1021/acs.inorgchem.8b02423,peroxidase,Kcat (s⁻¹),2950.0,0.06751006639738062,3.469822015978163,-1.170631464874432,-4.640453480852595,4.640453480852595,2.2884768270298517e-05
publication_grouped_cv,A2_physics_plus_arrhenius,2,R085,84,10.1021/acs.inorgchem.8b02423,peroxidase,Vmax (nM s⁻¹),87.8,85.46002133133865,1.9434945159061026,1.9317629968837229,-0.011731519022379677,0.011731519022379677,0.97334876231593
publication_grouped_cv,A3_physics_plus_activity_and_arrhenius,2,R004,3,10.1002/ange.201813994,catalase,Km (mM),11.63,27.82513161421066,1.0655797147284485,1.4444372272453891,0.37885751251694066,0.37885751251694066,2.3925306633027223
publication_grouped_cv,A3_physics_plus_activity_and_arrhenius,2,R004,3,10.1002/ange.201813994,catalase,Kcat (s⁻¹),1100.0,2117.8918517126863,3.041392685158225,3.32590377947138,0.28451109431315524,0.28451109431315524,1.9253562288297148
publication_grouped_cv,A3_physics_plus_activity_and_arrhenius,2,R004,3,10.1002/ange.201813994,catalase,Vmax (nM s⁻¹),27.58,176.3531695833924,1.4405942618398309,2.2463832696185184,0.8057890077786876,0.8057890077786876,6.394241101645846
publication_grouped_cv,A3_physics_plus_activity_and_arrhenius,2,R008,7,10.1021/acs.inorgchem.8b02423,catalase,Km (mM),2.5118,12.165472340252508,0.3999850561024504,1.085128975641098,0.6851439195386476,0.6851439195386476,4.84332842593061
publication_grouped_cv,A3_physics_plus_activity_and_arrhenius,2,R008,7,10.1021/acs.inorgchem.8b02423,catalase,Kcat (s⁻¹),1532.198,6.988027131664505,3.1853148911132174,0.8443545825028373,-2.34096030861038,2.34096030861038,0.004560785963475024
publication_grouped_cv,A3_physics_plus_activity_and_arrhenius,2,R008,7,10.1021/acs.inorgchem.8b02423,catalase,Vmax (nM s⁻¹),264.4,84.45707366531906,2.4222614508136027,1.926636029575021,-0.4956254212385818,0.4956254212385818,0.31942917422586636
publication_grouped_cv,A3_physics_plus_activity_and_arrhenius,2,R011,10,10.1007/s12274-018-2241-3,catalase,Km (mM),0.064,14.190785504494801,-1.193820026016113,1.1520064356848057,2.3458264617009186,2.3458264617009186,221.73102350773127
publication_grouped_cv,A3_physics_plus_activity_and_arrhenius,2,R011,10,10.1007/s12274-018-2241-3,catalase,Kcat (s⁻¹),183.3,32.57785246860667,2.2631624649622166,1.5129224522323537,-0.750240012729863,0.750240012729863,0.1777296915908711
publication_grouped_cv,A3_physics_plus_activity_and_arrhenius,2,R011,10,10.1007/s12274-018-2241-3,catalase,Vmax (nM s⁻¹),8.165,17549.09065788296,0.9119561890726869,4.244254617525759,3.3322984284530723,3.3322984284530723,2149.3068778791135
publication_grouped_cv,A3_physics_plus_activity_and_arrhenius,2,R036,35,10.1007/s12274-018-2241-3,catalase,Km (mM),0.17,14.190785504494801,-0.769551078621726,1.1520064356848057,1.9215575143065315,1.9215575143065315,83.47520884996942
publication_grouped_cv,A3_physics_plus_activity_and_arrhenius,2,R036,35,10.1007/s12274-018-2241-3,catalase,Kcat (s⁻¹),366.6,32.57785246860667,2.564192460626198,1.5129224522323537,-1.0512700083938442,1.0512700083938442,0.08886484579543555
publication_grouped_cv,A3_physics_plus_activity_and_arrhenius,2,R036,35,10.1007/s12274-018-2241-3,catalase,Vmax (nM s⁻¹),15.99,17549.09065788296,1.2038484637462348,4.244254617525759,3.040406153779524,3.040406153779524,1097.50410618405
publication_grouped_cv,A3_physics_plus_activity_and_arrhenius,2,R041,40,10.1002/ange.201813994,peroxidase,Km (mM),3.759,0.10787856822441078,0.5750723257138124,-0.9670648261824768,-1.5421371518962892,1.5421371518962892,0.02869874121426198
publication_grouped_cv,A3_physics_plus_activity_and_arrhenius,2,R041,40,10.1002/ange.201813994,peroxidase,Kcat (s⁻¹),560.0,365.2129380372163,2.7481880270062002,2.562546154455472,-0.18564187255072806,0.18564187255072806,0.6521659607807434
publication_grouped_cv,A3_physics_plus_activity_and_arrhenius,2,R041,40,10.1002/ange.201813994,peroxidase,Vmax (nM s⁻¹),14.11,217.86603351180628,1.1495270137543478,2.338189526674671,1.188662512920323,1.188662512920323,15.440541000128015
publication_grouped_cv,A3_physics_plus_activity_and_arrhenius,2,R044,43,10.1021/acs.inorgchem.8b02423,catalase,Km (mM),4.766,12.165472340252508,0.6781540380104373,1.085128975641098,0.4069749376306607,0.4069749376306607,2.5525539950173117
publication_grouped_cv,A3_physics_plus_activity_and_arrhenius,2,R044,43,10.1021/acs.inorgchem.8b02423,catalase,Kcat (s⁻¹),47.6476,6.988027131664505,1.6780410301998117,0.8443545825028373,-0.8336864476969743,0.8336864476969743,0.14666063204997745
publication_grouped_cv,A3_physics_plus_activity_and_arrhenius,2,R044,43,10.1021/acs.inorgchem.8b02423,catalase,Vmax (nM s⁻¹),297.9,84.45707366531906,2.4740705032150436,1.926636029575021,-0.5474344736400227,0.5474344736400227,0.2835081358352436
publication_grouped_cv,A3_physics_plus_activity_and_arrhenius,2,R045,44,10.1007/s12274-018-2241-3,catalase,Km (mM),0.13,14.190785504494801,-0.8860566476931632,1.1520064356848057,2.0380630833779687,2.0380630833779687,109.15988849611385
publication_grouped_cv,A3_physics_plus_activity_and_arrhenius,2,R045,44,10.1007/s12274-018-2241-3,catalase,Kcat (s⁻¹),916.6,32.57785246860667,2.962179852908768,1.5129224522323537,-1.4492574006764143,1.4492574006764143,0.03554206029741073
publication_grouped_cv,A3_physics_plus_activity_and_arrhenius,2,R045,44,10.1007/s12274-018-2241-3,catalase,Vmax (nM s⁻¹),39.9,17549.09065788296,1.6009728956867482,4.244254617525759,2.643281721839011,2.643281721839011,439.82683353090124
publication_grouped_cv,A3_physics_plus_activity_and_arrhenius,2,R049,48,10.1021/nn102592h,unknown,Km (mM),6.97,2.9525772384692424,0.8432327780980095,0.47020126743787266,-0.3730315106601368,0.3730315106601368,0.4236122293356159
publication_grouped_cv,A3_physics_plus_activity_and_arrhenius,2,R049,48,10.1021/nn102592h,unknown,Kcat (s⁻¹),18.52,0.6155209189695227,1.2676409823459156,-0.21075718263737866,-1.4783981649832942,1.4783981649832942,0.03323547078669129
publication_grouped_cv,A3_physics_plus_activity_and_arrhenius,2,R049,48,10.1021/nn102592h,unknown,Vmax (nM s⁻¹),630.0,51951.135196343086,2.7993405494535817,4.7155950418666555,1.9162544924130738,1.9162544924130738,82.46211935927474
publication_grouped_cv,A3_physics_plus_activity_and_arrhenius,2,R058,57,10.1007/s12274-018-2241-3,catalase,Km (mM),0.13,14.190785504494801,-0.8860566476931632,1.1520064356848057,2.0380630833779687,2.0380630833779687,109.15988849611385
publication_grouped_cv,A3_physics_plus_activity_and_arrhenius,2,R058,57,10.1007/s12274-018-2241-3,catalase,Kcat (s⁻¹),433.33,32.57785246860667,2.6368187568475414,1.5129224522323537,-1.1238963046151877,1.1238963046151877,0.07518023785246042
publication_grouped_cv,A3_physics_plus_activity_and_arrhenius,2,R058,57,10.1007/s12274-018-2241-3,catalase,Vmax (nM s⁻¹),19.98,17549.09065788296,1.3005954838899636,4.244254617525759,2.9436591336357956,2.9436591336357956,878.3328657599079
publication_grouped_cv,A3_physics_plus_activity_and_arrhenius,2,R059,58,10.1002/ange.201813994,peroxidase,Km (mM),0.224,0.10787856822441078,-0.6497519816658371,-0.9670648261824768,-0.31731284451663966,0.31731284451663966,0.4816007510018338
publication_grouped_cv,A3_physics_plus_activity_and_arrhenius,2,R059,58,10.1002/ange.201813994,peroxidase,Kcat (s⁻¹),4970000.0,365.2129380372163,6.696356388733332,2.562546154455472,-4.13381023427786,4.13381023427786,7.348348853867531e-05
publication_grouped_cv,A3_physics_plus_activity_and_arrhenius,2,R059,58,10.1002/ange.201813994,peroxidase,Vmax (nM s⁻¹),121.5,217.86603351180628,2.084576277934331,2.338189526674671,0.25361324874033997,0.25361324874033997,1.7931360782864714
publication_grouped_cv,A3_physics_plus_activity_and_arrhenius,2,R062,61,10.1002/ange.201813994,catalase,Km (mM),40.16,27.82513161421066,1.603793704136963,1.4444372272453891,-0.15935647689157384,0.15935647689157384,0.692856862903652
publication_grouped_cv,A3_physics_plus_activity_and_arrhenius,2,R062,61,10.1002/ange.201813994,catalase,Kcat (s⁻¹),5660000.0,2117.8918517126863,6.752816431188271,3.32590377947138,-3.426912651716891,3.426912651716891,0.0003741858395252096
publication_grouped_cv,A3_physics_plus_activity_and_arrhenius,2,R062,61,10.1002/ange.201813994,catalase,Vmax (nM s⁻¹),106.6,176.3531695833924,2.0277572046905536,2.2463832696185184,0.21862606492796477,0.21862606492796477,1.65434493042582
publication_grouped_cv,A3_physics_plus_activity_and_arrhenius,2,R068,67,10.1007/s12274-018-2241-3,catalase,Km (mM),0.097,14.190785504494801,-1.0132282657337552,1.1520064356848057,2.165234701418561,2.165234701418561,146.29675777829692
publication_grouped_cv,A3_physics_plus_activity_and_arrhenius,2,R068,67,10.1007/s12274-018-2241-3,catalase,Kcat (s⁻¹),216.6,32.57785246860667,2.3356584522893016,1.5129224522323537,-0.8227360000569479,0.8227360000569479,0.15040559773133275
publication_grouped_cv,A3_physics_plus_activity_and_arrhenius,2,R068,67,10.1007/s12274-018-2241-3,catalase,Vmax (nM s⁻¹),9.16,17549.09065788296,0.9618954736678504,4.244254617525759,3.2823591438579087,3.2823591438579087,1915.8395914719388
publication_grouped_cv,A3_physics_plus_activity_and_arrhenius,2,R074,73,10.1007/s12274-018-2241-3,catalase,Km (mM),0.15,14.190785504494801,-0.8239087409443188,1.1520064356848057,1.9759151766291243,1.9759151766291243,94.60523669663202
publication_grouped_cv,A3_physics_plus_activity_and_arrhenius,2,R074,73,10.1007/s12274-018-2241-3,catalase,Kcat (s⁻¹),316.6,32.57785246860667,2.5005109105263372,1.5129224522323537,-0.9875884582939836,0.9875884582939836,0.10289909181492947
publication_grouped_cv,A3_physics_plus_activity_and_arrhenius,2,R074,73,10.1007/s12274-018-2241-3,catalase,Vmax (nM s⁻¹),13.6,17549.09065788296,1.1335389083702174,4.244254617525759,3.1107157091555417,3.1107157091555417,1290.3743130796295
publication_grouped_cv,A3_physics_plus_activity_and_arrhenius,2,R076,75,10.1007/s12274-018-2241-3,catalase,Km (mM),0.14,14.190785504494801,-0.8538719643217619,1.1520064356848057,2.0058784000065675,2.0058784000065675,101.36275360353429
publication_grouped_cv,A3_physics_plus_activity_and_arrhenius,2,R076,75,10.1007/s12274-018-2241-3,catalase,Kcat (s⁻¹),1216.6,32.57785246860667,3.0851478121269045,1.5129224522323537,-1.5722253598945508,1.5722253598945508,0.02677778437334101
publication_grouped_cv,A3_physics_plus_activity_and_arrhenius,2,R076,75,10.1007/s12274-018-2241-3,catalase,Vmax (nM s⁻¹),53.33,17549.09065788296,1.7269715836828767,4.244254617525759,2.517283033842882,2.517283033842882,329.06601646133436
publication_grouped_cv,A3_physics_plus_activity_and_arrhenius,2,R078,77,10.1007/s12274-018-2241-3,catalase,Km (mM),0.072,14.190785504494801,-1.1426675035687315,1.1520064356848057,2.294673939253537,2.294673939253537,197.09424311798338
publication_grouped_cv,A3_physics_plus_activity_and_arrhenius,2,R078,77,10.1007/s12274-018-2241-3,catalase,Kcat (s⁻¹),163.33,32.57785246860667,2.2130659620657176,1.5129224522323537,-0.7001435098333639,0.7001435098333639,0.19946031022229027
publication_grouped_cv,A3_physics_plus_activity_and_arrhenius,2,R078,77,10.1007/s12274-018-2241-3,catalase,Vmax (nM s⁻¹),7.16,17549.09065788296,0.8549130223078556,4.244254617525759,3.3893415952179033,3.3893415952179033,2450.990315346782
publication_grouped_cv,A3_physics_plus_activity_and_arrhenius,2,R084,83,10.1007/s12274-018-2241-3,catalase,Km (mM),0.14,14.190785504494801,-0.8538719643217619,1.1520064356848057,2.0058784000065675,2.0058784000065675,101.36275360353429
publication_grouped_cv,A3_physics_plus_activity_and_arrhenius,2,R084,83,10.1007/s12274-018-2241-3,catalase,Kcat (s⁻¹),266.6,32.57785246860667,2.4258601450778405,1.5129224522323537,-0.9129376928454869,0.9129376928454869,0.12219749613130784
publication_grouped_cv,A3_physics_plus_activity_and_arrhenius,2,R084,83,10.1007/s12274-018-2241-3,catalase,Vmax (nM s⁻¹),11.6,17549.09065788296,1.0644579892269184,4.244254617525759,3.179796628298841,3.179796628298841,1512.8526429209448
publication_grouped_cv,A3_physics_plus_activity_and_arrhenius,2,R085,84,10.1021/acs.inorgchem.8b02423,peroxidase,Km (mM),0.236,0.4736461134021992,-0.6270879970298935,-0.32454602203429755,0.30254197499559593,0.30254197499559593,2.00697505678898
publication_grouped_cv,A3_physics_plus_activity_and_arrhenius,2,R085,84,10.1021/acs.inorgchem.8b02423,peroxidase,Kcat (s⁻¹),2950.0,0.09944265351632003,3.469822015978163,-1.0024272955478282,-4.472249311525991,4.472249311525991,3.370937407332882e-05
publication_grouped_cv,A3_physics_plus_activity_and_arrhenius,2,R085,84,10.1021/acs.inorgchem.8b02423,peroxidase,Vmax (nM s⁻¹),87.8,93.61250386596784,1.9434945159061026,1.9713338615298603,0.027839345623757783,0.027839345623757783,1.066201638564554
publication_grouped_cv,M1_raw_independent,3,R013,12,10.1016/j.apcatb.2020.118725,peroxidase,Km (mM),0.0906,2.2161900438997075,-1.0428718023231869,0.34560699950317375,1.3884788018263605,1.3884788018263605,24.46125876268993
publication_grouped_cv,M1_raw_independent,3,R013,12,10.1016/j.apcatb.2020.118725,peroxidase,Kcat (s⁻¹),500.0,704.3778563192345,2.6989700043360187,2.847805694499203,0.14883569016318443,0.14883569016318443,1.408755712638469
publication_grouped_cv,M1_raw_independent,3,R013,12,10.1016/j.apcatb.2020.118725,peroxidase,Vmax (nM s⁻¹),1700.0,356.3982283816931,3.230448921378274,2.551935536537769,-0.6785133848405049,0.6785133848405049,0.2096460166951136
publication_grouped_cv,M1_raw_independent,3,R015,14,10.1039/c9nj05955e,catalase,Km (mM),2.97,1.7859258768709554,0.4727564493172124,0.2518634299534515,-0.22089301936376088,0.22089301936376088,0.6013218440642947
publication_grouped_cv,M1_raw_independent,3,R015,14,10.1039/c9nj05955e,catalase,Kcat (s⁻¹),0.000166,295.75516026522615,-3.779891911959945,2.4709323308322144,6.250824242792159,6.250824242792159,1781657.5919591938
publication_grouped_cv,M1_raw_independent,3,R015,14,10.1039/c9nj05955e,catalase,Vmax (nM s⁻¹),76.7,99.64934246098092,1.884795363948981,1.998474437341476,0.11367907339249506,0.11367907339249506,1.2992091585525543
publication_grouped_cv,M1_raw_independent,3,R022,21,10.1038/s41929-021-00609-x,peroxidase,Km (mM),5.55,4.404333569414007,0.7442929831226762,0.6438802035489906,-0.10041277957368566,0.10041277957368566,0.7935736161106319
publication_grouped_cv,M1_raw_independent,3,R022,21,10.1038/s41929-021-00609-x,peroxidase,Kcat (s⁻¹),1062.0,132.30089339833918,3.0261245167454502,2.1215627768908933,-0.9045617398545569,0.9045617398545569,0.12457711242781468
publication_grouped_cv,M1_raw_independent,3,R022,21,10.1038/s41929-021-00609-x,peroxidase,Vmax (nM s⁻¹),1062.0,12976.31629326568,3.0261245167454502,4.11315142277536,1.0870269060299096,1.0870269060299096,12.218753571813258
publication_grouped_cv,M1_raw_independent,3,R028,27,10.1039/c9nj05955e,peroxidase,Km (mM),0.3,1.7859258768709554,-0.5228787452803376,0.2518634299534515,0.7747421752337891,0.7747421752337891,5.953086256236518
publication_grouped_cv,M1_raw_independent,3,R028,27,10.1039/c9nj05955e,peroxidase,Kcat (s⁻¹),0.000183,295.75516026522615,-3.7375489102695707,2.4709323308322144,6.208481241101785,6.208481241101785,1616148.4167498697
publication_grouped_cv,M1_raw_independent,3,R028,27,10.1039/c9nj05955e,peroxidase,Vmax (nM s⁻¹),84.3,99.64934246098092,1.9258275746247424,1.998474437341476,0.0726468627167336,0.0726468627167336,1.182079981743546
publication_grouped_cv,M1_raw_independent,3,R029,28,10.1038/s41929-021-00609-x,peroxidase,Km (mM),5.55,4.404333569414007,0.7442929831226762,0.6438802035489906,-0.10041277957368566,0.10041277957368566,0.7935736161106319
publication_grouped_cv,M1_raw_independent,3,R029,28,10.1038/s41929-021-00609-x,peroxidase,Kcat (s⁻¹),1062.0,132.30089339833918,3.0261245167454502,2.1215627768908933,-0.9045617398545569,0.9045617398545569,0.12457711242781468
publication_grouped_cv,M1_raw_independent,3,R029,28,10.1038/s41929-021-00609-x,peroxidase,Vmax (nM s⁻¹),1062.0,12976.31629326568,3.0261245167454502,4.11315142277536,1.0870269060299096,1.0870269060299096,12.218753571813258
publication_grouped_cv,M1_raw_independent,3,R035,34,10.1039/c9nj05955e,peroxidase,Km (mM),0.3,1.7859258768709554,-0.5228787452803376,0.2518634299534515,0.7747421752337891,0.7747421752337891,5.953086256236518
publication_grouped_cv,M1_raw_independent,3,R035,34,10.1039/c9nj05955e,peroxidase,Kcat (s⁻¹),0.000183,295.75516026522615,-3.7375489102695707,2.4709323308322144,6.208481241101785,6.208481241101785,1616148.4167498697
publication_grouped_cv,M1_raw_independent,3,R035,34,10.1039/c9nj05955e,peroxidase,Vmax (nM s⁻¹),84.3,99.64934246098092,1.9258275746247424,1.998474437341476,0.0726468627167336,0.0726468627167336,1.182079981743546
publication_grouped_cv,M1_raw_independent,3,R039,38,10.1038/srep35344,peroxidase,Km (mM),0.24,1.7569321474750377,-0.619788758288394,0.2447549894143661,0.8645437477027601,0.8645437477027601,7.320550614479324
publication_grouped_cv,M1_raw_independent,3,R039,38,10.1038/srep35344,peroxidase,Kcat (s⁻¹),2.64e-05,367.8889804160065,-4.578396073130169,2.5657167793609026,7.144112852491071,7.144112852491071,13935188.652121458
publication_grouped_cv,M1_raw_independent,3,R039,38,10.1038/srep35344,peroxidase,Vmax (nM s⁻¹),4.0,162.37115399143798,0.6020599913279624,2.2105088772753723,1.6084488859474098,1.6084488859474098,40.592788497859495
publication_grouped_cv,M1_raw_independent,3,R046,45,10.1038/srep35344,peroxidase,Km (mM),0.217,5.223108076116204,-0.6635402661514705,0.7179290123151255,1.381469278466596,1.381469278466596,24.069622470581585
publication_grouped_cv,M1_raw_independent,3,R046,45,10.1038/srep35344,peroxidase,Kcat (s⁻¹),0.0005642,636.1451584777984,-3.2485669181806527,2.8035562262345963,6.0521231444152495,6.0521231444152495,1127517.118890107
publication_grouped_cv,M1_raw_independent,3,R046,45,10.1038/srep35344,peroxidase,Vmax (nM s⁻¹),82.0,39.5611819418301,1.9138138523837167,1.5972692582321881,-0.3165445941515286,0.3165445941515286,0.4824534383150012
publication_grouped_cv,M1_raw_independent,3,R047,46,10.1039/c9nj05955e,catalase,Km (mM),0.62,0.7738943866368077,-0.20760831050174613,-0.11131830343915196,0.09629000706259418,0.09629000706259418,1.2482167526400123
publication_grouped_cv,M1_raw_independent,3,R047,46,10.1039/c9nj05955e,catalase,Kcat (s⁻¹),6.76e-05,0.36380291235168294,-4.170053304058364,-0.43913382860073036,3.7309194754576334,3.7309194754576334,5381.6998868592145
publication_grouped_cv,M1_raw_independent,3,R047,46,10.1039/c9nj05955e,catalase,Vmax (nM s⁻¹),31.3,2168.5790631678888,1.4955443375464486,3.3361752605044237,1.8406309229579751,1.8406309229579751,69.28367613954916
publication_grouped_cv,M1_raw_independent,3,R048,47,10.1038/s41929-021-00609-x,catalase,Km (mM),1110.0,6.046437737834776,3.0453229787866576,0.7814995851581232,-2.2638233936285346,2.2638233936285346,0.005447241205256554
publication_grouped_cv,M1_raw_independent,3,R048,47,10.1038/s41929-021-00609-x,catalase,Kcat (s⁻¹),3.68,1183.9879832865445,0.5658478186735176,3.0733472946007288,2.507499475927211,2.507499475927211,321.73586502351753
publication_grouped_cv,M1_raw_independent,3,R048,47,10.1038/s41929-021-00609-x,catalase,Vmax (nM s⁻¹),593.0,86.09102121031843,2.7730546933642626,1.9349578594426196,-0.838096833921643,0.838096833921643,0.14517878787574778
publication_grouped_cv,M1_raw_independent,3,R056,55,10.1016/j.apcatb.2020.118725,catalase,Km (mM),0.27,2.2161900438997075,-0.5686362358410126,0.34560699950317375,0.9142432353441864,0.9142432353441864,8.20811127370262
publication_grouped_cv,M1_raw_independent,3,R056,55,10.1016/j.apcatb.2020.118725,catalase,Kcat (s⁻¹),440.0,704.3778563192345,2.6434526764861874,2.847805694499203,0.20435301801301575,0.20435301801301575,1.6008587643618966
publication_grouped_cv,M1_raw_independent,3,R056,55,10.1016/j.apcatb.2020.118725,catalase,Vmax (nM s⁻¹),1500.0,356.3982283816931,3.1760912590556813,2.551935536537769,-0.6241557225179122,0.6241557225179122,0.23759881892112875
publication_grouped_cv,M1_raw_independent,3,R057,56,10.1021/acsami.8b20942,peroxidase,Km (mM),840.0,1.7859258768709554,2.9242792860618816,0.2518634299534515,-2.67241585610843,2.67241585610843,0.002126102234370185
publication_grouped_cv,M1_raw_independent,3,R057,56,10.1021/acsami.8b20942,peroxidase,Kcat (s⁻¹),3.9,295.75516026522615,0.5910646070264992,2.4709323308322144,1.8798677238057153,1.8798677238057153,75.83465647826311
publication_grouped_cv,M1_raw_independent,3,R057,56,10.1021/acsami.8b20942,peroxidase,Vmax (nM s⁻¹),183.0,99.64934246098092,2.2624510897304293,1.998474437341476,-0.2639766523889533,0.2639766523889533,0.5445319260162892
publication_grouped_cv,M1_raw_independent,3,R064,63,10.1038/s41929-021-00609-x,peroxidase,Km (mM),0.0349,6.046437737834776,-1.45717457304082,0.7814995851581232,2.2386741581989433,2.2386741581989433,173.25036498093914
publication_grouped_cv,M1_raw_independent,3,R064,63,10.1038/s41929-021-00609-x,peroxidase,Kcat (s⁻¹),0.0797,1183.9879832865445,-1.0985416786038877,3.0733472946007288,4.1718889732046165,4.1718889732046165,14855.558134084624
publication_grouped_cv,M1_raw_independent,3,R064,63,10.1038/s41929-021-00609-x,peroxidase,Vmax (nM s⁻¹),557.0,86.09102121031843,2.745855195173729,1.9349578594426196,-0.8108973357311093,0.8108973357311093,0.15456197703827365
publication_grouped_cv,M1_raw_independent,3,R066,65,10.1038/srep35344,catalase,Km (mM),153.6,5.223108076116204,2.186391215695493,0.7179290123151255,-1.4684622033803674,1.4684622033803674,0.0340046098705482
publication_grouped_cv,M1_raw_independent,3,R066,65,10.1038/srep35344,catalase,Kcat (s⁻¹),0.000840192,636.1451584777984,-3.075621457971076,2.8035562262345963,5.879177684205672,5.879177684205672,757142.6036879646
publication_grouped_cv,M1_raw_independent,3,R066,65,10.1038/srep35344,catalase,Vmax (nM s⁻¹),122.0,39.5611819418301,2.0863598306747484,1.5972692582321881,-0.48909057244256027,0.48909057244256027,0.3242719831297549
publication_grouped_cv,M1_raw_independent,3,R077,76,10.1039/c9nj05955e,peroxidase,Km (mM),0.12,0.7738943866368077,-0.9208187539523752,-0.11131830343915196,0.8095004505132233,0.8095004505132233,6.449119888640064
publication_grouped_cv,M1_raw_independent,3,R077,76,10.1039/c9nj05955e,peroxidase,Kcat (s⁻¹),70.6,0.36380291235168294,1.8488047010518038,-0.43913382860073036,-2.2879385296525343,2.2879385296525343,0.005153015755689561
publication_grouped_cv,M1_raw_independent,3,R077,76,10.1039/c9nj05955e,peroxidase,Vmax (nM s⁻¹),35.0,2168.5790631678888,1.5440680443502757,3.3361752605044237,1.792107216154148,1.792107216154148,61.95940180479682
publication_grouped_cv,M1_raw_independent,3,R080,79,10.1038/s41929-021-00609-x,peroxidase,Km (mM),0.00101,6.046437737834776,-2.9956786262173574,0.7814995851581232,3.777178211375481,3.777178211375481,5986.5720176581935
publication_grouped_cv,M1_raw_independent,3,R080,79,10.1038/s41929-021-00609-x,peroxidase,Kcat (s⁻¹),1.97,1183.9879832865445,0.2944662261615929,3.0733472946007288,2.778881068439136,2.778881068439136,601.0091285718499
publication_grouped_cv,M1_raw_independent,3,R080,79,10.1038/s41929-021-00609-x,peroxidase,Vmax (nM s⁻¹),360.0,86.09102121031843,2.5563025007672873,1.9349578594426196,-0.6213446413246677,0.6213446413246677,0.23914172558421787
publication_grouped_cv,M1_raw_independent,3,R082,81,10.1038/s41929-021-00609-x,catalase,Km (mM),6.49,6.046437737834776,0.8122446968003693,0.7814995851581232,-0.030745111642246026,0.030745111642246026,0.9316545050592874
publication_grouped_cv,M1_raw_independent,3,R082,81,10.1038/s41929-021-00609-x,catalase,Kcat (s⁻¹),4.75,1183.9879832865445,0.6766936096248666,3.0733472946007288,2.3966536849758624,2.3966536849758624,249.26062806032516
publication_grouped_cv,M1_raw_independent,3,R082,81,10.1038/s41929-021-00609-x,catalase,Vmax (nM s⁻¹),325.0,86.09102121031843,2.5118833609788744,1.9349578594426196,-0.5769255015362549,0.5769255015362549,0.26489544987790287
publication_grouped_cv,M2_raw_chain,3,R013,12,10.1016/j.apcatb.2020.118725,peroxidase,Km (mM),0.0906,2.216190043899707,-1.0428718023231869,0.34560699950317364,1.3884788018263605,1.3884788018263605,24.461258762689923
publication_grouped_cv,M2_raw_chain,3,R013,12,10.1016/j.apcatb.2020.118725,peroxidase,Kcat (s⁻¹),500.0,181.63696944551867,2.6989700043360187,2.259204247225471,-0.43976575711054755,0.43976575711054755,0.3632739388910374
publication_grouped_cv,M2_raw_chain,3,R013,12,10.1016/j.apcatb.2020.118725,peroxidase,Vmax (nM s⁻¹),1700.0,472.0562711671311,3.230448921378274,2.67399377151702,-0.5564551498612542,0.5564551498612542,0.27768015951007713
publication_grouped_cv,M2_raw_chain,3,R015,14,10.1039/c9nj05955e,catalase,Km (mM),2.97,1.7859258768709554,0.4727564493172124,0.2518634299534515,-0.22089301936376088,0.22089301936376088,0.6013218440642947
publication_grouped_cv,M2_raw_chain,3,R015,14,10.1039/c9nj05955e,catalase,Kcat (s⁻¹),0.000166,110.9177230740128,-3.779891911959945,2.0450009457729217,5.824892857732866,5.824892857732866,668179.0546627278
publication_grouped_cv,M2_raw_chain,3,R015,14,10.1039/c9nj05955e,catalase,Vmax (nM s⁻¹),76.7,242.79007062466584,1.884795363948981,2.385230921443193,0.5004355574942119,0.5004355574942119,3.165450725223805
publication_grouped_cv,M2_raw_chain,3,R022,21,10.1038/s41929-021-00609-x,peroxidase,Km (mM),5.55,4.404333569414007,0.7442929831226762,0.6438802035489906,-0.10041277957368566,0.10041277957368566,0.7935736161106319
publication_grouped_cv,M2_raw_chain,3,R022,21,10.1038/s41929-021-00609-x,peroxidase,Kcat (s⁻¹),1062.0,35.91484433209848,3.0261245167454502,1.5552739883843212,-1.470850528361129,1.470850528361129,0.0338181208400174
publication_grouped_cv,M2_raw_chain,3,R022,21,10.1038/s41929-021-00609-x,peroxidase,Vmax (nM s⁻¹),1062.0,1429.883913204219,3.0261245167454502,3.155300780191419,0.12917626344596878,0.12917626344596878,1.3464066979324096
publication_grouped_cv,M2_raw_chain,3,R028,27,10.1039/c9nj05955e,peroxidase,Km (mM),0.3,1.7859258768709554,-0.5228787452803376,0.2518634299534515,0.7747421752337891,0.7747421752337891,5.953086256236518
publication_grouped_cv,M2_raw_chain,3,R028,27,10.1039/c9nj05955e,peroxidase,Kcat (s⁻¹),0.000183,110.9177230740128,-3.7375489102695707,2.0450009457729217,5.782549856042492,5.782549856042492,606107.7763607256
publication_grouped_cv,M2_raw_chain,3,R028,27,10.1039/c9nj05955e,peroxidase,Vmax (nM s⁻¹),84.3,242.79007062466584,1.9258275746247424,2.385230921443193,0.4594033468184504,0.4594033468184504,2.8800720121549923
publication_grouped_cv,M2_raw_chain,3,R029,28,10.1038/s41929-021-00609-x,peroxidase,Km (mM),5.55,4.404333569414007,0.7442929831226762,0.6438802035489906,-0.10041277957368566,0.10041277957368566,0.7935736161106319
publication_grouped_cv,M2_raw_chain,3,R029,28,10.1038/s41929-021-00609-x,peroxidase,Kcat (s⁻¹),1062.0,35.91484433209848,3.0261245167454502,1.5552739883843212,-1.470850528361129,1.470850528361129,0.0338181208400174
publication_grouped_cv,M2_raw_chain,3,R029,28,10.1038/s41929-021-00609-x,peroxidase,Vmax (nM s⁻¹),1062.0,1429.883913204219,3.0261245167454502,3.155300780191419,0.12917626344596878,0.12917626344596878,1.3464066979324096
publication_grouped_cv,M2_raw_chain,3,R035,34,10.1039/c9nj05955e,peroxidase,Km (mM),0.3,1.7859258768709554,-0.5228787452803376,0.2518634299534515,0.7747421752337891,0.7747421752337891,5.953086256236518
publication_grouped_cv,M2_raw_chain,3,R035,34,10.1039/c9nj05955e,peroxidase,Kcat (s⁻¹),0.000183,110.9177230740128,-3.7375489102695707,2.0450009457729217,5.782549856042492,5.782549856042492,606107.7763607256
publication_grouped_cv,M2_raw_chain,3,R035,34,10.1039/c9nj05955e,peroxidase,Vmax (nM s⁻¹),84.3,242.79007062466584,1.9258275746247424,2.385230921443193,0.4594033468184504,0.4594033468184504,2.8800720121549923
publication_grouped_cv,M2_raw_chain,3,R039,38,10.1038/srep35344,peroxidase,Km (mM),0.24,1.756932147475038,-0.619788758288394,0.24475498941436616,0.8645437477027601,0.8645437477027601,7.320550614479325
publication_grouped_cv,M2_raw_chain,3,R039,38,10.1038/srep35344,peroxidase,Kcat (s⁻¹),2.64e-05,118.16253724554659,-4.578396073130169,2.072479807793988,6.650875880924158,6.650875880924158,4475853.683543432
publication_grouped_cv,M2_raw_chain,3,R039,38,10.1038/srep35344,peroxidase,Vmax (nM s⁻¹),4.0,295.0368882207684,0.6020599913279624,2.4698763188567376,1.8678163275287751,1.8678163275287751,73.7592220551921
publication_grouped_cv,M2_raw_chain,3,R046,45,10.1038/srep35344,peroxidase,Km (mM),0.217,5.223108076116206,-0.6635402661514705,0.7179290123151256,1.381469278466596,1.381469278466596,24.069622470581592
publication_grouped_cv,M2_raw_chain,3,R046,45,10.1038/srep35344,peroxidase,Kcat (s⁻¹),0.0005642,179.18166288008698,-3.2485669181806527,2.253293562706274,5.5018604808869265,5.5018604808869265,317585.3649062158
publication_grouped_cv,M2_raw_chain,3,R046,45,10.1038/srep35344,peroxidase,Vmax (nM s⁻¹),82.0,60.57969100122396,1.9138138523837167,1.7823270537970086,-0.1314867985867081,0.1314867985867081,0.7387767195271214
publication_grouped_cv,M2_raw_chain,3,R047,46,10.1039/c9nj05955e,catalase,Km (mM),0.62,0.7738943866368077,-0.20760831050174613,-0.11131830343915196,0.09629000706259418,0.09629000706259418,1.2482167526400123
publication_grouped_cv,M2_raw_chain,3,R047,46,10.1039/c9nj05955e,catalase,Kcat (s⁻¹),6.76e-05,0.5211507660498501,-4.170053304058364,-0.2830366195190041,3.8870166845393594,3.8870166845393594,7709.330858725593
publication_grouped_cv,M2_raw_chain,3,R047,46,10.1039/c9nj05955e,catalase,Vmax (nM s⁻¹),31.3,1719.0014800478953,1.4955443375464486,3.235276250611635,1.7397319130651863,1.7397319130651863,54.920175081402405
publication_grouped_cv,M2_raw_chain,3,R048,47,10.1038/s41929-021-00609-x,catalase,Km (mM),1110.0,6.046437737834776,3.0453229787866576,0.7814995851581232,-2.2638233936285346,2.2638233936285346,0.005447241205256554
publication_grouped_cv,M2_raw_chain,3,R048,47,10.1038/s41929-021-00609-x,catalase,Kcat (s⁻¹),3.68,445.7661472748981,0.5658478186735176,2.6491070838616877,2.08325926518817,2.08325926518817,121.13210523774404
publication_grouped_cv,M2_raw_chain,3,R048,47,10.1038/s41929-021-00609-x,catalase,Vmax (nM s⁻¹),593.0,91.16251746899214,2.7730546933642626,1.9598163097926222,-0.8132383835716404,0.8132383835716404,0.1537310581264623
publication_grouped_cv,M2_raw_chain,3,R056,55,10.1016/j.apcatb.2020.118725,catalase,Km (mM),0.27,2.216190043899707,-0.5686362358410126,0.34560699950317364,0.9142432353441863,0.9142432353441863,8.208111273702619
publication_grouped_cv,M2_raw_chain,3,R056,55,10.1016/j.apcatb.2020.118725,catalase,Kcat (s⁻¹),440.0,181.63696944551867,2.6434526764861874,2.259204247225471,-0.38424842926071623,0.38424842926071623,0.41281129419436063
publication_grouped_cv,M2_raw_chain,3,R056,55,10.1016/j.apcatb.2020.118725,catalase,Vmax (nM s⁻¹),1500.0,472.0562711671311,3.1760912590556813,2.67399377151702,-0.5020974875386615,0.5020974875386615,0.31470418077808743
publication_grouped_cv,M2_raw_chain,3,R057,56,10.1021/acsami.8b20942,peroxidase,Km (mM),840.0,1.7859258768709554,2.9242792860618816,0.2518634299534515,-2.67241585610843,2.67241585610843,0.002126102234370185
publication_grouped_cv,M2_raw_chain,3,R057,56,10.1021/acsami.8b20942,peroxidase,Kcat (s⁻¹),3.9,110.9177230740128,0.5910646070264992,2.0450009457729217,1.4539363387464226,1.4539363387464226,28.440441813849436
publication_grouped_cv,M2_raw_chain,3,R057,56,10.1021/acsami.8b20942,peroxidase,Vmax (nM s⁻¹),183.0,242.79007062466584,2.2624510897304293,2.385230921443193,0.12277983171276352,0.12277983171276352,1.3267216974025455
publication_grouped_cv,M2_raw_chain,3,R064,63,10.1038/s41929-021-00609-x,peroxidase,Km (mM),0.0349,6.046437737834776,-1.45717457304082,0.7814995851581232,2.2386741581989433,2.2386741581989433,173.25036498093914
publication_grouped_cv,M2_raw_chain,3,R064,63,10.1038/s41929-021-00609-x,peroxidase,Kcat (s⁻¹),0.0797,445.7661472748981,-1.0985416786038877,2.6491070838616877,3.7476487624655754,3.7476487624655754,5593.050781366351
publication_grouped_cv,M2_raw_chain,3,R064,63,10.1038/s41929-021-00609-x,peroxidase,Vmax (nM s⁻¹),557.0,91.16251746899214,2.745855195173729,1.9598163097926222,-0.7860388853811067,0.7860388853811067,0.16366699725133238
publication_grouped_cv,M2_raw_chain,3,R066,65,10.1038/srep35344,catalase,Km (mM),153.6,5.223108076116206,2.186391215695493,0.7179290123151256,-1.4684622033803674,1.4684622033803674,0.034004609870548215
publication_grouped_cv,M2_raw_chain,3,R066,65,10.1038/srep35344,catalase,Kcat (s⁻¹),0.000840192,179.18166288008698,-3.075621457971076,2.253293562706274,5.32891502067735,5.32891502067735,213262.75765549656
publication_grouped_cv,M2_raw_chain,3,R066,65,10.1038/srep35344,catalase,Vmax (nM s⁻¹),122.0,60.57969100122396,2.0863598306747484,1.7823270537970086,-0.3040327768777398,0.3040327768777398,0.4965548442723275
publication_grouped_cv,M2_raw_chain,3,R077,76,10.1039/c9nj05955e,peroxidase,Km (mM),0.12,0.7738943866368077,-0.9208187539523752,-0.11131830343915196,0.8095004505132233,0.8095004505132233,6.449119888640064
publication_grouped_cv,M2_raw_chain,3,R077,76,10.1039/c9nj05955e,peroxidase,Kcat (s⁻¹),70.6,0.5211507660498501,1.8488047010518038,-0.2830366195190041,-2.1318413205708078,2.1318413205708078,0.007381738895890229
publication_grouped_cv,M2_raw_chain,3,R077,76,10.1039/c9nj05955e,peroxidase,Vmax (nM s⁻¹),35.0,1719.0014800478953,1.5440680443502757,3.235276250611635,1.6912082062613591,1.6912082062613591,49.114328001368435
publication_grouped_cv,M2_raw_chain,3,R080,79,10.1038/s41929-021-00609-x,peroxidase,Km (mM),0.00101,6.046437737834776,-2.9956786262173574,0.7814995851581232,3.777178211375481,3.777178211375481,5986.5720176581935
publication_grouped_cv,M2_raw_chain,3,R080,79,10.1038/s41929-021-00609-x,peroxidase,Kcat (s⁻¹),1.97,445.7661472748981,0.2944662261615929,2.6491070838616877,2.354640857700095,2.354640857700095,226.27723211923762
publication_grouped_cv,M2_raw_chain,3,R080,79,10.1038/s41929-021-00609-x,peroxidase,Vmax (nM s⁻¹),360.0,91.16251746899214,2.5563025007672873,1.9598163097926222,-0.596486190974665,0.596486190974665,0.2532292151916448
publication_grouped_cv,M2_raw_chain,3,R082,81,10.1038/s41929-021-00609-x,catalase,Km (mM),6.49,6.046437737834776,0.8122446968003693,0.7814995851581232,-0.030745111642246026,0.030745111642246026,0.9316545050592874
publication_grouped_cv,M2_raw_chain,3,R082,81,10.1038/s41929-021-00609-x,catalase,Kcat (s⁻¹),4.75,445.7661472748981,0.6766936096248666,2.6491070838616877,1.9724134742368211,1.9724134742368211,93.84550468945224
publication_grouped_cv,M2_raw_chain,3,R082,81,10.1038/s41929-021-00609-x,catalase,Vmax (nM s⁻¹),325.0,91.16251746899214,2.5118833609788744,1.9598163097926222,-0.5520670511862522,0.5520670511862522,0.28050005375074505
publication_grouped_cv,M3_physics_independent,3,R013,12,10.1016/j.apcatb.2020.118725,peroxidase,Km (mM),0.0906,1.0940618364021306,-1.0428718023231869,0.03904186902600727,1.0819136713491941,1.0819136713491941,12.075737708632788
publication_grouped_cv,M3_physics_independent,3,R013,12,10.1016/j.apcatb.2020.118725,peroxidase,Kcat (s⁻¹),500.0,567.9367757322656,2.6989700043360187,2.754299991558044,0.05532998722202542,0.05532998722202542,1.135873551464531
publication_grouped_cv,M3_physics_independent,3,R013,12,10.1016/j.apcatb.2020.118725,peroxidase,Vmax (nM s⁻¹),1700.0,488.7328217693903,3.230448921378274,2.689071505868123,-0.541377415510151,0.541377415510151,0.28748989515846485
publication_grouped_cv,M3_physics_independent,3,R015,14,10.1039/c9nj05955e,catalase,Km (mM),2.97,11.667391762200245,0.4727564493172124,1.0669737806480692,0.5942173313308569,0.5942173313308569,3.9284147347475566
publication_grouped_cv,M3_physics_independent,3,R015,14,10.1039/c9nj05955e,catalase,Kcat (s⁻¹),0.000166,6697.252716921979,-3.779891911959945,3.82589668709415,7.605788599054096,7.605788599054096,40344895.885072164
publication_grouped_cv,M3_physics_independent,3,R015,14,10.1039/c9nj05955e,catalase,Vmax (nM s⁻¹),76.7,50.775620140485664,1.884795363948981,1.7056552363003057,-0.17914012764867526,0.17914012764867526,0.6620028701497479
publication_grouped_cv,M3_physics_independent,3,R022,21,10.1038/s41929-021-00609-x,peroxidase,Km (mM),5.55,1.4481135134472334,0.7442929831226762,0.16080260628898055,-0.5834903768336956,0.5834903768336956,0.2609213537742763
publication_grouped_cv,M3_physics_independent,3,R022,21,10.1038/s41929-021-00609-x,peroxidase,Kcat (s⁻¹),1062.0,32.72097328163049,3.0261245167454502,1.514826213231405,-1.5112983035140453,1.5112983035140453,0.03081070930473681
publication_grouped_cv,M3_physics_independent,3,R022,21,10.1038/s41929-021-00609-x,peroxidase,Vmax (nM s⁻¹),1062.0,4033.7994534032964,3.0261245167454502,3.605714302789652,0.5795897860442016,0.5795897860442016,3.798304570059601
publication_grouped_cv,M3_physics_independent,3,R028,27,10.1039/c9nj05955e,peroxidase,Km (mM),0.3,1.5389950378279598,-0.5228787452803376,0.18723721954076425,0.7101159648211018,0.7101159648211018,5.1299834594265326
publication_grouped_cv,M3_physics_independent,3,R028,27,10.1039/c9nj05955e,peroxidase,Kcat (s⁻¹),0.000183,1406.277218676453,-3.7375489102695707,3.148070941362346,6.885619851631917,6.885619851631917,7684574.9654450985
publication_grouped_cv,M3_physics_independent,3,R028,27,10.1039/c9nj05955e,peroxidase,Vmax (nM s⁻¹),84.3,67.9555035821808,1.9258275746247424,1.8322246351462381,-0.09360293947850429,0.09360293947850429,0.806115107736427
publication_grouped_cv,M3_physics_independent,3,R029,28,10.1038/s41929-021-00609-x,peroxidase,Km (mM),5.55,1.4481135134472334,0.7442929831226762,0.16080260628898055,-0.5834903768336956,0.5834903768336956,0.2609213537742763
publication_grouped_cv,M3_physics_independent,3,R029,28,10.1038/s41929-021-00609-x,peroxidase,Kcat (s⁻¹),1062.0,32.72097328163049,3.0261245167454502,1.514826213231405,-1.5112983035140453,1.5112983035140453,0.03081070930473681
publication_grouped_cv,M3_physics_independent,3,R029,28,10.1038/s41929-021-00609-x,peroxidase,Vmax (nM s⁻¹),1062.0,4033.7994534032964,3.0261245167454502,3.605714302789652,0.5795897860442016,0.5795897860442016,3.798304570059601
publication_grouped_cv,M3_physics_independent,3,R035,34,10.1039/c9nj05955e,peroxidase,Km (mM),0.3,1.5389950378279598,-0.5228787452803376,0.18723721954076425,0.7101159648211018,0.7101159648211018,5.1299834594265326
publication_grouped_cv,M3_physics_independent,3,R035,34,10.1039/c9nj05955e,peroxidase,Kcat (s⁻¹),0.000183,1406.277218676453,-3.7375489102695707,3.148070941362346,6.885619851631917,6.885619851631917,7684574.9654450985
publication_grouped_cv,M3_physics_independent,3,R035,34,10.1039/c9nj05955e,peroxidase,Vmax (nM s⁻¹),84.3,67.9555035821808,1.9258275746247424,1.8322246351462381,-0.09360293947850429,0.09360293947850429,0.806115107736427
publication_grouped_cv,M3_physics_independent,3,R039,38,10.1038/srep35344,peroxidase,Km (mM),0.24,0.8571292335053529,-0.619788758288394,-0.06695369246782785,0.5528350658205661,0.5528350658205661,3.5713718062723037
publication_grouped_cv,M3_physics_independent,3,R039,38,10.1038/srep35344,peroxidase,Kcat (s⁻¹),2.64e-05,297.9226632065032,-4.578396073130169,2.474103541587496,7.052499614717665,7.052499614717665,11284949.363882696
publication_grouped_cv,M3_physics_independent,3,R039,38,10.1038/srep35344,peroxidase,Vmax (nM s⁻¹),4.0,151.70890253371,0.6020599913279624,2.1810110666655826,1.5789510753376201,1.5789510753376201,37.9272256334275
publication_grouped_cv,M3_physics_independent,3,R046,45,10.1038/srep35344,peroxidase,Km (mM),0.217,1.9772797385271776,-0.6635402661514705,0.2960681161039679,0.9596083822554384,0.9596083822554384,9.111888195977777
publication_grouped_cv,M3_physics_independent,3,R046,45,10.1038/srep35344,peroxidase,Kcat (s⁻¹),0.0005642,363.24733921072504,-3.2485669181806527,2.560202441771623,5.808769359952276,5.808769359952276,643827.2584380095
publication_grouped_cv,M3_physics_independent,3,R046,45,10.1038/srep35344,peroxidase,Vmax (nM s⁻¹),82.0,60.33841687216992,1.9138138523837167,1.7805939111969349,-0.13321994118678182,0.13321994118678182,0.7358343520996332
publication_grouped_cv,M3_physics_independent,3,R047,46,10.1039/c9nj05955e,catalase,Km (mM),0.62,1.2581261906261358,-0.20760831050174613,0.09972420322696014,0.3073325137287063,0.3073325137287063,2.0292357913324772
publication_grouped_cv,M3_physics_independent,3,R047,46,10.1039/c9nj05955e,catalase,Kcat (s⁻¹),6.76e-05,0.07163897124118422,-4.170053304058364,-1.1448506593875631,3.0252026446708005,3.0252026446708005,1059.7480952837902
publication_grouped_cv,M3_physics_independent,3,R047,46,10.1039/c9nj05955e,catalase,Vmax (nM s⁻¹),31.3,10080.100546114973,1.4955443375464486,4.003464864094142,2.507920526547694,2.507920526547694,322.0479407704464
publication_grouped_cv,M3_physics_independent,3,R048,47,10.1038/s41929-021-00609-x,catalase,Km (mM),1110.0,13.644080612353012,3.0453229787866576,1.1349442766542004,-1.9103787021324572,1.9103787021324572,0.012291964515633344
publication_grouped_cv,M3_physics_independent,3,R048,47,10.1038/s41929-021-00609-x,catalase,Kcat (s⁻¹),3.68,403.7521576488915,0.5658478186735176,2.6061148562122334,2.0402670375387157,2.0402670375387157,109.71526023067703
publication_grouped_cv,M3_physics_independent,3,R048,47,10.1038/s41929-021-00609-x,catalase,Vmax (nM s⁻¹),593.0,605.317960566443,2.7730546933642626,2.7819835601824616,0.008928866818199044,0.008928866818199044,1.020772277515081
publication_grouped_cv,M3_physics_independent,3,R056,55,10.1016/j.apcatb.2020.118725,catalase,Km (mM),0.27,6.8718700805373345,-0.5686362358410126,0.8370749401364727,1.4057111759774852,1.4057111759774852,25.451370668656793
publication_grouped_cv,M3_physics_independent,3,R056,55,10.1016/j.apcatb.2020.118725,catalase,Kcat (s⁻¹),440.0,1123.2040652052947,2.6434526764861874,3.0504586666278173,0.40700599014162986,0.40700599014162986,2.552736511830215
publication_grouped_cv,M3_physics_independent,3,R056,55,10.1016/j.apcatb.2020.118725,catalase,Vmax (nM s⁻¹),1500.0,550.4880814912202,3.1760912590556813,2.7407479205854655,-0.4353433384702159,0.4353433384702159,0.36699205432748017
publication_grouped_cv,M3_physics_independent,3,R057,56,10.1021/acsami.8b20942,peroxidase,Km (mM),840.0,1.5389950378279598,2.9242792860618816,0.18723721954076425,-2.7370420665211173,2.7370420665211173,0.0018321369497951902
publication_grouped_cv,M3_physics_independent,3,R057,56,10.1021/acsami.8b20942,peroxidase,Kcat (s⁻¹),3.9,1406.277218676453,0.5910646070264992,3.148070941362346,2.557006334335847,2.557006334335847,360.58390222473156
publication_grouped_cv,M3_physics_independent,3,R057,56,10.1021/acsami.8b20942,peroxidase,Vmax (nM s⁻¹),183.0,67.9555035821808,2.2624510897304293,1.8322246351462381,-0.4302264545841912,0.4302264545841912,0.37134154962940324
publication_grouped_cv,M3_physics_independent,3,R064,63,10.1038/s41929-021-00609-x,peroxidase,Km (mM),0.0349,2.0519685557112957,-1.45717457304082,0.31217070137851954,1.7693452744193396,1.7693452744193396,58.79566062210016
publication_grouped_cv,M3_physics_independent,3,R064,63,10.1038/s41929-021-00609-x,peroxidase,Kcat (s⁻¹),0.0797,93.25275152959188,-1.0985416786038877,1.9696616550275223,3.06820333363141,3.06820333363141,1170.047070634779
publication_grouped_cv,M3_physics_independent,3,R064,63,10.1038/s41929-021-00609-x,peroxidase,Vmax (nM s⁻¹),557.0,205.2214404987542,2.745855195173729,2.3122227317023154,-0.4336324634714135,0.4336324634714135,0.36844064721499853
publication_grouped_cv,M3_physics_independent,3,R066,65,10.1038/srep35344,catalase,Km (mM),153.6,12.041441503831084,2.186391215695493,1.0806784802512026,-1.1057127354442904,1.1057127354442904,0.07839480145723363
publication_grouped_cv,M3_physics_independent,3,R066,65,10.1038/srep35344,catalase,Kcat (s⁻¹),0.000840192,1100.574325233816,-3.075621457971076,3.0416193771473727,6.117240835118449,6.117240835118449,1309908.1224694068
publication_grouped_cv,M3_physics_independent,3,R066,65,10.1038/srep35344,catalase,Vmax (nM s⁻¹),122.0,55.081469571558216,2.0863598306747484,1.7410055187000728,-0.3453543119746756,0.3453543119746756,0.45148745550457553
publication_grouped_cv,M3_physics_independent,3,R077,76,10.1039/c9nj05955e,peroxidase,Km (mM),0.12,0.5838041113894423,-0.9208187539523752,-0.23373285085629422,0.687085903096081,0.687085903096081,4.865034261578686
publication_grouped_cv,M3_physics_independent,3,R077,76,10.1039/c9nj05955e,peroxidase,Kcat (s⁻¹),70.6,0.07021822239869024,1.8488047010518038,-1.1535501690633696,-3.002354870115173,3.002354870115173,0.00099459238525057
publication_grouped_cv,M3_physics_independent,3,R077,76,10.1039/c9nj05955e,peroxidase,Vmax (nM s⁻¹),35.0,2695.6299106577276,1.5440680443502757,3.430660266649632,1.8865922222993565,1.8865922222993565,77.01799744736364
publication_grouped_cv,M3_physics_independent,3,R080,79,10.1038/s41929-021-00609-x,peroxidase,Km (mM),0.00101,2.0519685557112957,-2.9956786262173574,0.31217070137851954,3.3078493275958767,3.3078493275958767,2031.6520353577184
publication_grouped_cv,M3_physics_independent,3,R080,79,10.1038/s41929-021-00609-x,peroxidase,Kcat (s⁻¹),1.97,93.25275152959188,0.2944662261615929,1.9696616550275223,1.6751954288659294,1.6751954288659294,47.33642209623953
publication_grouped_cv,M3_physics_independent,3,R080,79,10.1038/s41929-021-00609-x,peroxidase,Vmax (nM s⁻¹),360.0,205.2214404987542,2.5563025007672873,2.3122227317023154,-0.24407976906497186,0.24407976906497186,0.5700595569409839
publication_grouped_cv,M3_physics_independent,3,R082,81,10.1038/s41929-021-00609-x,catalase,Km (mM),6.49,13.644080612353012,0.8122446968003693,1.1349442766542004,0.32269957985383113,0.32269957985383113,2.102323669083669
publication_grouped_cv,M3_physics_independent,3,R082,81,10.1038/s41929-021-00609-x,catalase,Kcat (s⁻¹),4.75,403.7521576488915,0.6766936096248666,2.6061148562122334,1.9294212465873668,1.9294212465873668,85.00045424187189
publication_grouped_cv,M3_physics_independent,3,R082,81,10.1038/s41929-021-00609-x,catalase,Vmax (nM s⁻¹),325.0,605.317960566443,2.5118833609788744,2.7819835601824616,0.2701001992035872,0.2701001992035872,1.8625168017429017
publication_grouped_cv,M4_full_physics_chain,3,R013,12,10.1016/j.apcatb.2020.118725,peroxidase,Km (mM),0.0906,1.0940618364021308,-1.0428718023231869,0.03904186902600736,1.0819136713491941,1.0819136713491941,12.07573770863279
publication_grouped_cv,M4_full_physics_chain,3,R013,12,10.1016/j.apcatb.2020.118725,peroxidase,Kcat (s⁻¹),500.0,480.27840725497276,2.6989700043360187,2.6814930617153427,-0.017476942620676006,0.017476942620676006,0.9605568145099456
publication_grouped_cv,M4_full_physics_chain,3,R013,12,10.1016/j.apcatb.2020.118725,peroxidase,Vmax (nM s⁻¹),1700.0,332.79942292588095,3.230448921378274,2.5221825645528124,-0.7082663568254617,0.7082663568254617,0.1957643664269888
publication_grouped_cv,M4_full_physics_chain,3,R015,14,10.1039/c9nj05955e,catalase,Km (mM),2.97,11.66739176220025,0.4727564493172124,1.0669737806480695,0.5942173313308571,0.5942173313308571,3.9284147347475584
publication_grouped_cv,M4_full_physics_chain,3,R015,14,10.1039/c9nj05955e,catalase,Kcat (s⁻¹),0.000166,4771.299604837184,-3.779891911959945,3.6786366881251045,7.4585286000850495,7.4585286000850495,28742768.70383846
publication_grouped_cv,M4_full_physics_chain,3,R015,14,10.1039/c9nj05955e,catalase,Vmax (nM s⁻¹),76.7,59.45903775429317,1.884795363948981,1.7742178765913847,-0.1105774873575962,0.1105774873575962,0.7752156160924794
publication_grouped_cv,M4_full_physics_chain,3,R022,21,10.1038/s41929-021-00609-x,peroxidase,Km (mM),5.55,1.4481135134472334,0.7442929831226762,0.16080260628898055,-0.5834903768336956,0.5834903768336956,0.2609213537742763
publication_grouped_cv,M4_full_physics_chain,3,R022,21,10.1038/s41929-021-00609-x,peroxidase,Kcat (s⁻¹),1062.0,13.172703475414753,3.0261245167454502,1.1196749157335202,-1.90644960101193,1.90644960101193,0.01240367558890278
publication_grouped_cv,M4_full_physics_chain,3,R022,21,10.1038/s41929-021-00609-x,peroxidase,Vmax (nM s⁻¹),1062.0,1104.1090645945853,3.0261245167454502,3.0430119753968876,0.01688745865143737,0.01688745865143737,1.0396507199572367
publication_grouped_cv,M4_full_physics_chain,3,R028,27,10.1039/c9nj05955e,peroxidase,Km (mM),0.3,1.53899503782796,-0.5228787452803376,0.1872372195407643,0.710115964821102,0.710115964821102,5.129983459426533
publication_grouped_cv,M4_full_physics_chain,3,R028,27,10.1039/c9nj05955e,peroxidase,Kcat (s⁻¹),0.000183,724.9122207095814,-3.7375489102695707,2.860285421233818,6.597834331503389,6.597834331503389,3961268.965626128
publication_grouped_cv,M4_full_physics_chain,3,R028,27,10.1039/c9nj05955e,peroxidase,Vmax (nM s⁻¹),84.3,79.6804247855031,1.9258275746247424,1.9013516406956152,-0.02447593392912717,0.02447593392912717,0.9452007685113062
publication_grouped_cv,M4_full_physics_chain,3,R029,28,10.1038/s41929-021-00609-x,peroxidase,Km (mM),5.55,1.4481135134472334,0.7442929831226762,0.16080260628898055,-0.5834903768336956,0.5834903768336956,0.2609213537742763
publication_grouped_cv,M4_full_physics_chain,3,R029,28,10.1038/s41929-021-00609-x,peroxidase,Kcat (s⁻¹),1062.0,13.172703475414753,3.0261245167454502,1.1196749157335202,-1.90644960101193,1.90644960101193,0.01240367558890278
publication_grouped_cv,M4_full_physics_chain,3,R029,28,10.1038/s41929-021-00609-x,peroxidase,Vmax (nM s⁻¹),1062.0,1104.1090645945853,3.0261245167454502,3.0430119753968876,0.01688745865143737,0.01688745865143737,1.0396507199572367
publication_grouped_cv,M4_full_physics_chain,3,R035,34,10.1039/c9nj05955e,peroxidase,Km (mM),0.3,1.53899503782796,-0.5228787452803376,0.1872372195407643,0.710115964821102,0.710115964821102,5.129983459426533
publication_grouped_cv,M4_full_physics_chain,3,R035,34,10.1039/c9nj05955e,peroxidase,Kcat (s⁻¹),0.000183,724.9122207095814,-3.7375489102695707,2.860285421233818,6.597834331503389,6.597834331503389,3961268.965626128
publication_grouped_cv,M4_full_physics_chain,3,R035,34,10.1039/c9nj05955e,peroxidase,Vmax (nM s⁻¹),84.3,79.6804247855031,1.9258275746247424,1.9013516406956152,-0.02447593392912717,0.02447593392912717,0.9452007685113062
publication_grouped_cv,M4_full_physics_chain,3,R039,38,10.1038/srep35344,peroxidase,Km (mM),0.24,0.857129233505353,-0.619788758288394,-0.0669536924678278,0.5528350658205662,0.5528350658205662,3.571371806272304
publication_grouped_cv,M4_full_physics_chain,3,R039,38,10.1038/srep35344,peroxidase,Kcat (s⁻¹),2.64e-05,248.37093019183786,-4.578396073130169,2.3951007638231228,6.9734968369532915,6.9734968369532915,9407989.779993858
publication_grouped_cv,M4_full_physics_chain,3,R039,38,10.1038/srep35344,peroxidase,Vmax (nM s⁻¹),4.0,174.37922723832423,0.6020599913279624,2.2414947487554535,1.639434757427491,1.639434757427491,43.59480680958106
publication_grouped_cv,M4_full_physics_chain,3,R046,45,10.1038/srep35344,peroxidase,Km (mM),0.217,1.9772797385271774,-0.6635402661514705,0.2960681161039678,0.9596083822554384,0.9596083822554384,9.111888195977777
publication_grouped_cv,M4_full_physics_chain,3,R046,45,10.1038/srep35344,peroxidase,Kcat (s⁻¹),0.0005642,207.31844036271528,-3.2485669181806527,2.3166379330229137,5.565204851203566,5.565204851203566,367455.58376943506
publication_grouped_cv,M4_full_physics_chain,3,R046,45,10.1038/srep35344,peroxidase,Vmax (nM s⁻¹),82.0,72.3385731867323,1.9138138523837167,1.8593699384421905,-0.054443913941526256,0.054443913941526256,0.8821777217894183
publication_grouped_cv,M4_full_physics_chain,3,R047,46,10.1039/c9nj05955e,catalase,Km (mM),0.62,1.2581261906261358,-0.20760831050174613,0.09972420322696014,0.3073325137287063,0.3073325137287063,2.0292357913324772
publication_grouped_cv,M4_full_physics_chain,3,R047,46,10.1039/c9nj05955e,catalase,Kcat (s⁻¹),6.76e-05,0.059125480484472345,-4.170053304058364,-1.2282253169364645,2.941827987121899,2.941827987121899,874.6372852732595
publication_grouped_cv,M4_full_physics_chain,3,R047,46,10.1039/c9nj05955e,catalase,Vmax (nM s⁻¹),31.3,8866.369160001268,1.4955443375464486,3.947745809617705,2.4522014720712564,2.4522014720712564,283.2705801917338
publication_grouped_cv,M4_full_physics_chain,3,R048,47,10.1038/s41929-021-00609-x,catalase,Km (mM),1110.0,13.644080612353012,3.0453229787866576,1.1349442766542004,-1.9103787021324572,1.9103787021324572,0.012291964515633344
publication_grouped_cv,M4_full_physics_chain,3,R048,47,10.1038/s41929-021-00609-x,catalase,Kcat (s⁻¹),3.68,305.79051987818434,0.5658478186735176,2.4854240172816255,1.919576198608108,1.919576198608108,83.09524996689791
publication_grouped_cv,M4_full_physics_chain,3,R048,47,10.1038/s41929-021-00609-x,catalase,Vmax (nM s⁻¹),593.0,699.2900918875771,2.7730546933642626,2.8446573748453647,0.07160268148110216,0.07160268148110216,1.1792413016653913
publication_grouped_cv,M4_full_physics_chain,3,R056,55,10.1016/j.apcatb.2020.118725,catalase,Km (mM),0.27,6.871870080537333,-0.5686362358410126,0.8370749401364725,1.4057111759774852,1.4057111759774852,25.451370668656786
publication_grouped_cv,M4_full_physics_chain,3,R056,55,10.1016/j.apcatb.2020.118725,catalase,Kcat (s⁻¹),440.0,811.2655731140749,2.6434526764861874,2.909163046637509,0.2657103701513215,0.2657103701513215,1.8437853934410793
publication_grouped_cv,M4_full_physics_chain,3,R056,55,10.1016/j.apcatb.2020.118725,catalase,Vmax (nM s⁻¹),1500.0,422.6860196620004,3.1760912590556813,2.6260178837787325,-0.5500733752769489,0.5500733752769489,0.28179067977466693
publication_grouped_cv,M4_full_physics_chain,3,R057,56,10.1021/acsami.8b20942,peroxidase,Km (mM),840.0,1.53899503782796,2.9242792860618816,0.1872372195407643,-2.7370420665211173,2.7370420665211173,0.0018321369497951905
publication_grouped_cv,M4_full_physics_chain,3,R057,56,10.1021/acsami.8b20942,peroxidase,Kcat (s⁻¹),3.9,724.9122207095814,0.5910646070264992,2.860285421233818,2.2692208142073187,2.2692208142073187,185.87492838707217
publication_grouped_cv,M4_full_physics_chain,3,R057,56,10.1021/acsami.8b20942,peroxidase,Vmax (nM s⁻¹),183.0,79.6804247855031,2.2624510897304293,1.9013516406956152,-0.36109944903481406,0.36109944903481406,0.43541215729783117
publication_grouped_cv,M4_full_physics_chain,3,R064,63,10.1038/s41929-021-00609-x,peroxidase,Km (mM),0.0349,2.051968555711295,-1.45717457304082,0.31217070137851943,1.7693452744193396,1.7693452744193396,58.79566062210015
publication_grouped_cv,M4_full_physics_chain,3,R064,63,10.1038/s41929-021-00609-x,peroxidase,Kcat (s⁻¹),0.0797,30.593246373879687,-1.0985416786038877,1.485625564184918,2.584167242788806,2.584167242788806,383.8550360587163
publication_grouped_cv,M4_full_physics_chain,3,R064,63,10.1038/s41929-021-00609-x,peroxidase,Vmax (nM s⁻¹),557.0,181.1277790344363,2.745855195173729,2.25798506188882,-0.4878701332849089,0.4878701332849089,0.3251845225034763
publication_grouped_cv,M4_full_physics_chain,3,R066,65,10.1038/srep35344,catalase,Km (mM),153.6,12.041441503831084,2.186391215695493,1.0806784802512026,-1.1057127354442904,1.1057127354442904,0.07839480145723363
publication_grouped_cv,M4_full_physics_chain,3,R066,65,10.1038/srep35344,catalase,Kcat (s⁻¹),0.000840192,465.44485571620237,-3.075621457971076,2.6678682346690383,5.743489692640114,5.743489692640114,553974.3959906811
publication_grouped_cv,M4_full_physics_chain,3,R066,65,10.1038/srep35344,catalase,Vmax (nM s⁻¹),122.0,67.89630577812555,2.0863598306747484,1.831846145063695,-0.2545136856110535,0.2545136856110535,0.5565270965420127
publication_grouped_cv,M4_full_physics_chain,3,R077,76,10.1039/c9nj05955e,peroxidase,Km (mM),0.12,0.5838041113894424,-0.9208187539523752,-0.23373285085629414,0.6870859030960811,0.6870859030960811,4.865034261578687
publication_grouped_cv,M4_full_physics_chain,3,R077,76,10.1039/c9nj05955e,peroxidase,Kcat (s⁻¹),70.6,0.07215466938199579,1.8488047010518038,-1.141735558940308,-2.9905402599921116,2.9905402599921116,0.0010220208127761444
publication_grouped_cv,M4_full_physics_chain,3,R077,76,10.1039/c9nj05955e,peroxidase,Vmax (nM s⁻¹),35.0,1827.9283338318114,1.5440680443502757,3.2619591646847343,1.7178911203344587,1.7178911203344587,52.22652382376604
publication_grouped_cv,M4_full_physics_chain,3,R080,79,10.1038/s41929-021-00609-x,peroxidase,Km (mM),0.00101,2.051968555711295,-2.9956786262173574,0.31217070137851943,3.3078493275958767,3.3078493275958767,2031.652035357718
publication_grouped_cv,M4_full_physics_chain,3,R080,79,10.1038/s41929-021-00609-x,peroxidase,Kcat (s⁻¹),1.97,30.593246373879687,0.2944662261615929,1.485625564184918,1.1911593380233252,1.1911593380233252,15.529566687248572
publication_grouped_cv,M4_full_physics_chain,3,R080,79,10.1038/s41929-021-00609-x,peroxidase,Vmax (nM s⁻¹),360.0,181.1277790344363,2.5563025007672873,2.25798506188882,-0.2983174388784673,0.2983174388784673,0.5031327195401007
publication_grouped_cv,M4_full_physics_chain,3,R082,81,10.1038/s41929-021-00609-x,catalase,Km (mM),6.49,13.644080612353012,0.8122446968003693,1.1349442766542004,0.32269957985383113,0.32269957985383113,2.102323669083669
publication_grouped_cv,M4_full_physics_chain,3,R082,81,10.1038/s41929-021-00609-x,catalase,Kcat (s⁻¹),4.75,305.79051987818434,0.6766936096248666,2.4854240172816255,1.808730407656759,1.808730407656759,64.37695155330196
publication_grouped_cv,M4_full_physics_chain,3,R082,81,10.1038/s41929-021-00609-x,catalase,Vmax (nM s⁻¹),325.0,699.2900918875771,2.5118833609788744,2.8446573748453647,0.3327740138664903,0.3327740138664903,2.151661821192545
publication_grouped_cv,A0_physics_no_arrhenius,3,R013,12,10.1016/j.apcatb.2020.118725,peroxidase,Km (mM),0.0906,2.817150801200458,-1.0428718023231869,0.4498100952556723,1.4926818975788592,1.4926818975788592,31.094379704199312
publication_grouped_cv,A0_physics_no_arrhenius,3,R013,12,10.1016/j.apcatb.2020.118725,peroxidase,Kcat (s⁻¹),500.0,793.7535699156451,2.6989700043360187,2.8996856915487617,0.2007156872127429,0.2007156872127429,1.5875071398312903
publication_grouped_cv,A0_physics_no_arrhenius,3,R013,12,10.1016/j.apcatb.2020.118725,peroxidase,Vmax (nM s⁻¹),1700.0,718.880677082052,3.230448921378274,2.85665681029199,-0.3737921110862841,0.3737921110862841,0.42287098651885413
publication_grouped_cv,A0_physics_no_arrhenius,3,R015,14,10.1039/c9nj05955e,catalase,Km (mM),2.97,4.9376000718962825,0.4727564493172124,0.6935159107068064,0.22075946138959401,0.22075946138959401,1.662491606699085
publication_grouped_cv,A0_physics_no_arrhenius,3,R015,14,10.1039/c9nj05955e,catalase,Kcat (s⁻¹),0.000166,2371.1754666108786,-3.779891911959945,3.3749636928905646,7.15485560485051,7.15485560485051,14284189.55789686
publication_grouped_cv,A0_physics_no_arrhenius,3,R015,14,10.1039/c9nj05955e,catalase,Vmax (nM s⁻¹),76.7,56.36328600634796,1.884795363948981,1.7509963047500134,-0.1337990591989675,0.1337990591989675,0.7348537940853711
publication_grouped_cv,A0_physics_no_arrhenius,3,R022,21,10.1038/s41929-021-00609-x,peroxidase,Km (mM),5.55,5.999329557892507,0.7442929831226762,0.7781027194542083,0.03380973633153206,0.03380973633153206,1.0809602807013525
publication_grouped_cv,A0_physics_no_arrhenius,3,R022,21,10.1038/s41929-021-00609-x,peroxidase,Kcat (s⁻¹),1062.0,80.66098377362613,3.0261245167454502,1.9066635145331399,-1.1194610022123104,1.1194610022123104,0.0759519621220585
publication_grouped_cv,A0_physics_no_arrhenius,3,R022,21,10.1038/s41929-021-00609-x,peroxidase,Vmax (nM s⁻¹),1062.0,15008.95026824997,3.0261245167454502,4.1763503185824575,1.1502258018370073,1.1502258018370073,14.132721533192061
publication_grouped_cv,A0_physics_no_arrhenius,3,R028,27,10.1039/c9nj05955e,peroxidase,Km (mM),0.3,4.9376000718962825,-0.5228787452803376,0.6935159107068064,1.216394655987144,1.216394655987144,16.458666906320943
publication_grouped_cv,A0_physics_no_arrhenius,3,R028,27,10.1039/c9nj05955e,peroxidase,Kcat (s⁻¹),0.000183,2371.1754666108786,-3.7375489102695707,3.3749636928905646,7.112512603160136,7.112512603160136,12957242.986944692
publication_grouped_cv,A0_physics_no_arrhenius,3,R028,27,10.1039/c9nj05955e,peroxidase,Vmax (nM s⁻¹),84.3,56.36328600634796,1.9258275746247424,1.7509963047500134,-0.17483126987472897,0.17483126987472897,0.6686036299685405
publication_grouped_cv,A0_physics_no_arrhenius,3,R029,28,10.1038/s41929-021-00609-x,peroxidase,Km (mM),5.55,5.999329557892507,0.7442929831226762,0.7781027194542083,0.03380973633153206,0.03380973633153206,1.0809602807013525
publication_grouped_cv,A0_physics_no_arrhenius,3,R029,28,10.1038/s41929-021-00609-x,peroxidase,Kcat (s⁻¹),1062.0,80.66098377362613,3.0261245167454502,1.9066635145331399,-1.1194610022123104,1.1194610022123104,0.0759519621220585
publication_grouped_cv,A0_physics_no_arrhenius,3,R029,28,10.1038/s41929-021-00609-x,peroxidase,Vmax (nM s⁻¹),1062.0,15008.95026824997,3.0261245167454502,4.1763503185824575,1.1502258018370073,1.1502258018370073,14.132721533192061
publication_grouped_cv,A0_physics_no_arrhenius,3,R035,34,10.1039/c9nj05955e,peroxidase,Km (mM),0.3,4.9376000718962825,-0.5228787452803376,0.6935159107068064,1.216394655987144,1.216394655987144,16.458666906320943
publication_grouped_cv,A0_physics_no_arrhenius,3,R035,34,10.1039/c9nj05955e,peroxidase,Kcat (s⁻¹),0.000183,2371.1754666108786,-3.7375489102695707,3.3749636928905646,7.112512603160136,7.112512603160136,12957242.986944692
publication_grouped_cv,A0_physics_no_arrhenius,3,R035,34,10.1039/c9nj05955e,peroxidase,Vmax (nM s⁻¹),84.3,56.36328600634796,1.9258275746247424,1.7509963047500134,-0.17483126987472897,0.17483126987472897,0.6686036299685405
publication_grouped_cv,A0_physics_no_arrhenius,3,R039,38,10.1038/srep35344,peroxidase,Km (mM),0.24,1.7549405495522872,-0.619788758288394,0.24426240887095613,0.86405116715935,0.86405116715935,7.312252289801197
publication_grouped_cv,A0_physics_no_arrhenius,3,R039,38,10.1038/srep35344,peroxidase,Kcat (s⁻¹),2.64e-05,393.8291291732198,-4.578396073130169,2.595307835142207,7.173703908272376,7.173703908272376,14917770.044440145
publication_grouped_cv,A0_physics_no_arrhenius,3,R039,38,10.1038/srep35344,peroxidase,Vmax (nM s⁻¹),4.0,178.74649814644013,0.6020599913279624,2.252237542218154,1.6501775508901915,1.6501775508901915,44.68662453661003
publication_grouped_cv,A0_physics_no_arrhenius,3,R046,45,10.1038/srep35344,peroxidase,Km (mM),0.217,6.248600332889243,-0.6635402661514705,0.7957827476196174,1.459323013771088,1.459323013771088,28.795393239120937
publication_grouped_cv,A0_physics_no_arrhenius,3,R046,45,10.1038/srep35344,peroxidase,Kcat (s⁻¹),0.0005642,565.5630060921209,-3.2485669181806527,2.752480994184357,6.00104791236501,6.00104791236501,1002415.8207942588
publication_grouped_cv,A0_physics_no_arrhenius,3,R046,45,10.1038/srep35344,peroxidase,Vmax (nM s⁻¹),82.0,78.10467656808838,1.9138138523837167,1.892677038319168,-0.021136814064548703,0.021136814064548703,0.9524960557083949
publication_grouped_cv,A0_physics_no_arrhenius,3,R047,46,10.1039/c9nj05955e,catalase,Km (mM),0.62,1.192503434953372,-0.20760831050174613,0.07645963867998934,0.2840679491817355,0.2840679491817355,1.923392637021568
publication_grouped_cv,A0_physics_no_arrhenius,3,R047,46,10.1039/c9nj05955e,catalase,Kcat (s⁻¹),6.76e-05,0.04996837656596141,-4.170053304058364,-1.3013047602211676,2.868748543837196,2.868748543837196,739.1771681355239
publication_grouped_cv,A0_physics_no_arrhenius,3,R047,46,10.1039/c9nj05955e,catalase,Vmax (nM s⁻¹),31.3,11311.780841963395,1.4955443375464486,4.053530982375033,2.557986644828585,2.557986644828585,361.3987489445174
publication_grouped_cv,A0_physics_no_arrhenius,3,R048,47,10.1038/s41929-021-00609-x,catalase,Km (mM),1110.0,6.773543872469298,3.0453229787866576,0.8308159480896493,-2.2145070306970083,2.2145070306970083,0.006102291776999368
publication_grouped_cv,A0_physics_no_arrhenius,3,R048,47,10.1038/s41929-021-00609-x,catalase,Kcat (s⁻¹),3.68,198.85415968890462,0.5658478186735176,2.2985346801147717,1.732686861441254,1.732686861441254,54.03645643720234
publication_grouped_cv,A0_physics_no_arrhenius,3,R048,47,10.1038/s41929-021-00609-x,catalase,Vmax (nM s⁻¹),593.0,334.0324917538475,2.7730546933642626,2.523788713227985,-0.24926598013627776,0.24926598013627776,0.5632925661953584
publication_grouped_cv,A0_physics_no_arrhenius,3,R056,55,10.1016/j.apcatb.2020.118725,catalase,Km (mM),0.27,2.817150801200458,-0.5686362358410126,0.4498100952556723,1.018446331096685,1.018446331096685,10.433891856297992
publication_grouped_cv,A0_physics_no_arrhenius,3,R056,55,10.1016/j.apcatb.2020.118725,catalase,Kcat (s⁻¹),440.0,793.7535699156451,2.6434526764861874,2.8996856915487617,0.25623301506257423,0.25623301506257423,1.8039853861719208
publication_grouped_cv,A0_physics_no_arrhenius,3,R056,55,10.1016/j.apcatb.2020.118725,catalase,Vmax (nM s⁻¹),1500.0,718.880677082052,3.1760912590556813,2.85665681029199,-0.3194344487636913,0.3194344487636913,0.479253784721368
publication_grouped_cv,A0_physics_no_arrhenius,3,R057,56,10.1021/acsami.8b20942,peroxidase,Km (mM),840.0,4.9376000718962825,2.9242792860618816,0.6935159107068064,-2.230763375355075,2.230763375355075,0.005878095323686051
publication_grouped_cv,A0_physics_no_arrhenius,3,R057,56,10.1021/acsami.8b20942,peroxidase,Kcat (s⁻¹),3.9,2371.1754666108786,0.5910646070264992,3.3749636928905646,2.7838990858640655,2.7838990858640655,607.9937093874048
publication_grouped_cv,A0_physics_no_arrhenius,3,R057,56,10.1021/acsami.8b20942,peroxidase,Vmax (nM s⁻¹),183.0,56.36328600634796,2.2624510897304293,1.7509963047500134,-0.5114547849804159,0.5114547849804159,0.30799609839534403
publication_grouped_cv,A0_physics_no_arrhenius,3,R064,63,10.1038/s41929-021-00609-x,peroxidase,Km (mM),0.0349,6.773543872469298,-1.45717457304082,0.8308159480896493,2.287990521130469,2.287990521130469,194.08435164668475
publication_grouped_cv,A0_physics_no_arrhenius,3,R064,63,10.1038/s41929-021-00609-x,peroxidase,Kcat (s⁻¹),0.0797,198.85415968890462,-1.0985416786038877,2.2985346801147717,3.3970763587186594,3.3970763587186594,2495.0333712535084
publication_grouped_cv,A0_physics_no_arrhenius,3,R064,63,10.1038/s41929-021-00609-x,peroxidase,Vmax (nM s⁻¹),557.0,334.0324917538475,2.745855195173729,2.523788713227985,-0.22206648194574408,0.22206648194574408,0.5996992670625628
publication_grouped_cv,A0_physics_no_arrhenius,3,R066,65,10.1038/srep35344,catalase,Km (mM),153.6,6.248600332889243,2.186391215695493,0.7957827476196174,-1.3906084680758757,1.3906084680758757,0.040680991750581014
publication_grouped_cv,A0_physics_no_arrhenius,3,R066,65,10.1038/srep35344,catalase,Kcat (s⁻¹),0.000840192,565.5630060921209,-3.075621457971076,2.752480994184357,5.8281024521554325,5.8281024521554325,673135.4334391673
publication_grouped_cv,A0_physics_no_arrhenius,3,R066,65,10.1038/srep35344,catalase,Vmax (nM s⁻¹),122.0,78.10467656808838,2.0863598306747484,1.892677038319168,-0.1936827923555804,0.1936827923555804,0.6402022669515441
publication_grouped_cv,A0_physics_no_arrhenius,3,R077,76,10.1039/c9nj05955e,peroxidase,Km (mM),0.12,1.192503434953372,-0.9208187539523752,0.07645963867998934,0.9972783926323645,0.9972783926323645,9.937528624611435
publication_grouped_cv,A0_physics_no_arrhenius,3,R077,76,10.1039/c9nj05955e,peroxidase,Kcat (s⁻¹),70.6,0.04996837656596141,1.8488047010518038,-1.3013047602211676,-3.1501094612729714,3.1501094612729714,0.0007077673734555441
publication_grouped_cv,A0_physics_no_arrhenius,3,R077,76,10.1039/c9nj05955e,peroxidase,Vmax (nM s⁻¹),35.0,11311.780841963395,1.5440680443502757,4.053530982375033,2.5094629380247575,2.5094629380247575,323.1937383418113
publication_grouped_cv,A0_physics_no_arrhenius,3,R080,79,10.1038/s41929-021-00609-x,peroxidase,Km (mM),0.00101,6.773543872469298,-2.9956786262173574,0.8308159480896493,3.8264945743070067,3.8264945743070067,6706.47908165277
publication_grouped_cv,A0_physics_no_arrhenius,3,R080,79,10.1038/s41929-021-00609-x,peroxidase,Kcat (s⁻¹),1.97,198.85415968890462,0.2944662261615929,2.2985346801147717,2.004068453953179,2.004068453953179,100.94119781162671
publication_grouped_cv,A0_physics_no_arrhenius,3,R080,79,10.1038/s41929-021-00609-x,peroxidase,Vmax (nM s⁻¹),360.0,334.0324917538475,2.5563025007672873,2.523788713227985,-0.03251378753930245,0.03251378753930245,0.9278680326495764
publication_grouped_cv,A0_physics_no_arrhenius,3,R082,81,10.1038/s41929-021-00609-x,catalase,Km (mM),6.49,6.773543872469298,0.8122446968003693,0.8308159480896493,0.018571251289280055,0.018571251289280055,1.0436893486085204
publication_grouped_cv,A0_physics_no_arrhenius,3,R082,81,10.1038/s41929-021-00609-x,catalase,Kcat (s⁻¹),4.75,198.85415968890462,0.6766936096248666,2.2985346801147717,1.6218410704899051,1.6218410704899051,41.86403361871676
publication_grouped_cv,A0_physics_no_arrhenius,3,R082,81,10.1038/s41929-021-00609-x,catalase,Vmax (nM s⁻¹),325.0,334.0324917538475,2.5118833609788744,2.523788713227985,0.01190535224911038,0.01190535224911038,1.027792282319531
publication_grouped_cv,A1_physics_plus_activity_category,3,R013,12,10.1016/j.apcatb.2020.118725,peroxidase,Km (mM),0.0906,0.5590576143754066,-1.0428718023231869,-0.25254343305104215,0.7903283692721448,0.7903283692721448,6.170613845203163
publication_grouped_cv,A1_physics_plus_activity_category,3,R013,12,10.1016/j.apcatb.2020.118725,peroxidase,Kcat (s⁻¹),500.0,268.8522441102941,2.6989700043360187,2.429513665885297,-0.2694563384507216,0.2694563384507216,0.5377044882205883
publication_grouped_cv,A1_physics_plus_activity_category,3,R013,12,10.1016/j.apcatb.2020.118725,peroxidase,Vmax (nM s⁻¹),1700.0,321.71367427470364,3.230448921378274,2.50746952075847,-0.722979400619804,0.722979400619804,0.1892433378086492
publication_grouped_cv,A1_physics_plus_activity_category,3,R015,14,10.1039/c9nj05955e,catalase,Km (mM),2.97,18.51368927064873,0.4727564493172124,1.2674929703592868,0.7947365210420744,0.7947365210420744,6.233565410992838
publication_grouped_cv,A1_physics_plus_activity_category,3,R015,14,10.1039/c9nj05955e,catalase,Kcat (s⁻¹),0.000166,6941.9454089664905,-3.779891911959945,3.841481194083616,7.621373106043562,7.621373106043562,41818948.24678609
publication_grouped_cv,A1_physics_plus_activity_category,3,R015,14,10.1039/c9nj05955e,catalase,Vmax (nM s⁻¹),76.7,74.04901233550582,1.884795363948981,1.869519270283286,-0.015276093665695045,0.015276093665695045,0.965436927451184
publication_grouped_cv,A1_physics_plus_activity_category,3,R022,21,10.1038/s41929-021-00609-x,peroxidase,Km (mM),5.55,0.529933615561627,0.7442929831226762,-0.2757785307784122,-1.0200715139010885,1.0200715139010885,0.09548353433542829
publication_grouped_cv,A1_physics_plus_activity_category,3,R022,21,10.1038/s41929-021-00609-x,peroxidase,Kcat (s⁻¹),1062.0,14.09735569718542,3.0261245167454502,1.1491376577745356,-1.8769868589709147,1.8769868589709147,0.013274346230871394
publication_grouped_cv,A1_physics_plus_activity_category,3,R022,21,10.1038/s41929-021-00609-x,peroxidase,Vmax (nM s⁻¹),1062.0,376.9089938042526,3.0261245167454502,2.5762365007102996,-0.4498880160351506,0.4498880160351506,0.35490489058780844
publication_grouped_cv,A1_physics_plus_activity_category,3,R028,27,10.1039/c9nj05955e,peroxidase,Km (mM),0.3,0.5421859532353981,-0.5228787452803376,-0.26585173815977237,0.25702700712056525,0.25702700712056525,1.8072865107846603
publication_grouped_cv,A1_physics_plus_activity_category,3,R028,27,10.1039/c9nj05955e,peroxidase,Kcat (s⁻¹),0.000183,193.82637900097592,-3.7375489102695707,2.2874128824926165,6.024961792762188,6.024961792762188,1059160.5409889393
publication_grouped_cv,A1_physics_plus_activity_category,3,R028,27,10.1039/c9nj05955e,peroxidase,Vmax (nM s⁻¹),84.3,127.20040697693116,1.9258275746247424,2.1044885008371805,0.17866092621243812,0.17866092621243812,1.5089016248746283
publication_grouped_cv,A1_physics_plus_activity_category,3,R029,28,10.1038/s41929-021-00609-x,peroxidase,Km (mM),5.55,0.529933615561627,0.7442929831226762,-0.2757785307784122,-1.0200715139010885,1.0200715139010885,0.09548353433542829
publication_grouped_cv,A1_physics_plus_activity_category,3,R029,28,10.1038/s41929-021-00609-x,peroxidase,Kcat (s⁻¹),1062.0,14.09735569718542,3.0261245167454502,1.1491376577745356,-1.8769868589709147,1.8769868589709147,0.013274346230871394
publication_grouped_cv,A1_physics_plus_activity_category,3,R029,28,10.1038/s41929-021-00609-x,peroxidase,Vmax (nM s⁻¹),1062.0,376.9089938042526,3.0261245167454502,2.5762365007102996,-0.4498880160351506,0.4498880160351506,0.35490489058780844
publication_grouped_cv,A1_physics_plus_activity_category,3,R035,34,10.1039/c9nj05955e,peroxidase,Km (mM),0.3,0.5421859532353981,-0.5228787452803376,-0.26585173815977237,0.25702700712056525,0.25702700712056525,1.8072865107846603
publication_grouped_cv,A1_physics_plus_activity_category,3,R035,34,10.1039/c9nj05955e,peroxidase,Kcat (s⁻¹),0.000183,193.82637900097592,-3.7375489102695707,2.2874128824926165,6.024961792762188,6.024961792762188,1059160.5409889393
publication_grouped_cv,A1_physics_plus_activity_category,3,R035,34,10.1039/c9nj05955e,peroxidase,Vmax (nM s⁻¹),84.3,127.20040697693116,1.9258275746247424,2.1044885008371805,0.17866092621243812,0.17866092621243812,1.5089016248746283
publication_grouped_cv,A1_physics_plus_activity_category,3,R039,38,10.1038/srep35344,peroxidase,Km (mM),0.24,0.5100331748532106,-0.619788758288394,-0.2924015745155778,0.32738718377281617,0.32738718377281617,2.1251382285550444
publication_grouped_cv,A1_physics_plus_activity_category,3,R039,38,10.1038/srep35344,peroxidase,Kcat (s⁻¹),2.64e-05,106.0405117729785,-4.578396073130169,2.0254718150592095,6.603867888189379,6.603867888189379,4016686.0520067615
publication_grouped_cv,A1_physics_plus_activity_category,3,R039,38,10.1038/srep35344,peroxidase,Vmax (nM s⁻¹),4.0,185.57097305153826,0.6020599913279624,2.26851004500017,1.6664500536722073,1.6664500536722073,46.392743262884565
publication_grouped_cv,A1_physics_plus_activity_category,3,R046,45,10.1038/srep35344,peroxidase,Km (mM),0.217,0.7566116513272796,-0.6635402661514705,-0.12112697513925282,0.5424132910122177,0.5424132910122177,3.4866896374529013
publication_grouped_cv,A1_physics_plus_activity_category,3,R046,45,10.1038/srep35344,peroxidase,Kcat (s⁻¹),0.0005642,77.79238667925134,-3.2485669181806527,1.8909370958974014,5.139504014078054,5.139504014078054,137880.86969027176
publication_grouped_cv,A1_physics_plus_activity_category,3,R046,45,10.1038/srep35344,peroxidase,Vmax (nM s⁻¹),82.0,114.89151387934928,1.9138138523837167,2.060287952000066,0.14647409961634938,0.14647409961634938,1.4011160229188937
publication_grouped_cv,A1_physics_plus_activity_category,3,R047,46,10.1039/c9nj05955e,catalase,Km (mM),0.62,0.3995260536460829,-0.20760831050174613,-0.398454894483188,-0.19084658398144186,0.19084658398144186,0.6443968607194885
publication_grouped_cv,A1_physics_plus_activity_category,3,R047,46,10.1039/c9nj05955e,catalase,Kcat (s⁻¹),6.76e-05,8.305272801002767,-4.170053304058364,0.9193539021726468,5.0894072062310105,5.0894072062310105,122859.06510359122
publication_grouped_cv,A1_physics_plus_activity_category,3,R047,46,10.1039/c9nj05955e,catalase,Vmax (nM s⁻¹),31.3,164.56435603475177,1.4955443375464486,2.216335774656632,0.7207914371101836,0.7207914371101836,5.257647157659801
publication_grouped_cv,A1_physics_plus_activity_category,3,R048,47,10.1038/s41929-021-00609-x,catalase,Km (mM),1110.0,34.10481488852948,3.0453229787866576,1.5328156966436408,-1.5125072821430168,1.5125072821430168,0.03072505845813467
publication_grouped_cv,A1_physics_plus_activity_category,3,R048,47,10.1038/s41929-021-00609-x,catalase,Kcat (s⁻¹),3.68,3334.794182226179,0.5658478186735176,3.5230690351695837,2.957221216496066,2.957221216496066,906.1940712571138
publication_grouped_cv,A1_physics_plus_activity_category,3,R048,47,10.1038/s41929-021-00609-x,catalase,Vmax (nM s⁻¹),593.0,965.1460854115935,2.7730546933642626,2.984593053536975,0.21153836017271255,0.21153836017271255,1.6275650681477125
publication_grouped_cv,A1_physics_plus_activity_category,3,R056,55,10.1016/j.apcatb.2020.118725,catalase,Km (mM),0.27,11.754185195144201,-0.5686362358410126,1.0701925290358234,1.638828764876836,1.638828764876836,43.53401924127481
publication_grouped_cv,A1_physics_plus_activity_category,3,R056,55,10.1016/j.apcatb.2020.118725,catalase,Kcat (s⁻¹),440.0,1016.4928043064568,2.6434526764861874,3.007104308639517,0.36365163215332963,0.36365163215332963,2.310210918878311
publication_grouped_cv,A1_physics_plus_activity_category,3,R056,55,10.1016/j.apcatb.2020.118725,catalase,Vmax (nM s⁻¹),1500.0,769.2385632244103,3.1760912590556813,2.88606104802583,-0.29003021102985116,0.29003021102985116,0.5128257088162735
publication_grouped_cv,A1_physics_plus_activity_category,3,R057,56,10.1021/acsami.8b20942,peroxidase,Km (mM),840.0,0.5421859532353981,2.9242792860618816,-0.26585173815977237,-3.190131024221654,3.190131024221654,0.0006454594681373787
publication_grouped_cv,A1_physics_plus_activity_category,3,R057,56,10.1021/acsami.8b20942,peroxidase,Kcat (s⁻¹),3.9,193.82637900097592,0.5910646070264992,2.2874128824926165,1.6963482754661174,1.6963482754661174,49.69907153871178
publication_grouped_cv,A1_physics_plus_activity_category,3,R057,56,10.1021/acsami.8b20942,peroxidase,Vmax (nM s⁻¹),183.0,127.20040697693116,2.2624510897304293,2.1044885008371805,-0.15796258889324877,0.15796258889324877,0.6950841911307714
publication_grouped_cv,A1_physics_plus_activity_category,3,R064,63,10.1038/s41929-021-00609-x,peroxidase,Km (mM),0.0349,0.6805296804609391,-1.45717457304082,-0.16715292883050678,1.2900216442103134,1.2900216442103134,19.499417778250404
publication_grouped_cv,A1_physics_plus_activity_category,3,R064,63,10.1038/s41929-021-00609-x,peroxidase,Kcat (s⁻¹),0.0797,17.73152534994729,-1.0985416786038877,1.2487460972800306,2.3472877758839186,2.3472877758839186,222.47836072706764
publication_grouped_cv,A1_physics_plus_activity_category,3,R064,63,10.1038/s41929-021-00609-x,peroxidase,Vmax (nM s⁻¹),557.0,161.33091986170342,2.745855195173729,2.2077176100326974,-0.5381375851410315,0.5381375851410315,0.2896425850299882
publication_grouped_cv,A1_physics_plus_activity_category,3,R066,65,10.1038/srep35344,catalase,Km (mM),153.6,20.494020066879077,2.186391215695493,1.311627157113533,-0.87476405858196,0.87476405858196,0.13342460981041065
publication_grouped_cv,A1_physics_plus_activity_category,3,R066,65,10.1038/srep35344,catalase,Kcat (s⁻¹),0.000840192,1180.7623330476886,-3.075621457971076,3.0721624904728184,6.1477839484438945,6.1477839484438945,1405348.2216537273
publication_grouped_cv,A1_physics_plus_activity_category,3,R066,65,10.1038/srep35344,catalase,Vmax (nM s⁻¹),122.0,108.49947247585087,2.0863598306747484,2.0354276266510554,-0.05093220402369303,0.05093220402369303,0.8893399383266465
publication_grouped_cv,A1_physics_plus_activity_category,3,R077,76,10.1039/c9nj05955e,peroxidase,Km (mM),0.12,0.28284225310734007,-0.9208187539523752,-0.5484557118459996,0.3723630421063756,0.3723630421063756,2.3570187758945007
publication_grouped_cv,A1_physics_plus_activity_category,3,R077,76,10.1039/c9nj05955e,peroxidase,Kcat (s⁻¹),70.6,0.2990052079147669,1.8488047010518038,-0.524321247297817,-2.373125948349621,2.373125948349621,0.004235201245251657
publication_grouped_cv,A1_physics_plus_activity_category,3,R077,76,10.1039/c9nj05955e,peroxidase,Vmax (nM s⁻¹),35.0,124.82854213201452,1.5440680443502757,2.096313898432832,0.5522458540825563,0.5522458540825563,3.566529775200415
publication_grouped_cv,A1_physics_plus_activity_category,3,R080,79,10.1038/s41929-021-00609-x,peroxidase,Km (mM),0.00101,0.6805296804609391,-2.9956786262173574,-0.16715292883050678,2.8285256973868504,2.8285256973868504,673.7917628326129
publication_grouped_cv,A1_physics_plus_activity_category,3,R080,79,10.1038/s41929-021-00609-x,peroxidase,Kcat (s⁻¹),1.97,17.73152534994729,0.2944662261615929,1.2487460972800306,0.9542798711184377,0.9542798711184377,9.000774289313345
publication_grouped_cv,A1_physics_plus_activity_category,3,R080,79,10.1038/s41929-021-00609-x,peroxidase,Vmax (nM s⁻¹),360.0,161.33091986170342,2.5563025007672873,2.2077176100326974,-0.34858489073458987,0.34858489073458987,0.4481414440602873
publication_grouped_cv,A1_physics_plus_activity_category,3,R082,81,10.1038/s41929-021-00609-x,catalase,Km (mM),6.49,34.10481488852948,0.8122446968003693,1.5328156966436408,0.7205709998432716,0.7205709998432716,5.254979181591599
publication_grouped_cv,A1_physics_plus_activity_category,3,R082,81,10.1038/s41929-021-00609-x,catalase,Kcat (s⁻¹),4.75,3334.794182226179,0.6766936096248666,3.5230690351695837,2.846375425544717,2.846375425544717,702.0619331002482
publication_grouped_cv,A1_physics_plus_activity_category,3,R082,81,10.1038/s41929-021-00609-x,catalase,Vmax (nM s⁻¹),325.0,965.1460854115935,2.5118833609788744,2.984593053536975,0.4727096925581007,0.4727096925581007,2.969680262804903
publication_grouped_cv,A2_physics_plus_arrhenius,3,R013,12,10.1016/j.apcatb.2020.118725,peroxidase,Km (mM),0.0906,1.0940618364021308,-1.0428718023231869,0.03904186902600736,1.0819136713491941,1.0819136713491941,12.07573770863279
publication_grouped_cv,A2_physics_plus_arrhenius,3,R013,12,10.1016/j.apcatb.2020.118725,peroxidase,Kcat (s⁻¹),500.0,480.27840725497276,2.6989700043360187,2.6814930617153427,-0.017476942620676006,0.017476942620676006,0.9605568145099456
publication_grouped_cv,A2_physics_plus_arrhenius,3,R013,12,10.1016/j.apcatb.2020.118725,peroxidase,Vmax (nM s⁻¹),1700.0,332.79942292588095,3.230448921378274,2.5221825645528124,-0.7082663568254617,0.7082663568254617,0.1957643664269888
publication_grouped_cv,A2_physics_plus_arrhenius,3,R015,14,10.1039/c9nj05955e,catalase,Km (mM),2.97,11.667391762200245,0.4727564493172124,1.0669737806480692,0.5942173313308569,0.5942173313308569,3.9284147347475566
publication_grouped_cv,A2_physics_plus_arrhenius,3,R015,14,10.1039/c9nj05955e,catalase,Kcat (s⁻¹),0.000166,4771.299604837194,-3.779891911959945,3.6786366881251054,7.45852860008505,7.45852860008505,28742768.70383852
publication_grouped_cv,A2_physics_plus_arrhenius,3,R015,14,10.1039/c9nj05955e,catalase,Vmax (nM s⁻¹),76.7,59.459037754293114,1.884795363948981,1.7742178765913843,-0.11057748735759665,0.11057748735759665,0.7752156160924787
publication_grouped_cv,A2_physics_plus_arrhenius,3,R022,21,10.1038/s41929-021-00609-x,peroxidase,Km (mM),5.55,1.4481135134472334,0.7442929831226762,0.16080260628898055,-0.5834903768336956,0.5834903768336956,0.2609213537742763
publication_grouped_cv,A2_physics_plus_arrhenius,3,R022,21,10.1038/s41929-021-00609-x,peroxidase,Kcat (s⁻¹),1062.0,13.172703475414746,3.0261245167454502,1.11967491573352,-1.9064496010119303,1.9064496010119303,0.012403675588902775
publication_grouped_cv,A2_physics_plus_arrhenius,3,R022,21,10.1038/s41929-021-00609-x,peroxidase,Vmax (nM s⁻¹),1062.0,1104.1090645945865,3.0261245167454502,3.043011975396888,0.016887458651437814,0.016887458651437814,1.0396507199572378
publication_grouped_cv,A2_physics_plus_arrhenius,3,R028,27,10.1039/c9nj05955e,peroxidase,Km (mM),0.3,1.5389950378279598,-0.5228787452803376,0.18723721954076425,0.7101159648211018,0.7101159648211018,5.1299834594265326
publication_grouped_cv,A2_physics_plus_arrhenius,3,R028,27,10.1039/c9nj05955e,peroxidase,Kcat (s⁻¹),0.000183,724.9122207095814,-3.7375489102695707,2.860285421233818,6.597834331503389,6.597834331503389,3961268.965626128
publication_grouped_cv,A2_physics_plus_arrhenius,3,R028,27,10.1039/c9nj05955e,peroxidase,Vmax (nM s⁻¹),84.3,79.6804247855031,1.9258275746247424,1.9013516406956152,-0.02447593392912717,0.02447593392912717,0.9452007685113062
publication_grouped_cv,A2_physics_plus_arrhenius,3,R029,28,10.1038/s41929-021-00609-x,peroxidase,Km (mM),5.55,1.4481135134472334,0.7442929831226762,0.16080260628898055,-0.5834903768336956,0.5834903768336956,0.2609213537742763
publication_grouped_cv,A2_physics_plus_arrhenius,3,R029,28,10.1038/s41929-021-00609-x,peroxidase,Kcat (s⁻¹),1062.0,13.172703475414746,3.0261245167454502,1.11967491573352,-1.9064496010119303,1.9064496010119303,0.012403675588902775
publication_grouped_cv,A2_physics_plus_arrhenius,3,R029,28,10.1038/s41929-021-00609-x,peroxidase,Vmax (nM s⁻¹),1062.0,1104.1090645945865,3.0261245167454502,3.043011975396888,0.016887458651437814,0.016887458651437814,1.0396507199572378
publication_grouped_cv,A2_physics_plus_arrhenius,3,R035,34,10.1039/c9nj05955e,peroxidase,Km (mM),0.3,1.5389950378279598,-0.5228787452803376,0.18723721954076425,0.7101159648211018,0.7101159648211018,5.1299834594265326
publication_grouped_cv,A2_physics_plus_arrhenius,3,R035,34,10.1039/c9nj05955e,peroxidase,Kcat (s⁻¹),0.000183,724.9122207095814,-3.7375489102695707,2.860285421233818,6.597834331503389,6.597834331503389,3961268.965626128
publication_grouped_cv,A2_physics_plus_arrhenius,3,R035,34,10.1039/c9nj05955e,peroxidase,Vmax (nM s⁻¹),84.3,79.6804247855031,1.9258275746247424,1.9013516406956152,-0.02447593392912717,0.02447593392912717,0.9452007685113062
publication_grouped_cv,A2_physics_plus_arrhenius,3,R039,38,10.1038/srep35344,peroxidase,Km (mM),0.24,0.857129233505353,-0.619788758288394,-0.0669536924678278,0.5528350658205662,0.5528350658205662,3.571371806272304
publication_grouped_cv,A2_physics_plus_arrhenius,3,R039,38,10.1038/srep35344,peroxidase,Kcat (s⁻¹),2.64e-05,248.37093019183786,-4.578396073130169,2.3951007638231228,6.9734968369532915,6.9734968369532915,9407989.779993858
publication_grouped_cv,A2_physics_plus_arrhenius,3,R039,38,10.1038/srep35344,peroxidase,Vmax (nM s⁻¹),4.0,174.37922723832423,0.6020599913279624,2.2414947487554535,1.639434757427491,1.639434757427491,43.59480680958106
publication_grouped_cv,A2_physics_plus_arrhenius,3,R046,45,10.1038/srep35344,peroxidase,Km (mM),0.217,1.977279738527177,-0.6635402661514705,0.2960681161039677,0.9596083822554382,0.9596083822554382,9.111888195977775
publication_grouped_cv,A2_physics_plus_arrhenius,3,R046,45,10.1038/srep35344,peroxidase,Kcat (s⁻¹),0.0005642,207.31844036271528,-3.2485669181806527,2.3166379330229137,5.565204851203566,5.565204851203566,367455.58376943506
publication_grouped_cv,A2_physics_plus_arrhenius,3,R046,45,10.1038/srep35344,peroxidase,Vmax (nM s⁻¹),82.0,72.33857318673239,1.9138138523837167,1.859369938442191,-0.05444391394152581,0.05444391394152581,0.8821777217894193
publication_grouped_cv,A2_physics_plus_arrhenius,3,R047,46,10.1039/c9nj05955e,catalase,Km (mM),0.62,1.2581261906261358,-0.20760831050174613,0.09972420322696014,0.3073325137287063,0.3073325137287063,2.0292357913324772
publication_grouped_cv,A2_physics_plus_arrhenius,3,R047,46,10.1039/c9nj05955e,catalase,Kcat (s⁻¹),6.76e-05,0.059125480484472345,-4.170053304058364,-1.2282253169364645,2.941827987121899,2.941827987121899,874.6372852732595
publication_grouped_cv,A2_physics_plus_arrhenius,3,R047,46,10.1039/c9nj05955e,catalase,Vmax (nM s⁻¹),31.3,8866.369160001268,1.4955443375464486,3.947745809617705,2.4522014720712564,2.4522014720712564,283.2705801917338
publication_grouped_cv,A2_physics_plus_arrhenius,3,R048,47,10.1038/s41929-021-00609-x,catalase,Km (mM),1110.0,13.644080612353019,3.0453229787866576,1.1349442766542006,-1.910378702132457,1.910378702132457,0.012291964515633351
publication_grouped_cv,A2_physics_plus_arrhenius,3,R048,47,10.1038/s41929-021-00609-x,catalase,Kcat (s⁻¹),3.68,305.7905198781846,0.5658478186735176,2.485424017281626,1.9195761986081084,1.9195761986081084,83.095249966898
publication_grouped_cv,A2_physics_plus_arrhenius,3,R048,47,10.1038/s41929-021-00609-x,catalase,Vmax (nM s⁻¹),593.0,699.2900918875771,2.7730546933642626,2.8446573748453647,0.07160268148110216,0.07160268148110216,1.1792413016653913
publication_grouped_cv,A2_physics_plus_arrhenius,3,R056,55,10.1016/j.apcatb.2020.118725,catalase,Km (mM),0.27,6.871870080537333,-0.5686362358410126,0.8370749401364725,1.4057111759774852,1.4057111759774852,25.451370668656786
publication_grouped_cv,A2_physics_plus_arrhenius,3,R056,55,10.1016/j.apcatb.2020.118725,catalase,Kcat (s⁻¹),440.0,811.2655731140749,2.6434526764861874,2.909163046637509,0.2657103701513215,0.2657103701513215,1.8437853934410793
publication_grouped_cv,A2_physics_plus_arrhenius,3,R056,55,10.1016/j.apcatb.2020.118725,catalase,Vmax (nM s⁻¹),1500.0,422.68601966200083,3.1760912590556813,2.626017883778733,-0.5500733752769484,0.5500733752769484,0.2817906797746672
publication_grouped_cv,A2_physics_plus_arrhenius,3,R057,56,10.1021/acsami.8b20942,peroxidase,Km (mM),840.0,1.5389950378279598,2.9242792860618816,0.18723721954076425,-2.7370420665211173,2.7370420665211173,0.0018321369497951902
publication_grouped_cv,A2_physics_plus_arrhenius,3,R057,56,10.1021/acsami.8b20942,peroxidase,Kcat (s⁻¹),3.9,724.9122207095814,0.5910646070264992,2.860285421233818,2.2692208142073187,2.2692208142073187,185.87492838707217
publication_grouped_cv,A2_physics_plus_arrhenius,3,R057,56,10.1021/acsami.8b20942,peroxidase,Vmax (nM s⁻¹),183.0,79.6804247855031,2.2624510897304293,1.9013516406956152,-0.36109944903481406,0.36109944903481406,0.43541215729783117
publication_grouped_cv,A2_physics_plus_arrhenius,3,R064,63,10.1038/s41929-021-00609-x,peroxidase,Km (mM),0.0349,2.051968555711295,-1.45717457304082,0.31217070137851943,1.7693452744193396,1.7693452744193396,58.79566062210015
publication_grouped_cv,A2_physics_plus_arrhenius,3,R064,63,10.1038/s41929-021-00609-x,peroxidase,Kcat (s⁻¹),0.0797,30.59324637387967,-1.0985416786038877,1.4856255641849179,2.584167242788806,2.584167242788806,383.8550360587161
publication_grouped_cv,A2_physics_plus_arrhenius,3,R064,63,10.1038/s41929-021-00609-x,peroxidase,Vmax (nM s⁻¹),557.0,181.1277790344363,2.745855195173729,2.25798506188882,-0.4878701332849089,0.4878701332849089,0.3251845225034763
publication_grouped_cv,A2_physics_plus_arrhenius,3,R066,65,10.1038/srep35344,catalase,Km (mM),153.6,12.041441503831084,2.186391215695493,1.0806784802512026,-1.1057127354442904,1.1057127354442904,0.07839480145723363
publication_grouped_cv,A2_physics_plus_arrhenius,3,R066,65,10.1038/srep35344,catalase,Kcat (s⁻¹),0.000840192,465.44485571620237,-3.075621457971076,2.6678682346690383,5.743489692640114,5.743489692640114,553974.3959906811
publication_grouped_cv,A2_physics_plus_arrhenius,3,R066,65,10.1038/srep35344,catalase,Vmax (nM s⁻¹),122.0,67.89630577812555,2.0863598306747484,1.831846145063695,-0.2545136856110535,0.2545136856110535,0.5565270965420127
publication_grouped_cv,A2_physics_plus_arrhenius,3,R077,76,10.1039/c9nj05955e,peroxidase,Km (mM),0.12,0.5838041113894423,-0.9208187539523752,-0.23373285085629422,0.687085903096081,0.687085903096081,4.865034261578686
publication_grouped_cv,A2_physics_plus_arrhenius,3,R077,76,10.1039/c9nj05955e,peroxidase,Kcat (s⁻¹),70.6,0.07215466938199579,1.8488047010518038,-1.141735558940308,-2.9905402599921116,2.9905402599921116,0.0010220208127761444
publication_grouped_cv,A2_physics_plus_arrhenius,3,R077,76,10.1039/c9nj05955e,peroxidase,Vmax (nM s⁻¹),35.0,1827.9283338318114,1.5440680443502757,3.2619591646847343,1.7178911203344587,1.7178911203344587,52.22652382376604
publication_grouped_cv,A2_physics_plus_arrhenius,3,R080,79,10.1038/s41929-021-00609-x,peroxidase,Km (mM),0.00101,2.051968555711295,-2.9956786262173574,0.31217070137851943,3.3078493275958767,3.3078493275958767,2031.652035357718
publication_grouped_cv,A2_physics_plus_arrhenius,3,R080,79,10.1038/s41929-021-00609-x,peroxidase,Kcat (s⁻¹),1.97,30.59324637387967,0.2944662261615929,1.4856255641849179,1.191159338023325,1.191159338023325,15.529566687248563
publication_grouped_cv,A2_physics_plus_arrhenius,3,R080,79,10.1038/s41929-021-00609-x,peroxidase,Vmax (nM s⁻¹),360.0,181.1277790344363,2.5563025007672873,2.25798506188882,-0.2983174388784673,0.2983174388784673,0.5031327195401007
publication_grouped_cv,A2_physics_plus_arrhenius,3,R082,81,10.1038/s41929-021-00609-x,catalase,Km (mM),6.49,13.644080612353019,0.8122446968003693,1.1349442766542006,0.32269957985383135,0.32269957985383135,2.10232366908367
publication_grouped_cv,A2_physics_plus_arrhenius,3,R082,81,10.1038/s41929-021-00609-x,catalase,Kcat (s⁻¹),4.75,305.7905198781846,0.6766936096248666,2.485424017281626,1.8087304076567594,1.8087304076567594,64.37695155330202
publication_grouped_cv,A2_physics_plus_arrhenius,3,R082,81,10.1038/s41929-021-00609-x,catalase,Vmax (nM s⁻¹),325.0,699.2900918875771,2.5118833609788744,2.8446573748453647,0.3327740138664903,0.3327740138664903,2.151661821192545
publication_grouped_cv,A3_physics_plus_activity_and_arrhenius,3,R013,12,10.1016/j.apcatb.2020.118725,peroxidase,Km (mM),0.0906,0.49349384544515545,-1.0428718023231869,-0.3067182592169885,0.7361535431061984,0.7361535431061984,5.446951936480745
publication_grouped_cv,A3_physics_plus_activity_and_arrhenius,3,R013,12,10.1016/j.apcatb.2020.118725,peroxidase,Kcat (s⁻¹),500.0,350.36145838575516,2.6989700043360187,2.544516325432649,-0.1544536789033697,0.1544536789033697,0.7007229167715103
publication_grouped_cv,A3_physics_plus_activity_and_arrhenius,3,R013,12,10.1016/j.apcatb.2020.118725,peroxidase,Vmax (nM s⁻¹),1700.0,308.3744967237823,3.230448921378274,2.4890784537170463,-0.7413704676612278,0.7413704676612278,0.18139676277869546
publication_grouped_cv,A3_physics_plus_activity_and_arrhenius,3,R015,14,10.1039/c9nj05955e,catalase,Km (mM),2.97,22.455556986075006,0.4727564493172124,1.3513238317424816,0.8785673824252692,0.8785673824252692,7.560793598005052
publication_grouped_cv,A3_physics_plus_activity_and_arrhenius,3,R015,14,10.1039/c9nj05955e,catalase,Kcat (s⁻¹),0.000166,9667.10967415638,-3.779891911959945,3.9852966457275456,7.765188557687491,7.765188557687491,58235600.44672518
publication_grouped_cv,A3_physics_plus_activity_and_arrhenius,3,R015,14,10.1039/c9nj05955e,catalase,Vmax (nM s⁻¹),76.7,67.25306500244407,1.884795363948981,1.827712081734904,-0.05708328221407699,0.05708328221407699,0.8768326597450335
publication_grouped_cv,A3_physics_plus_activity_and_arrhenius,3,R022,21,10.1038/s41929-021-00609-x,peroxidase,Km (mM),5.55,0.43805825095498074,0.7442929831226762,-0.358468135189441,-1.102761118312117,1.102761118312117,0.07892941458648302
publication_grouped_cv,A3_physics_plus_activity_and_arrhenius,3,R022,21,10.1038/s41929-021-00609-x,peroxidase,Kcat (s⁻¹),1062.0,18.562152648727004,3.0261245167454502,1.268628339838253,-1.7574961769071973,1.7574961769071973,0.017478486486560266
publication_grouped_cv,A3_physics_plus_activity_and_arrhenius,3,R022,21,10.1038/s41929-021-00609-x,peroxidase,Vmax (nM s⁻¹),1062.0,327.54548096936844,3.0261245167454502,2.515271611999968,-0.5108529047454824,0.5108529047454824,0.30842324008415106
publication_grouped_cv,A3_physics_plus_activity_and_arrhenius,3,R028,27,10.1039/c9nj05955e,peroxidase,Km (mM),0.3,0.47783347239501606,-0.5228787452803376,-0.3207234310464106,0.20215531423392702,0.20215531423392702,1.5927782413167202
publication_grouped_cv,A3_physics_plus_activity_and_arrhenius,3,R028,27,10.1039/c9nj05955e,peroxidase,Kcat (s⁻¹),0.000183,228.34176932046344,-3.7375489102695707,2.3585853618894737,6.096134272159045,6.096134272159045,1247769.231259363
publication_grouped_cv,A3_physics_plus_activity_and_arrhenius,3,R028,27,10.1039/c9nj05955e,peroxidase,Vmax (nM s⁻¹),84.3,123.74563008636524,1.9258275746247424,2.092529871339851,0.1667022967151084,0.1667022967151084,1.4679196926021973
publication_grouped_cv,A3_physics_plus_activity_and_arrhenius,3,R029,28,10.1038/s41929-021-00609-x,peroxidase,Km (mM),5.55,0.43805825095498074,0.7442929831226762,-0.358468135189441,-1.102761118312117,1.102761118312117,0.07892941458648302
publication_grouped_cv,A3_physics_plus_activity_and_arrhenius,3,R029,28,10.1038/s41929-021-00609-x,peroxidase,Kcat (s⁻¹),1062.0,18.562152648727004,3.0261245167454502,1.268628339838253,-1.7574961769071973,1.7574961769071973,0.017478486486560266
publication_grouped_cv,A3_physics_plus_activity_and_arrhenius,3,R029,28,10.1038/s41929-021-00609-x,peroxidase,Vmax (nM s⁻¹),1062.0,327.54548096936844,3.0261245167454502,2.515271611999968,-0.5108529047454824,0.5108529047454824,0.30842324008415106
publication_grouped_cv,A3_physics_plus_activity_and_arrhenius,3,R035,34,10.1039/c9nj05955e,peroxidase,Km (mM),0.3,0.47783347239501606,-0.5228787452803376,-0.3207234310464106,0.20215531423392702,0.20215531423392702,1.5927782413167202
publication_grouped_cv,A3_physics_plus_activity_and_arrhenius,3,R035,34,10.1039/c9nj05955e,peroxidase,Kcat (s⁻¹),0.000183,228.34176932046344,-3.7375489102695707,2.3585853618894737,6.096134272159045,6.096134272159045,1247769.231259363
publication_grouped_cv,A3_physics_plus_activity_and_arrhenius,3,R035,34,10.1039/c9nj05955e,peroxidase,Vmax (nM s⁻¹),84.3,123.74563008636524,1.9258275746247424,2.092529871339851,0.1667022967151084,0.1667022967151084,1.4679196926021973
publication_grouped_cv,A3_physics_plus_activity_and_arrhenius,3,R039,38,10.1038/srep35344,peroxidase,Km (mM),0.24,0.4748794059193669,-0.619788758288394,-0.3234166640450839,0.29637209424331007,0.29637209424331007,1.9786641913306955
publication_grouped_cv,A3_physics_plus_activity_and_arrhenius,3,R039,38,10.1038/srep35344,peroxidase,Kcat (s⁻¹),2.64e-05,172.30884981815552,-4.578396073130169,2.2363075834752455,6.814703656605415,6.814703656605415,6526850.37189983
publication_grouped_cv,A3_physics_plus_activity_and_arrhenius,3,R039,38,10.1038/srep35344,peroxidase,Vmax (nM s⁻¹),4.0,171.81615676046104,0.6020599913279624,2.235064000368278,1.6330040090403153,1.6330040090403153,42.95403919011526
publication_grouped_cv,A3_physics_plus_activity_and_arrhenius,3,R046,45,10.1038/srep35344,peroxidase,Km (mM),0.217,0.6138737958726441,-0.6635402661514705,-0.21192090473796799,0.45161936141350256,0.45161936141350256,2.828911501717254
publication_grouped_cv,A3_physics_plus_activity_and_arrhenius,3,R046,45,10.1038/srep35344,peroxidase,Kcat (s⁻¹),0.0005642,93.52870149982604,-3.2485669181806527,1.9709449048856258,5.219511823066279,5.219511823066279,165772.24654347045
publication_grouped_cv,A3_physics_plus_activity_and_arrhenius,3,R046,45,10.1038/srep35344,peroxidase,Vmax (nM s⁻¹),82.0,96.61788688260008,1.9138138523837167,1.9850575348555108,0.07124368247179413,0.07124368247179413,1.17826691320244
publication_grouped_cv,A3_physics_plus_activity_and_arrhenius,3,R047,46,10.1039/c9nj05955e,catalase,Km (mM),0.62,0.400554310812888,-0.20760831050174613,-0.39733858997372634,-0.1897302794719802,0.1897302794719802,0.6460553400207871
publication_grouped_cv,A3_physics_plus_activity_and_arrhenius,3,R047,46,10.1039/c9nj05955e,catalase,Kcat (s⁻¹),6.76e-05,16.105566201648372,-4.170053304058364,1.206975997328894,5.377029301387258,5.377029301387258,238248.02073444336
publication_grouped_cv,A3_physics_plus_activity_and_arrhenius,3,R047,46,10.1039/c9nj05955e,catalase,Vmax (nM s⁻¹),31.3,149.65993903746607,1.4955443375464486,2.17510556398138,0.6795612264349316,0.6795612264349316,4.78146770087751
publication_grouped_cv,A3_physics_plus_activity_and_arrhenius,3,R048,47,10.1038/s41929-021-00609-x,catalase,Km (mM),1110.0,35.98057608893366,3.0453229787866576,1.5560681126015847,-1.4892548661850729,1.4892548661850729,0.03241493341345375
publication_grouped_cv,A3_physics_plus_activity_and_arrhenius,3,R048,47,10.1038/s41929-021-00609-x,catalase,Kcat (s⁻¹),3.68,1956.9055658826508,0.5658478186735176,3.291569868475777,2.7257220498022594,2.7257220498022594,531.7678168159376
publication_grouped_cv,A3_physics_plus_activity_and_arrhenius,3,R048,47,10.1038/s41929-021-00609-x,catalase,Vmax (nM s⁻¹),593.0,1207.3788429490212,2.7730546933642626,3.0818435613874247,0.3087888680231621,0.3087888680231621,2.0360520117184167
publication_grouped_cv,A3_physics_plus_activity_and_arrhenius,3,R056,55,10.1016/j.apcatb.2020.118725,catalase,Km (mM),0.27,15.15735340698137,-0.5686362358410126,1.1806233766861933,1.749259612527206,1.749259612527206,56.138345951782846
publication_grouped_cv,A3_physics_plus_activity_and_arrhenius,3,R056,55,10.1016/j.apcatb.2020.118725,catalase,Kcat (s⁻¹),440.0,969.524932446683,2.6434526764861874,2.9865589819395164,0.343106305453329,0.343106305453329,2.2034657555606434
publication_grouped_cv,A3_physics_plus_activity_and_arrhenius,3,R056,55,10.1016/j.apcatb.2020.118725,catalase,Vmax (nM s⁻¹),1500.0,500.2073491601665,3.1760912590556813,2.699150068194684,-0.4769411908609973,0.4769411908609973,0.33347156610677764
publication_grouped_cv,A3_physics_plus_activity_and_arrhenius,3,R057,56,10.1021/acsami.8b20942,peroxidase,Km (mM),840.0,0.47783347239501606,2.9242792860618816,-0.3207234310464106,-3.2450027171082922,3.2450027171082922,0.0005688493718988286
publication_grouped_cv,A3_physics_plus_activity_and_arrhenius,3,R057,56,10.1021/acsami.8b20942,peroxidase,Kcat (s⁻¹),3.9,228.34176932046344,0.5910646070264992,2.3585853618894737,1.7675207548629746,1.7675207548629746,58.549171620631654
publication_grouped_cv,A3_physics_plus_activity_and_arrhenius,3,R057,56,10.1021/acsami.8b20942,peroxidase,Vmax (nM s⁻¹),183.0,123.74563008636524,2.2624510897304293,2.092529871339851,-0.1699212183905785,0.1699212183905785,0.6762056288872418
publication_grouped_cv,A3_physics_plus_activity_and_arrhenius,3,R064,63,10.1038/s41929-021-00609-x,peroxidase,Km (mM),0.0349,0.514247671318178,-1.45717457304082,-0.28882766625638906,1.168346906784431,1.168346906784431,14.734890295649798
publication_grouped_cv,A3_physics_plus_activity_and_arrhenius,3,R064,63,10.1038/s41929-021-00609-x,peroxidase,Kcat (s⁻¹),0.0797,21.743232644861344,-1.0985416786038877,1.3373241126783875,2.435865791282275,2.435865791282275,272.8134585302553
publication_grouped_cv,A3_physics_plus_activity_and_arrhenius,3,R064,63,10.1038/s41929-021-00609-x,peroxidase,Vmax (nM s⁻¹),557.0,136.79567858419753,2.745855195173729,2.136072378110117,-0.6097828170636119,0.6097828170636119,0.24559367788904404
publication_grouped_cv,A3_physics_plus_activity_and_arrhenius,3,R066,65,10.1038/srep35344,catalase,Km (mM),153.6,25.966463392469922,2.186391215695493,1.4144128031631393,-0.7719784125323537,0.7719784125323537,0.16905249604472605
publication_grouped_cv,A3_physics_plus_activity_and_arrhenius,3,R066,65,10.1038/srep35344,catalase,Kcat (s⁻¹),0.000840192,1377.425955054694,-3.075621457971076,3.1390682622058783,6.214689720176954,6.214689720176954,1639418.0795040824
publication_grouped_cv,A3_physics_plus_activity_and_arrhenius,3,R066,65,10.1038/srep35344,catalase,Vmax (nM s⁻¹),122.0,103.0564771803426,2.0863598306747484,2.0130752927215343,-0.0732845379532141,0.0732845379532141,0.8447252227896934
publication_grouped_cv,A3_physics_plus_activity_and_arrhenius,3,R077,76,10.1039/c9nj05955e,peroxidase,Km (mM),0.12,0.24502567660376792,-0.9208187539523752,-0.610788402888389,0.31003035106398624,0.31003035106398624,2.0418806383647325
publication_grouped_cv,A3_physics_plus_activity_and_arrhenius,3,R077,76,10.1039/c9nj05955e,peroxidase,Kcat (s⁻¹),70.6,0.30258615938237177,1.8488047010518038,-0.5191509409570244,-2.367955642008828,2.367955642008828,0.0042859229374273625
publication_grouped_cv,A3_physics_plus_activity_and_arrhenius,3,R077,76,10.1039/c9nj05955e,peroxidase,Vmax (nM s⁻¹),35.0,83.57497641246302,1.5440680443502757,1.9220762626928012,0.3780082183425255,0.3780082183425255,2.387856468927515
publication_grouped_cv,A3_physics_plus_activity_and_arrhenius,3,R080,79,10.1038/s41929-021-00609-x,peroxidase,Km (mM),0.00101,0.514247671318178,-2.9956786262173574,-0.28882766625638906,2.7068509599609683,2.7068509599609683,509.15611021601774
publication_grouped_cv,A3_physics_plus_activity_and_arrhenius,3,R080,79,10.1038/s41929-021-00609-x,peroxidase,Kcat (s⁻¹),1.97,21.743232644861344,0.2944662261615929,1.3373241126783875,1.0428578865167946,1.0428578865167946,11.037173931401698
publication_grouped_cv,A3_physics_plus_activity_and_arrhenius,3,R080,79,10.1038/s41929-021-00609-x,peroxidase,Vmax (nM s⁻¹),360.0,136.79567858419753,2.5563025007672873,2.136072378110117,-0.4202301226571703,0.4202301226571703,0.37998799606721534
publication_grouped_cv,A3_physics_plus_activity_and_arrhenius,3,R082,81,10.1038/s41929-021-00609-x,catalase,Km (mM),6.49,35.98057608893366,0.8122446968003693,1.5560681126015847,0.7438234158012155,0.7438234158012155,5.544002479034462
publication_grouped_cv,A3_physics_plus_activity_and_arrhenius,3,R082,81,10.1038/s41929-021-00609-x,catalase,Kcat (s⁻¹),4.75,1956.9055658826508,0.6766936096248666,3.291569868475777,2.6148762588509102,2.6148762588509102,411.98011913318965
publication_grouped_cv,A3_physics_plus_activity_and_arrhenius,3,R082,81,10.1038/s41929-021-00609-x,catalase,Vmax (nM s⁻¹),325.0,1207.3788429490212,2.5118833609788744,3.0818435613874247,0.5699602004085502,0.5699602004085502,3.715011824458527
publication_grouped_cv,M1_raw_independent,4,R010,9,10.1038/nnano.2007.260,peroxidase,Km (mM),0.098,1.723649429614825,-1.0087739243075051,0.2364489399888239,1.245222864296329,1.245222864296329,17.58825948586556
publication_grouped_cv,M1_raw_independent,4,R010,9,10.1038/nnano.2007.260,peroxidase,Kcat (s⁻¹),30200.0,5.391471217395349,4.480006942957151,0.7317072910516346,-3.7482996519055165,3.7482996519055165,0.000178525536999846
publication_grouped_cv,M1_raw_independent,4,R010,9,10.1038/nnano.2007.260,peroxidase,Vmax (nM s⁻¹),34.4,324.5699706583461,1.5365584425715302,2.5113083362521884,0.9747498936806582,0.9747498936806582,9.435173565649597
publication_grouped_cv,M1_raw_independent,4,R014,13,10.1038/nnano.2007.260,catalase,Km (mM),154.0,1.723649429614825,2.187520720836463,0.2364489399888239,-1.9510717808476392,1.9510717808476392,0.01119252876373263
publication_grouped_cv,M1_raw_independent,4,R014,13,10.1038/nnano.2007.260,catalase,Kcat (s⁻¹),85800.0,5.391471217395349,4.933487287848705,0.7317072910516346,-4.201779996797071,4.201779996797071,6.283765987640267e-05
publication_grouped_cv,M1_raw_independent,4,R014,13,10.1038/nnano.2007.260,catalase,Vmax (nM s⁻¹),97.8,324.5699706583461,1.9903388547876015,2.5113083362521884,0.5209694814645869,0.5209694814645869,3.318711356424807
publication_grouped_cv,M1_raw_independent,4,R019,18,10.1016/j.jcis.2017.11.064,catalase,Km (mM),44.69,2.995920547931815,1.650210354660359,0.47653029165348687,-1.1736800630068722,1.1736800630068722,0.06703782832695938
publication_grouped_cv,M1_raw_independent,4,R019,18,10.1016/j.jcis.2017.11.064,catalase,Kcat (s⁻¹),15.25,5304.7355437742,1.1832698436828046,3.7246637379560457,2.541393894273241,2.541393894273241,347.85151106716063
publication_grouped_cv,M1_raw_independent,4,R019,18,10.1016/j.jcis.2017.11.064,catalase,Vmax (nM s⁻¹),22.3,4580.686091118744,1.3483048630481607,3.6609305311198796,2.312625668071719,2.312625668071719,205.41193233716342
publication_grouped_cv,M1_raw_independent,4,R021,20,10.1002/adfm.202007130,peroxidase,Km (mM),0.682,3.7336746223262463,-0.16621562534352105,0.572136467901916,0.738352093245437,0.738352093245437,5.474596220419715
publication_grouped_cv,M1_raw_independent,4,R021,20,10.1002/adfm.202007130,peroxidase,Kcat (s⁻¹),0.174,1907.2564214908116,-0.7594507517174003,3.2804090857843864,4.039859837501787,4.039859837501787,10961.243801671331
publication_grouped_cv,M1_raw_independent,4,R021,20,10.1002/adfm.202007130,peroxidase,Vmax (nM s⁻¹),177.0,1997.9595484671097,2.247973266361807,3.3005866910694626,1.0526134247076557,1.0526134247076557,11.287907053486496
publication_grouped_cv,M1_raw_independent,4,R023,22,10.1039/d0ta09247a,catalase,Km (mM),3.88,3.3946368306818773,0.5888317255942073,0.5307933188617675,-0.05803840673243976,0.05803840673243976,0.8749063996602777
publication_grouped_cv,M1_raw_independent,4,R023,22,10.1039/d0ta09247a,catalase,Kcat (s⁻¹),2350.0,28111.513637582728,3.3710678622717363,4.44888423040829,1.077816368136554,1.077816368136554,11.962346228758607
publication_grouped_cv,M1_raw_independent,4,R023,22,10.1039/d0ta09247a,catalase,Vmax (nM s⁻¹),565.0,453.8928490605274,2.7520484478194387,2.6569533406234016,-0.09509510719603709,0.09509510719603709,0.803350175328367
publication_grouped_cv,M1_raw_independent,4,R025,24,10.1021/acs.langmuir.7b01926,catalase,Km (mM),16.11,2.7979985662357594,1.207095540419218,0.44684748761254306,-0.7602480528066751,0.7602480528066751,0.17368085451494472
publication_grouped_cv,M1_raw_independent,4,R025,24,10.1021/acs.langmuir.7b01926,catalase,Kcat (s⁻¹),0.00046,2446.0400866319305,-3.337242168318426,3.388463570141145,6.725705738459571,6.725705738459571,5317478.449199849
publication_grouped_cv,M1_raw_independent,4,R025,24,10.1021/acs.langmuir.7b01926,catalase,Vmax (nM s⁻¹),91.0,14508.168303254874,1.9590413923210936,4.161612585008129,2.202571192687035,2.202571192687035,159.4304209148887
publication_grouped_cv,M1_raw_independent,4,R030,29,10.1039/d0ta09247a,catalase,Km (mM),3.88,3.3946368306818773,0.5888317255942073,0.5307933188617675,-0.05803840673243976,0.05803840673243976,0.8749063996602777
publication_grouped_cv,M1_raw_independent,4,R030,29,10.1039/d0ta09247a,catalase,Kcat (s⁻¹),2350.0,28111.513637582728,3.3710678622717363,4.44888423040829,1.077816368136554,1.077816368136554,11.962346228758607
publication_grouped_cv,M1_raw_independent,4,R030,29,10.1039/d0ta09247a,catalase,Vmax (nM s⁻¹),565.0,453.8928490605274,2.7520484478194387,2.6569533406234016,-0.09509510719603709,0.09509510719603709,0.803350175328367
publication_grouped_cv,M1_raw_independent,4,R032,31,10.1021/acs.langmuir.7b01926,catalase,Km (mM),16.11,2.7979985662357594,1.207095540419218,0.44684748761254306,-0.7602480528066751,0.7602480528066751,0.17368085451494472
publication_grouped_cv,M1_raw_independent,4,R032,31,10.1021/acs.langmuir.7b01926,catalase,Kcat (s⁻¹),0.00046,2446.0400866319305,-3.337242168318426,3.388463570141145,6.725705738459571,6.725705738459571,5317478.449199849
publication_grouped_cv,M1_raw_independent,4,R032,31,10.1021/acs.langmuir.7b01926,catalase,Vmax (nM s⁻¹),91.0,14508.168303254874,1.9590413923210936,4.161612585008129,2.202571192687035,2.202571192687035,159.4304209148887
publication_grouped_cv,M1_raw_independent,4,R043,42,10.1002/adfm.202007130,peroxidase,Km (mM),0.148,2.3494408240079863,-0.8297382846050426,0.3709645108058981,1.2007027954109408,1.2007027954109408,15.874600162216124
publication_grouped_cv,M1_raw_independent,4,R043,42,10.1002/adfm.202007130,peroxidase,Kcat (s⁻¹),0.708,6.005422897788144,-0.149966742310231,0.7785435955372538,0.9285103378474848,0.9285103378474848,8.482235731339186
publication_grouped_cv,M1_raw_independent,4,R043,42,10.1002/adfm.202007130,peroxidase,Vmax (nM s⁻¹),758.0,157.30283707544734,2.8796692056320534,2.1967365555228437,-0.6829326501092097,0.6829326501092097,0.20752353176180388
publication_grouped_cv,M1_raw_independent,4,R050,49,10.1038/nnano.2007.260,catalase,Km (mM),154.0,1.723649429614825,2.187520720836463,0.2364489399888239,-1.9510717808476392,1.9510717808476392,0.01119252876373263
publication_grouped_cv,M1_raw_independent,4,R050,49,10.1038/nnano.2007.260,catalase,Kcat (s⁻¹),85800.0,5.391471217395349,4.933487287848705,0.7317072910516346,-4.201779996797071,4.201779996797071,6.283765987640267e-05
publication_grouped_cv,M1_raw_independent,4,R050,49,10.1038/nnano.2007.260,catalase,Vmax (nM s⁻¹),97.8,324.5699706583461,1.9903388547876015,2.5113083362521884,0.5209694814645869,0.5209694814645869,3.318711356424807
publication_grouped_cv,M1_raw_independent,4,R051,50,10.1038/nnano.2007.260,catalase,Km (mM),3.7,6.17604844065597,0.568201724066995,0.7907106936468322,0.22250896957983723,0.22250896957983723,1.6692022812583702
publication_grouped_cv,M1_raw_independent,4,R051,50,10.1038/nnano.2007.260,catalase,Kcat (s⁻¹),3480.0,6153.669377806009,3.5415792439465807,3.789134158916366,0.24755491496978532,0.24755491496978532,1.7682957982201175
publication_grouped_cv,M1_raw_independent,4,R051,50,10.1038/nnano.2007.260,catalase,Vmax (nM s⁻¹),87.1,69617.28213656213,1.9400181550076632,4.8427170643930575,2.9026989093853945,2.9026989093853945,799.2799326815401
publication_grouped_cv,M1_raw_independent,4,R063,62,10.1002/adfm.202007130,peroxidase,Km (mM),0.253,3.7336746223262463,-0.5968794788241821,0.572136467901916,1.169015946726098,1.169015946726098,14.757607202870538
publication_grouped_cv,M1_raw_independent,4,R063,62,10.1002/adfm.202007130,peroxidase,Kcat (s⁻¹),0.374,1907.2564214908116,-0.42712839779951983,3.2804090857843864,3.707537483583906,3.707537483583906,5099.616100242812
publication_grouped_cv,M1_raw_independent,4,R063,62,10.1002/adfm.202007130,peroxidase,Vmax (nM s⁻¹),400.0,1997.9595484671097,2.6020599913279625,3.3005866910694626,0.6985266997415001,0.6985266997415001,4.994898871167774
publication_grouped_cv,M1_raw_independent,4,R067,66,10.1038/nnano.2007.260,catalase,Km (mM),3.7,6.17604844065597,0.568201724066995,0.7907106936468322,0.22250896957983723,0.22250896957983723,1.6692022812583702
publication_grouped_cv,M1_raw_independent,4,R067,66,10.1038/nnano.2007.260,catalase,Kcat (s⁻¹),3480.0,6153.669377806009,3.5415792439465807,3.789134158916366,0.24755491496978532,0.24755491496978532,1.7682957982201175
publication_grouped_cv,M1_raw_independent,4,R067,66,10.1038/nnano.2007.260,catalase,Vmax (nM s⁻¹),87.1,69617.28213656213,1.9400181550076632,4.8427170643930575,2.9026989093853945,2.9026989093853945,799.2799326815401
publication_grouped_cv,M1_raw_independent,4,R071,70,10.1021/acs.langmuir.7b01926,peroxidase,Km (mM),1.27,2.7979985662357594,0.10380372095595687,0.44684748761254306,0.3430437666565862,0.3430437666565862,2.2031484773509917
publication_grouped_cv,M1_raw_independent,4,R071,70,10.1021/acs.langmuir.7b01926,peroxidase,Kcat (s⁻¹),5.8e-05,2446.0400866319305,-4.236572006437063,3.388463570141145,7.625035576578208,7.625035576578208,42173104.94192984
publication_grouped_cv,M1_raw_independent,4,R071,70,10.1021/acs.langmuir.7b01926,peroxidase,Vmax (nM s⁻¹),12.0,14508.168303254874,1.0791812460476249,4.161612585008129,3.082431338960504,3.082431338960504,1209.0140252712395
publication_grouped_cv,M1_raw_independent,4,R081,80,10.1039/d0ta09247a,peroxidase,Km (mM),0.096,3.3946368306818773,-1.0177287669604316,0.5307933188617675,1.548522085822199,1.548522085822199,35.36080031960289
publication_grouped_cv,M1_raw_independent,4,R081,80,10.1039/d0ta09247a,peroxidase,Kcat (s⁻¹),1720.0,28111.513637582728,3.2355284469075487,4.44888423040829,1.2133557835007416,1.2133557835007416,16.343903277664378
publication_grouped_cv,M1_raw_independent,4,R081,80,10.1039/d0ta09247a,peroxidase,Vmax (nM s⁻¹),412.0,453.8928490605274,2.6148972160331345,2.6569533406234016,0.042056124590267085,0.042056124590267085,1.1016816724770082
publication_grouped_cv,M1_raw_independent,4,R083,82,10.1038/nnano.2007.260,peroxidase,Km (mM),0.434,6.17604844065597,-0.3625102704874893,0.7907106936468322,1.1532209641343214,1.1532209641343214,14.230526360958457
publication_grouped_cv,M1_raw_independent,4,R083,82,10.1038/nnano.2007.260,peroxidase,Kcat (s⁻¹),4000.0,6153.669377806009,3.6020599913279625,3.789134158916366,0.18707416758840356,0.18707416758840356,1.5384173444515021
publication_grouped_cv,M1_raw_independent,4,R083,82,10.1038/nnano.2007.260,peroxidase,Vmax (nM s⁻¹),100.0,69617.28213656213,2.0,4.8427170643930575,2.8427170643930575,2.8427170643930575,696.1728213656213
publication_grouped_cv,M1_raw_independent,4,R086,85,10.1021/acs.langmuir.7b01926,peroxidase,Km (mM),3.28,2.7979985662357594,0.5158738437116791,0.44684748761254306,-0.06902635609913604,0.06902635609913604,0.8530483433645608
publication_grouped_cv,M1_raw_independent,4,R086,85,10.1021/acs.langmuir.7b01926,peroxidase,Kcat (s⁻¹),0.00013,2446.0400866319305,-3.886056647693163,3.388463570141145,7.274520217834308,7.274520217834308,18815692.974091776
publication_grouped_cv,M1_raw_independent,4,R086,85,10.1021/acs.langmuir.7b01926,peroxidase,Vmax (nM s⁻¹),25.0,14508.168303254874,1.3979400086720377,4.161612585008129,2.7636725763360914,2.7636725763360914,580.326732130195
publication_grouped_cv,M2_raw_chain,4,R010,9,10.1038/nnano.2007.260,peroxidase,Km (mM),0.098,1.723649429614825,-1.0087739243075051,0.2364489399888239,1.245222864296329,1.245222864296329,17.58825948586556
publication_grouped_cv,M2_raw_chain,4,R010,9,10.1038/nnano.2007.260,peroxidase,Kcat (s⁻¹),30200.0,9.346590406745483,4.480006942957151,0.9706532111300864,-3.5093537318270647,3.5093537318270647,0.0003094897485677312
publication_grouped_cv,M2_raw_chain,4,R010,9,10.1038/nnano.2007.260,peroxidase,Vmax (nM s⁻¹),34.4,270.11013202854315,1.5365584425715302,2.431540875196547,0.8949824326250166,0.8949824326250166,7.852038721759976
publication_grouped_cv,M2_raw_chain,4,R014,13,10.1038/nnano.2007.260,catalase,Km (mM),154.0,1.723649429614825,2.187520720836463,0.2364489399888239,-1.9510717808476392,1.9510717808476392,0.01119252876373263
publication_grouped_cv,M2_raw_chain,4,R014,13,10.1038/nnano.2007.260,catalase,Kcat (s⁻¹),85800.0,9.346590406745483,4.933487287848705,0.9706532111300864,-3.962834076718619,3.962834076718619,0.00010893462012523873
publication_grouped_cv,M2_raw_chain,4,R014,13,10.1038/nnano.2007.260,catalase,Vmax (nM s⁻¹),97.8,270.11013202854315,1.9903388547876015,2.431540875196547,0.4412020204089453,0.4412020204089453,2.7618622906804005
publication_grouped_cv,M2_raw_chain,4,R019,18,10.1016/j.jcis.2017.11.064,catalase,Km (mM),44.69,2.995920547931815,1.650210354660359,0.47653029165348687,-1.1736800630068722,1.1736800630068722,0.06703782832695938
publication_grouped_cv,M2_raw_chain,4,R019,18,10.1016/j.jcis.2017.11.064,catalase,Kcat (s⁻¹),15.25,3522.983187196067,1.1832698436828046,3.5469105705938464,2.3636407269110418,2.3636407269110418,231.0152909636765
publication_grouped_cv,M2_raw_chain,4,R019,18,10.1016/j.jcis.2017.11.064,catalase,Vmax (nM s⁻¹),22.3,1243.2377030172736,1.3483048630481607,3.094554172277354,1.7462493092291935,1.7462493092291935,55.75056964203021
publication_grouped_cv,M2_raw_chain,4,R021,20,10.1002/adfm.202007130,peroxidase,Km (mM),0.682,3.7336746223262463,-0.16621562534352105,0.572136467901916,0.738352093245437,0.738352093245437,5.474596220419715
publication_grouped_cv,M2_raw_chain,4,R021,20,10.1002/adfm.202007130,peroxidase,Kcat (s⁻¹),0.174,1380.2122865359718,-0.7594507517174003,3.1399458891408565,3.8993966408582565,3.8993966408582565,7932.254520321678
publication_grouped_cv,M2_raw_chain,4,R021,20,10.1002/adfm.202007130,peroxidase,Vmax (nM s⁻¹),177.0,1148.5672866497478,2.247973266361807,3.060156442600013,0.8121831762382064,0.8121831762382064,6.489080715535298
publication_grouped_cv,M2_raw_chain,4,R023,22,10.1039/d0ta09247a,catalase,Km (mM),3.88,3.3946368306818764,0.5888317255942073,0.5307933188617674,-0.05803840673243987,0.05803840673243987,0.8749063996602774
publication_grouped_cv,M2_raw_chain,4,R023,22,10.1039/d0ta09247a,catalase,Kcat (s⁻¹),2350.0,14141.053587948196,3.3710678622717363,4.150481768045464,0.7794139057737275,0.7794139057737275,6.0174696118928495
publication_grouped_cv,M2_raw_chain,4,R023,22,10.1039/d0ta09247a,catalase,Vmax (nM s⁻¹),565.0,436.8175351793638,2.7520484478194387,2.6403000639429757,-0.11174838387646302,0.11174838387646302,0.7731283808484315
publication_grouped_cv,M2_raw_chain,4,R025,24,10.1021/acs.langmuir.7b01926,catalase,Km (mM),16.11,2.7979985662357594,1.207095540419218,0.44684748761254306,-0.7602480528066751,0.7602480528066751,0.17368085451494472
publication_grouped_cv,M2_raw_chain,4,R025,24,10.1021/acs.langmuir.7b01926,catalase,Kcat (s⁻¹),0.00046,1382.0030364556465,-3.337242168318426,3.1405089972454756,6.477751165563902,6.477751165563902,3004354.4270774922
publication_grouped_cv,M2_raw_chain,4,R025,24,10.1021/acs.langmuir.7b01926,catalase,Vmax (nM s⁻¹),91.0,2728.2631607245307,1.9590413923210936,3.435886258850397,1.4768448665293035,1.4768448665293035,29.980913854115723
publication_grouped_cv,M2_raw_chain,4,R030,29,10.1039/d0ta09247a,catalase,Km (mM),3.88,3.3946368306818764,0.5888317255942073,0.5307933188617674,-0.05803840673243987,0.05803840673243987,0.8749063996602774
publication_grouped_cv,M2_raw_chain,4,R030,29,10.1039/d0ta09247a,catalase,Kcat (s⁻¹),2350.0,14141.053587948196,3.3710678622717363,4.150481768045464,0.7794139057737275,0.7794139057737275,6.0174696118928495
publication_grouped_cv,M2_raw_chain,4,R030,29,10.1039/d0ta09247a,catalase,Vmax (nM s⁻¹),565.0,436.8175351793638,2.7520484478194387,2.6403000639429757,-0.11174838387646302,0.11174838387646302,0.7731283808484315
publication_grouped_cv,M2_raw_chain,4,R032,31,10.1021/acs.langmuir.7b01926,catalase,Km (mM),16.11,2.7979985662357594,1.207095540419218,0.44684748761254306,-0.7602480528066751,0.7602480528066751,0.17368085451494472
publication_grouped_cv,M2_raw_chain,4,R032,31,10.1021/acs.langmuir.7b01926,catalase,Kcat (s⁻¹),0.00046,1382.0030364556465,-3.337242168318426,3.1405089972454756,6.477751165563902,6.477751165563902,3004354.4270774922
publication_grouped_cv,M2_raw_chain,4,R032,31,10.1021/acs.langmuir.7b01926,catalase,Vmax (nM s⁻¹),91.0,2728.2631607245307,1.9590413923210936,3.435886258850397,1.4768448665293035,1.4768448665293035,29.980913854115723
publication_grouped_cv,M2_raw_chain,4,R043,42,10.1002/adfm.202007130,peroxidase,Km (mM),0.148,2.3494408240079863,-0.8297382846050426,0.3709645108058981,1.2007027954109408,1.2007027954109408,15.874600162216124
publication_grouped_cv,M2_raw_chain,4,R043,42,10.1002/adfm.202007130,peroxidase,Kcat (s⁻¹),0.708,5.543655392093127,-0.149966742310231,0.7437962255785077,0.8937629678887387,0.8937629678887387,7.83002174024453
publication_grouped_cv,M2_raw_chain,4,R043,42,10.1002/adfm.202007130,peroxidase,Vmax (nM s⁻¹),758.0,196.05515778570788,2.8796692056320534,2.292378272131797,-0.5872909335002565,0.5872909335002565,0.25864796541650115
publication_grouped_cv,M2_raw_chain,4,R050,49,10.1038/nnano.2007.260,catalase,Km (mM),154.0,1.723649429614825,2.187520720836463,0.2364489399888239,-1.9510717808476392,1.9510717808476392,0.01119252876373263
publication_grouped_cv,M2_raw_chain,4,R050,49,10.1038/nnano.2007.260,catalase,Kcat (s⁻¹),85800.0,9.346590406745483,4.933487287848705,0.9706532111300864,-3.962834076718619,3.962834076718619,0.00010893462012523873
publication_grouped_cv,M2_raw_chain,4,R050,49,10.1038/nnano.2007.260,catalase,Vmax (nM s⁻¹),97.8,270.11013202854315,1.9903388547876015,2.431540875196547,0.4412020204089453,0.4412020204089453,2.7618622906804005
publication_grouped_cv,M2_raw_chain,4,R051,50,10.1038/nnano.2007.260,catalase,Km (mM),3.7,6.176048440655972,0.568201724066995,0.7907106936468323,0.22250896957983735,0.22250896957983735,1.6692022812583707
publication_grouped_cv,M2_raw_chain,4,R051,50,10.1038/nnano.2007.260,catalase,Kcat (s⁻¹),3480.0,4891.091738844525,3.5415792439465807,3.6894058086606423,0.14782656471406153,0.14782656471406153,1.405486131851875
publication_grouped_cv,M2_raw_chain,4,R051,50,10.1038/nnano.2007.260,catalase,Vmax (nM s⁻¹),87.1,5755.372511966296,1.9400181550076632,3.7600734382448295,1.8200552832371664,1.8200552832371664,66.07775559088745
publication_grouped_cv,M2_raw_chain,4,R063,62,10.1002/adfm.202007130,peroxidase,Km (mM),0.253,3.7336746223262463,-0.5968794788241821,0.572136467901916,1.169015946726098,1.169015946726098,14.757607202870538
publication_grouped_cv,M2_raw_chain,4,R063,62,10.1002/adfm.202007130,peroxidase,Kcat (s⁻¹),0.374,1380.2122865359718,-0.42712839779951983,3.1399458891408565,3.567074286940376,3.567074286940376,3690.4071832512614
publication_grouped_cv,M2_raw_chain,4,R063,62,10.1002/adfm.202007130,peroxidase,Vmax (nM s⁻¹),400.0,1148.5672866497478,2.6020599913279625,3.060156442600013,0.4580964512720507,0.4580964512720507,2.8714182166243694
publication_grouped_cv,M2_raw_chain,4,R067,66,10.1038/nnano.2007.260,catalase,Km (mM),3.7,6.176048440655972,0.568201724066995,0.7907106936468323,0.22250896957983735,0.22250896957983735,1.6692022812583707
publication_grouped_cv,M2_raw_chain,4,R067,66,10.1038/nnano.2007.260,catalase,Kcat (s⁻¹),3480.0,4891.091738844525,3.5415792439465807,3.6894058086606423,0.14782656471406153,0.14782656471406153,1.405486131851875
publication_grouped_cv,M2_raw_chain,4,R067,66,10.1038/nnano.2007.260,catalase,Vmax (nM s⁻¹),87.1,5755.372511966296,1.9400181550076632,3.7600734382448295,1.8200552832371664,1.8200552832371664,66.07775559088745
publication_grouped_cv,M2_raw_chain,4,R071,70,10.1021/acs.langmuir.7b01926,peroxidase,Km (mM),1.27,2.7979985662357594,0.10380372095595687,0.44684748761254306,0.3430437666565862,0.3430437666565862,2.2031484773509917
publication_grouped_cv,M2_raw_chain,4,R071,70,10.1021/acs.langmuir.7b01926,peroxidase,Kcat (s⁻¹),5.8e-05,1382.0030364556465,-4.236572006437063,3.1405089972454756,7.377081003682539,7.377081003682539,23827638.55958011
publication_grouped_cv,M2_raw_chain,4,R071,70,10.1021/acs.langmuir.7b01926,peroxidase,Vmax (nM s⁻¹),12.0,2728.2631607245307,1.0791812460476249,3.435886258850397,2.356705012802772,2.356705012802772,227.35526339371089
publication_grouped_cv,M2_raw_chain,4,R081,80,10.1039/d0ta09247a,peroxidase,Km (mM),0.096,3.3946368306818764,-1.0177287669604316,0.5307933188617674,1.5485220858221989,1.5485220858221989,35.36080031960288
publication_grouped_cv,M2_raw_chain,4,R081,80,10.1039/d0ta09247a,peroxidase,Kcat (s⁻¹),1720.0,14141.053587948196,3.2355284469075487,4.150481768045464,0.914953321137915,0.914953321137915,8.221542783690811
publication_grouped_cv,M2_raw_chain,4,R081,80,10.1039/d0ta09247a,peroxidase,Vmax (nM s⁻¹),412.0,436.8175351793638,2.6148972160331345,2.6403000639429757,0.025402847909841153,0.025402847909841153,1.0602367358722422
publication_grouped_cv,M2_raw_chain,4,R083,82,10.1038/nnano.2007.260,peroxidase,Km (mM),0.434,6.176048440655972,-0.3625102704874893,0.7907106936468323,1.1532209641343216,1.1532209641343216,14.23052636095846
publication_grouped_cv,M2_raw_chain,4,R083,82,10.1038/nnano.2007.260,peroxidase,Kcat (s⁻¹),4000.0,4891.091738844525,3.6020599913279625,3.6894058086606423,0.08734581733267976,0.08734581733267976,1.2227729347111314
publication_grouped_cv,M2_raw_chain,4,R083,82,10.1038/nnano.2007.260,peroxidase,Vmax (nM s⁻¹),100.0,5755.372511966296,2.0,3.7600734382448295,1.7600734382448295,1.7600734382448295,57.55372511966296
publication_grouped_cv,M2_raw_chain,4,R086,85,10.1021/acs.langmuir.7b01926,peroxidase,Km (mM),3.28,2.7979985662357594,0.5158738437116791,0.44684748761254306,-0.06902635609913604,0.06902635609913604,0.8530483433645608
publication_grouped_cv,M2_raw_chain,4,R086,85,10.1021/acs.langmuir.7b01926,peroxidase,Kcat (s⁻¹),0.00013,1382.0030364556465,-3.886056647693163,3.1405089972454756,7.026565644938639,7.026565644938639,10630792.588120358
publication_grouped_cv,M2_raw_chain,4,R086,85,10.1021/acs.langmuir.7b01926,peroxidase,Vmax (nM s⁻¹),25.0,2728.2631607245307,1.3979400086720377,3.435886258850397,2.0379462501783596,2.0379462501783596,109.13052642898123
publication_grouped_cv,M3_physics_independent,4,R010,9,10.1038/nnano.2007.260,peroxidase,Km (mM),0.098,0.4981198551628901,-1.0087739243075051,-0.3026661468525973,0.7061077774549078,0.7061077774549078,5.0828556649274494
publication_grouped_cv,M3_physics_independent,4,R010,9,10.1038/nnano.2007.260,peroxidase,Kcat (s⁻¹),30200.0,39.40772776040827,4.480006942957151,1.595581394277792,-2.884425548679359,2.884425548679359,0.001304891647695638
publication_grouped_cv,M3_physics_independent,4,R010,9,10.1038/nnano.2007.260,peroxidase,Vmax (nM s⁻¹),34.4,363.5631638177313,1.5365584425715302,2.560579874106829,1.0240214315352987,1.0240214315352987,10.568696622608469
publication_grouped_cv,M3_physics_independent,4,R014,13,10.1038/nnano.2007.260,catalase,Km (mM),154.0,17.367231908572247,2.187520720836463,1.2397306035575424,-0.9477901172789207,0.9477901172789207,0.11277423317254706
publication_grouped_cv,M3_physics_independent,4,R014,13,10.1038/nnano.2007.260,catalase,Kcat (s⁻¹),85800.0,112.03503374250724,4.933487287848705,2.049353849294448,-2.884133438554257,2.884133438554257,0.001305769624038546
publication_grouped_cv,M3_physics_independent,4,R014,13,10.1038/nnano.2007.260,catalase,Vmax (nM s⁻¹),97.8,1291.2265076524973,1.9903388547876015,3.1110024331222954,1.1206635783346939,1.1206635783346939,13.20272502712165
publication_grouped_cv,M3_physics_independent,4,R019,18,10.1016/j.jcis.2017.11.064,catalase,Km (mM),44.69,8.57527392130999,1.650210354660359,0.9332480016726349,-0.7169623529877241,0.7169623529877241,0.19188350685410582
publication_grouped_cv,M3_physics_independent,4,R019,18,10.1016/j.jcis.2017.11.064,catalase,Kcat (s⁻¹),15.25,6376.685747213848,1.1832698436828046,3.8045950148210608,2.621325171138256,2.621325171138256,418.14332768615395
publication_grouped_cv,M3_physics_independent,4,R019,18,10.1016/j.jcis.2017.11.064,catalase,Vmax (nM s⁻¹),22.3,12259.073054235356,1.3483048630481607,4.0884576330983915,2.740152770050231,2.740152770050231,549.7342176787155
publication_grouped_cv,M3_physics_independent,4,R021,20,10.1002/adfm.202007130,peroxidase,Km (mM),0.682,1.2942682437795394,-0.16621562534352105,0.11202429543634745,0.2782399207798685,0.2782399207798685,1.8977540231371544
publication_grouped_cv,M3_physics_independent,4,R021,20,10.1002/adfm.202007130,peroxidase,Kcat (s⁻¹),0.174,134.72572074992547,-0.7594507517174003,2.129450515644409,2.888901267361809,2.888901267361809,774.2857514363534
publication_grouped_cv,M3_physics_independent,4,R021,20,10.1002/adfm.202007130,peroxidase,Vmax (nM s⁻¹),177.0,1009.6300422836035,2.247973266361807,3.0041622648436768,0.7561889984818699,0.7561889984818699,5.704124532675726
publication_grouped_cv,M3_physics_independent,4,R023,22,10.1039/d0ta09247a,catalase,Km (mM),3.88,14.34176518712817,0.5888317255942073,1.1566026076672096,0.5677708820730023,0.5677708820730023,3.69633123379592
publication_grouped_cv,M3_physics_independent,4,R023,22,10.1039/d0ta09247a,catalase,Kcat (s⁻¹),2350.0,45688.04350076577,3.3710678622717363,4.659802560659901,1.2887346983881645,1.2887346983881645,19.441720638623732
publication_grouped_cv,M3_physics_independent,4,R023,22,10.1039/d0ta09247a,catalase,Vmax (nM s⁻¹),565.0,622.7630823685391,2.7520484478194387,2.7943228595177207,0.042274411698282055,0.042274411698282055,1.1022355440151135
publication_grouped_cv,M3_physics_independent,4,R025,24,10.1021/acs.langmuir.7b01926,catalase,Km (mM),16.11,7.382705402194568,1.207095540419218,0.8682155387795103,-0.3388800016397078,0.3388800016397078,0.4582684917563357
publication_grouped_cv,M3_physics_independent,4,R025,24,10.1021/acs.langmuir.7b01926,catalase,Kcat (s⁻¹),0.00046,1442.4932495740288,-3.337242168318426,3.1591137894675545,6.496355957785981,6.496355957785981,3135854.8903783234
publication_grouped_cv,M3_physics_independent,4,R025,24,10.1021/acs.langmuir.7b01926,catalase,Vmax (nM s⁻¹),91.0,107545.3740711651,1.9590413923210936,5.031591734494995,3.0725503421739013,3.0725503421739013,1181.8172974853308
publication_grouped_cv,M3_physics_independent,4,R030,29,10.1039/d0ta09247a,catalase,Km (mM),3.88,14.34176518712817,0.5888317255942073,1.1566026076672096,0.5677708820730023,0.5677708820730023,3.69633123379592
publication_grouped_cv,M3_physics_independent,4,R030,29,10.1039/d0ta09247a,catalase,Kcat (s⁻¹),2350.0,45688.04350076577,3.3710678622717363,4.659802560659901,1.2887346983881645,1.2887346983881645,19.441720638623732
publication_grouped_cv,M3_physics_independent,4,R030,29,10.1039/d0ta09247a,catalase,Vmax (nM s⁻¹),565.0,622.7630823685391,2.7520484478194387,2.7943228595177207,0.042274411698282055,0.042274411698282055,1.1022355440151135
publication_grouped_cv,M3_physics_independent,4,R032,31,10.1021/acs.langmuir.7b01926,catalase,Km (mM),16.11,7.382705402194568,1.207095540419218,0.8682155387795103,-0.3388800016397078,0.3388800016397078,0.4582684917563357
publication_grouped_cv,M3_physics_independent,4,R032,31,10.1021/acs.langmuir.7b01926,catalase,Kcat (s⁻¹),0.00046,1442.4932495740288,-3.337242168318426,3.1591137894675545,6.496355957785981,6.496355957785981,3135854.8903783234
publication_grouped_cv,M3_physics_independent,4,R032,31,10.1021/acs.langmuir.7b01926,catalase,Vmax (nM s⁻¹),91.0,107545.3740711651,1.9590413923210936,5.031591734494995,3.0725503421739013,3.0725503421739013,1181.8172974853308
publication_grouped_cv,M3_physics_independent,4,R043,42,10.1002/adfm.202007130,peroxidase,Km (mM),0.148,0.7221135400812067,-0.8297382846050426,-0.14139451163538402,0.6883437729696587,0.6883437729696587,4.879145541089234
publication_grouped_cv,M3_physics_independent,4,R043,42,10.1002/adfm.202007130,peroxidase,Kcat (s⁻¹),0.708,2.3732098015043577,-0.149966742310231,0.37533613333239185,0.5253028756426228,0.5253028756426228,3.3519912450626523
publication_grouped_cv,M3_physics_independent,4,R043,42,10.1002/adfm.202007130,peroxidase,Vmax (nM s⁻¹),758.0,220.31679486966743,2.8796692056320534,2.3430476049183757,-0.5366216007136777,0.5366216007136777,0.2906554022027275
publication_grouped_cv,M3_physics_independent,4,R050,49,10.1038/nnano.2007.260,catalase,Km (mM),154.0,17.367231908572247,2.187520720836463,1.2397306035575424,-0.9477901172789207,0.9477901172789207,0.11277423317254706
publication_grouped_cv,M3_physics_independent,4,R050,49,10.1038/nnano.2007.260,catalase,Kcat (s⁻¹),85800.0,112.03503374250724,4.933487287848705,2.049353849294448,-2.884133438554257,2.884133438554257,0.001305769624038546
publication_grouped_cv,M3_physics_independent,4,R050,49,10.1038/nnano.2007.260,catalase,Vmax (nM s⁻¹),97.8,1291.2265076524973,1.9903388547876015,3.1110024331222954,1.1206635783346939,1.1206635783346939,13.20272502712165
publication_grouped_cv,M3_physics_independent,4,R051,50,10.1038/nnano.2007.260,catalase,Km (mM),3.7,18.835072405560286,0.568201724066995,1.2749672940521535,0.7067655699851585,0.7067655699851585,5.0905601096108875
publication_grouped_cv,M3_physics_independent,4,R051,50,10.1038/nnano.2007.260,catalase,Kcat (s⁻¹),3480.0,9039.027538559887,3.5415792439465807,3.956121709529028,0.41454246558244723,0.41454246558244723,2.5974217064827263
publication_grouped_cv,M3_physics_independent,4,R051,50,10.1038/nnano.2007.260,catalase,Vmax (nM s⁻¹),87.1,57397.61618729521,1.9400181550076632,4.758893855843938,2.8188757008362755,2.8188757008362755,658.9852604741127
publication_grouped_cv,M3_physics_independent,4,R063,62,10.1002/adfm.202007130,peroxidase,Km (mM),0.253,1.2942682437795394,-0.5968794788241821,0.11202429543634745,0.7089037742605295,0.7089037742605295,5.115684758021895
publication_grouped_cv,M3_physics_independent,4,R063,62,10.1002/adfm.202007130,peroxidase,Kcat (s⁻¹),0.374,134.72572074992547,-0.42712839779951983,2.129450515644409,2.5565789134439285,2.5565789134439285,360.2291998661109
publication_grouped_cv,M3_physics_independent,4,R063,62,10.1002/adfm.202007130,peroxidase,Vmax (nM s⁻¹),400.0,1009.6300422836035,2.6020599913279625,3.0041622648436768,0.40210227351571426,0.40210227351571426,2.524075105709009
publication_grouped_cv,M3_physics_independent,4,R067,66,10.1038/nnano.2007.260,catalase,Km (mM),3.7,18.835072405560286,0.568201724066995,1.2749672940521535,0.7067655699851585,0.7067655699851585,5.0905601096108875
publication_grouped_cv,M3_physics_independent,4,R067,66,10.1038/nnano.2007.260,catalase,Kcat (s⁻¹),3480.0,9039.027538559887,3.5415792439465807,3.956121709529028,0.41454246558244723,0.41454246558244723,2.5974217064827263
publication_grouped_cv,M3_physics_independent,4,R067,66,10.1038/nnano.2007.260,catalase,Vmax (nM s⁻¹),87.1,57397.61618729521,1.9400181550076632,4.758893855843938,2.8188757008362755,2.8188757008362755,658.9852604741127
publication_grouped_cv,M3_physics_independent,4,R071,70,10.1021/acs.langmuir.7b01926,peroxidase,Km (mM),1.27,0.7302929969181609,0.10380372095595687,-0.13650286396813727,-0.24030658492409412,0.24030658492409412,0.5750338558410716
publication_grouped_cv,M3_physics_independent,4,R071,70,10.1021/acs.langmuir.7b01926,peroxidase,Kcat (s⁻¹),5.8e-05,328.08838292100705,-4.236572006437063,2.515990852993109,6.7525628594301725,6.7525628594301725,5656696.257258742
publication_grouped_cv,M3_physics_independent,4,R071,70,10.1021/acs.langmuir.7b01926,peroxidase,Vmax (nM s⁻¹),12.0,2256.403640505055,1.0791812460476249,3.3534167917491464,2.2742355457015213,2.2742355457015213,188.03363670875459
publication_grouped_cv,M3_physics_independent,4,R081,80,10.1039/d0ta09247a,peroxidase,Km (mM),0.096,0.39052837239222454,-1.0177287669604316,-0.4083474085836924,0.6093813583767391,0.6093813583767391,4.068003879085672
publication_grouped_cv,M3_physics_independent,4,R081,80,10.1039/d0ta09247a,peroxidase,Kcat (s⁻¹),1720.0,26873.299232307767,3.2355284469075487,4.429320987997272,1.1937925410897234,1.1937925410897234,15.624011181574284
publication_grouped_cv,M3_physics_independent,4,R081,80,10.1039/d0ta09247a,peroxidase,Vmax (nM s⁻¹),412.0,141.4096655287007,2.6148972160331345,2.150479095050114,-0.4644181209830207,0.4644181209830207,0.3432273435162639
publication_grouped_cv,M3_physics_independent,4,R083,82,10.1038/nnano.2007.260,peroxidase,Km (mM),0.434,1.037064051392038,-0.3625102704874893,0.015805580214573713,0.37831585070206303,0.37831585070206303,2.389548505511608
publication_grouped_cv,M3_physics_independent,4,R083,82,10.1038/nnano.2007.260,peroxidase,Kcat (s⁻¹),4000.0,3419.1202934848684,3.6020599913279625,3.533914380667217,-0.06814561066074543,0.06814561066074543,0.8547800733712171
publication_grouped_cv,M3_physics_independent,4,R083,82,10.1038/nnano.2007.260,peroxidase,Vmax (nM s⁻¹),100.0,3346.1611651275107,2.0,3.524546854570173,1.5245468545701728,1.5245468545701728,33.461611651275106
publication_grouped_cv,M3_physics_independent,4,R086,85,10.1021/acs.langmuir.7b01926,peroxidase,Km (mM),3.28,0.7302929969181609,0.5158738437116791,-0.13650286396813727,-0.6523767076798164,0.6523767076798164,0.2226503039384637
publication_grouped_cv,M3_physics_independent,4,R086,85,10.1021/acs.langmuir.7b01926,peroxidase,Kcat (s⁻¹),0.00013,328.08838292100705,-3.886056647693163,2.515990852993109,6.4020475006862725,6.4020475006862725,2523756.7917000544
publication_grouped_cv,M3_physics_independent,4,R086,85,10.1021/acs.langmuir.7b01926,peroxidase,Vmax (nM s⁻¹),25.0,2256.403640505055,1.3979400086720377,3.3534167917491464,1.9554767830771087,1.9554767830771087,90.2561456202022
publication_grouped_cv,M4_full_physics_chain,4,R010,9,10.1038/nnano.2007.260,peroxidase,Km (mM),0.098,0.49811985516289015,-1.0087739243075051,-0.30266614685259724,0.7061077774549078,0.7061077774549078,5.08285566492745
publication_grouped_cv,M4_full_physics_chain,4,R010,9,10.1038/nnano.2007.260,peroxidase,Kcat (s⁻¹),30200.0,27.744769603986885,4.480006942957151,1.443181122729835,-3.0368258202273157,3.0368258202273157,0.0009187009802644664
publication_grouped_cv,M4_full_physics_chain,4,R010,9,10.1038/nnano.2007.260,peroxidase,Vmax (nM s⁻¹),34.4,391.2427551326625,1.5365584425715302,2.5924463085480167,1.0558878659764865,1.0558878659764865,11.37333590501926
publication_grouped_cv,M4_full_physics_chain,4,R014,13,10.1038/nnano.2007.260,catalase,Km (mM),154.0,17.36723190857224,2.187520720836463,1.2397306035575422,-0.9477901172789209,0.9477901172789209,0.112774233172547
publication_grouped_cv,M4_full_physics_chain,4,R014,13,10.1038/nnano.2007.260,catalase,Kcat (s⁻¹),85800.0,97.81078497456332,4.933487287848705,1.990386744324425,-2.94310054352428,2.94310054352428,0.0011399858388643743
publication_grouped_cv,M4_full_physics_chain,4,R014,13,10.1038/nnano.2007.260,catalase,Vmax (nM s⁻¹),97.8,1509.4153949423257,1.9903388547876015,3.178808775166712,1.1884699203791103,1.1884699203791103,15.433695244809057
publication_grouped_cv,M4_full_physics_chain,4,R019,18,10.1016/j.jcis.2017.11.064,catalase,Km (mM),44.69,8.57527392130998,1.650210354660359,0.9332480016726344,-0.7169623529877246,0.7169623529877246,0.19188350685410563
publication_grouped_cv,M4_full_physics_chain,4,R019,18,10.1016/j.jcis.2017.11.064,catalase,Kcat (s⁻¹),15.25,3989.098614936738,1.1832698436828046,3.6008747726832357,2.417604929000431,2.417604929000431,261.580237045032
publication_grouped_cv,M4_full_physics_chain,4,R019,18,10.1016/j.jcis.2017.11.064,catalase,Vmax (nM s⁻¹),22.3,12336.091971731958,1.3483048630481607,4.0911775986014005,2.74287273555324,2.74287273555324,553.187980795155
publication_grouped_cv,M4_full_physics_chain,4,R021,20,10.1002/adfm.202007130,peroxidase,Km (mM),0.682,1.2942682437795394,-0.16621562534352105,0.11202429543634745,0.2782399207798685,0.2782399207798685,1.8977540231371544
publication_grouped_cv,M4_full_physics_chain,4,R021,20,10.1002/adfm.202007130,peroxidase,Kcat (s⁻¹),0.174,210.43238337065995,-0.7594507517174003,2.323112574060511,3.0825633257779117,3.0825633257779117,1209.3815136244825
publication_grouped_cv,M4_full_physics_chain,4,R021,20,10.1002/adfm.202007130,peroxidase,Vmax (nM s⁻¹),177.0,992.5213079369289,2.247973266361807,2.9967398391833586,0.7487665728215518,0.7487665728215518,5.607465016592819
publication_grouped_cv,M4_full_physics_chain,4,R023,22,10.1039/d0ta09247a,catalase,Km (mM),3.88,14.34176518712817,0.5888317255942073,1.1566026076672096,0.5677708820730023,0.5677708820730023,3.69633123379592
publication_grouped_cv,M4_full_physics_chain,4,R023,22,10.1039/d0ta09247a,catalase,Kcat (s⁻¹),2350.0,34707.27438251503,3.3710678622717363,4.540420509173803,1.1693526469020665,1.1693526469020665,14.769052928729801
publication_grouped_cv,M4_full_physics_chain,4,R023,22,10.1039/d0ta09247a,catalase,Vmax (nM s⁻¹),565.0,692.7404230667379,2.7520484478194387,2.840570530501878,0.08852208268243933,0.08852208268243933,1.2260892443659077
publication_grouped_cv,M4_full_physics_chain,4,R025,24,10.1021/acs.langmuir.7b01926,catalase,Km (mM),16.11,7.382705402194566,1.207095540419218,0.8682155387795102,-0.3388800016397079,0.3388800016397079,0.4582684917563356
publication_grouped_cv,M4_full_physics_chain,4,R025,24,10.1021/acs.langmuir.7b01926,catalase,Kcat (s⁻¹),0.00046,1331.8151239332058,-3.337242168318426,3.124443942380705,6.461686110699131,6.461686110699131,2895250.2694200124
publication_grouped_cv,M4_full_physics_chain,4,R025,24,10.1021/acs.langmuir.7b01926,catalase,Vmax (nM s⁻¹),91.0,50420.38038116014,1.9590413923210936,4.70260611775486,2.7435647254337665,2.7435647254337665,554.0701140786829
publication_grouped_cv,M4_full_physics_chain,4,R030,29,10.1039/d0ta09247a,catalase,Km (mM),3.88,14.34176518712817,0.5888317255942073,1.1566026076672096,0.5677708820730023,0.5677708820730023,3.69633123379592
publication_grouped_cv,M4_full_physics_chain,4,R030,29,10.1039/d0ta09247a,catalase,Kcat (s⁻¹),2350.0,34707.27438251503,3.3710678622717363,4.540420509173803,1.1693526469020665,1.1693526469020665,14.769052928729801
publication_grouped_cv,M4_full_physics_chain,4,R030,29,10.1039/d0ta09247a,catalase,Vmax (nM s⁻¹),565.0,692.7404230667379,2.7520484478194387,2.840570530501878,0.08852208268243933,0.08852208268243933,1.2260892443659077
publication_grouped_cv,M4_full_physics_chain,4,R032,31,10.1021/acs.langmuir.7b01926,catalase,Km (mM),16.11,7.382705402194566,1.207095540419218,0.8682155387795102,-0.3388800016397079,0.3388800016397079,0.4582684917563356
publication_grouped_cv,M4_full_physics_chain,4,R032,31,10.1021/acs.langmuir.7b01926,catalase,Kcat (s⁻¹),0.00046,1331.8151239332058,-3.337242168318426,3.124443942380705,6.461686110699131,6.461686110699131,2895250.2694200124
publication_grouped_cv,M4_full_physics_chain,4,R032,31,10.1021/acs.langmuir.7b01926,catalase,Vmax (nM s⁻¹),91.0,50420.38038116014,1.9590413923210936,4.70260611775486,2.7435647254337665,2.7435647254337665,554.0701140786829
publication_grouped_cv,M4_full_physics_chain,4,R043,42,10.1002/adfm.202007130,peroxidase,Km (mM),0.148,0.7221135400812067,-0.8297382846050426,-0.14139451163538402,0.6883437729696587,0.6883437729696587,4.879145541089234
publication_grouped_cv,M4_full_physics_chain,4,R043,42,10.1002/adfm.202007130,peroxidase,Kcat (s⁻¹),0.708,4.402986801145669,-0.149966742310231,0.6437473835748574,0.7937141258850884,0.7937141258850884,6.218907911222697
publication_grouped_cv,M4_full_physics_chain,4,R043,42,10.1002/adfm.202007130,peroxidase,Vmax (nM s⁻¹),758.0,263.4987288675722,2.8796692056320534,2.420778524493041,-0.45889068113901255,0.45889068113901255,0.3476236528595939
publication_grouped_cv,M4_full_physics_chain,4,R050,49,10.1038/nnano.2007.260,catalase,Km (mM),154.0,17.36723190857224,2.187520720836463,1.2397306035575422,-0.9477901172789209,0.9477901172789209,0.112774233172547
publication_grouped_cv,M4_full_physics_chain,4,R050,49,10.1038/nnano.2007.260,catalase,Kcat (s⁻¹),85800.0,97.81078497456332,4.933487287848705,1.990386744324425,-2.94310054352428,2.94310054352428,0.0011399858388643743
publication_grouped_cv,M4_full_physics_chain,4,R050,49,10.1038/nnano.2007.260,catalase,Vmax (nM s⁻¹),97.8,1509.4153949423257,1.9903388547876015,3.178808775166712,1.1884699203791103,1.1884699203791103,15.433695244809057
publication_grouped_cv,M4_full_physics_chain,4,R051,50,10.1038/nnano.2007.260,catalase,Km (mM),3.7,18.835072405560286,0.568201724066995,1.2749672940521535,0.7067655699851585,0.7067655699851585,5.0905601096108875
publication_grouped_cv,M4_full_physics_chain,4,R051,50,10.1038/nnano.2007.260,catalase,Kcat (s⁻¹),3480.0,6138.680114707485,3.5415792439465807,3.788075002978444,0.24649575903186305,0.24649575903186305,1.7639885387090473
publication_grouped_cv,M4_full_physics_chain,4,R051,50,10.1038/nnano.2007.260,catalase,Vmax (nM s⁻¹),87.1,59689.825289643006,1.9400181550076632,4.7759003077264035,2.8358821527187406,2.8358821527187406,685.3022421313779
publication_grouped_cv,M4_full_physics_chain,4,R063,62,10.1002/adfm.202007130,peroxidase,Km (mM),0.253,1.2942682437795394,-0.5968794788241821,0.11202429543634745,0.7089037742605295,0.7089037742605295,5.115684758021895
publication_grouped_cv,M4_full_physics_chain,4,R063,62,10.1002/adfm.202007130,peroxidase,Kcat (s⁻¹),0.374,210.43238337065995,-0.42712839779951983,2.323112574060511,2.750240971860031,2.750240971860031,562.6534314723528
publication_grouped_cv,M4_full_physics_chain,4,R063,62,10.1002/adfm.202007130,peroxidase,Vmax (nM s⁻¹),400.0,992.5213079369289,2.6020599913279625,2.9967398391833586,0.3946798478553961,0.3946798478553961,2.4813032698423223
publication_grouped_cv,M4_full_physics_chain,4,R067,66,10.1038/nnano.2007.260,catalase,Km (mM),3.7,18.835072405560286,0.568201724066995,1.2749672940521535,0.7067655699851585,0.7067655699851585,5.0905601096108875
publication_grouped_cv,M4_full_physics_chain,4,R067,66,10.1038/nnano.2007.260,catalase,Kcat (s⁻¹),3480.0,6138.680114707485,3.5415792439465807,3.788075002978444,0.24649575903186305,0.24649575903186305,1.7639885387090473
publication_grouped_cv,M4_full_physics_chain,4,R067,66,10.1038/nnano.2007.260,catalase,Vmax (nM s⁻¹),87.1,59689.825289643006,1.9400181550076632,4.7759003077264035,2.8358821527187406,2.8358821527187406,685.3022421313779
publication_grouped_cv,M4_full_physics_chain,4,R071,70,10.1021/acs.langmuir.7b01926,peroxidase,Km (mM),1.27,0.7302929969181609,0.10380372095595687,-0.13650286396813727,-0.24030658492409412,0.24030658492409412,0.5750338558410716
publication_grouped_cv,M4_full_physics_chain,4,R071,70,10.1021/acs.langmuir.7b01926,peroxidase,Kcat (s⁻¹),5.8e-05,353.90115374166646,-4.236572006437063,2.5488819784691694,6.7854539849062325,6.7854539849062325,6101744.0300287325
publication_grouped_cv,M4_full_physics_chain,4,R071,70,10.1021/acs.langmuir.7b01926,peroxidase,Vmax (nM s⁻¹),12.0,2065.9173719831815,1.0791812460476249,3.3151129475759697,2.2359317015283446,2.2359317015283446,172.15978099859845
publication_grouped_cv,M4_full_physics_chain,4,R081,80,10.1039/d0ta09247a,peroxidase,Km (mM),0.096,0.39052837239222454,-1.0177287669604316,-0.4083474085836924,0.6093813583767391,0.6093813583767391,4.068003879085672
publication_grouped_cv,M4_full_physics_chain,4,R081,80,10.1039/d0ta09247a,peroxidase,Kcat (s⁻¹),1720.0,21066.675985936574,3.2355284469075487,4.323596015681707,1.0880675687741581,1.0880675687741581,12.248067433684055
publication_grouped_cv,M4_full_physics_chain,4,R081,80,10.1039/d0ta09247a,peroxidase,Vmax (nM s⁻¹),412.0,153.88296465891048,2.6148972160331345,2.187190544690944,-0.4277066713421904,0.4277066713421904,0.3735023414051225
publication_grouped_cv,M4_full_physics_chain,4,R083,82,10.1038/nnano.2007.260,peroxidase,Km (mM),0.434,1.037064051392038,-0.3625102704874893,0.015805580214573713,0.37831585070206303,0.37831585070206303,2.389548505511608
publication_grouped_cv,M4_full_physics_chain,4,R083,82,10.1038/nnano.2007.260,peroxidase,Kcat (s⁻¹),4000.0,1959.6269087776896,3.6020599913279625,3.292173394375551,-0.3098865969524116,0.3098865969524116,0.4899067271944224
publication_grouped_cv,M4_full_physics_chain,4,R083,82,10.1038/nnano.2007.260,peroxidase,Vmax (nM s⁻¹),100.0,3018.360140043414,2.0,3.47977105701089,1.4797710570108902,1.4797710570108902,30.183601400434142
publication_grouped_cv,M4_full_physics_chain,4,R086,85,10.1021/acs.langmuir.7b01926,peroxidase,Km (mM),3.28,0.7302929969181609,0.5158738437116791,-0.13650286396813727,-0.6523767076798164,0.6523767076798164,0.2226503039384637
publication_grouped_cv,M4_full_physics_chain,4,R086,85,10.1021/acs.langmuir.7b01926,peroxidase,Kcat (s⁻¹),0.00013,353.90115374166646,-3.886056647693163,2.5488819784691694,6.4349386261623325,6.4349386261623325,2722316.5672435886
publication_grouped_cv,M4_full_physics_chain,4,R086,85,10.1021/acs.langmuir.7b01926,peroxidase,Vmax (nM s⁻¹),25.0,2065.9173719831815,1.3979400086720377,3.3151129475759697,1.917172938903932,1.917172938903932,82.63669487932727
publication_grouped_cv,A0_physics_no_arrhenius,4,R010,9,10.1038/nnano.2007.260,peroxidase,Km (mM),0.098,1.966159210601616,-1.0087739243075051,0.2936186821055636,1.3023926064130686,1.3023926064130686,20.06284908777159
publication_grouped_cv,A0_physics_no_arrhenius,4,R010,9,10.1038/nnano.2007.260,peroxidase,Kcat (s⁻¹),30200.0,51.80854069073925,4.480006942957151,1.7144013595350451,-2.765605583422106,2.765605583422106,0.0017155145924085844
publication_grouped_cv,A0_physics_no_arrhenius,4,R010,9,10.1038/nnano.2007.260,peroxidase,Vmax (nM s⁻¹),34.4,597.2864063604665,1.5365584425715302,2.7761826307527335,1.2396241881812033,1.2396241881812033,17.362976929083327
publication_grouped_cv,A0_physics_no_arrhenius,4,R014,13,10.1038/nnano.2007.260,catalase,Km (mM),154.0,1.966159210601616,2.187520720836463,0.2936186821055636,-1.8939020387308996,1.8939020387308996,0.012767267601309194
publication_grouped_cv,A0_physics_no_arrhenius,4,R014,13,10.1038/nnano.2007.260,catalase,Kcat (s⁻¹),85800.0,51.80854069073925,4.933487287848705,1.7144013595350451,-3.2190859283136604,3.2190859283136604,0.0006038291455797115
publication_grouped_cv,A0_physics_no_arrhenius,4,R014,13,10.1038/nnano.2007.260,catalase,Vmax (nM s⁻¹),97.8,597.2864063604665,1.9903388547876015,2.7761826307527335,0.785843775965132,0.785843775965132,6.107222968920925
publication_grouped_cv,A0_physics_no_arrhenius,4,R019,18,10.1016/j.jcis.2017.11.064,catalase,Km (mM),44.69,2.1739309921645327,1.650210354660359,0.33724575401070994,-1.3129646006496491,1.3129646006496491,0.04864468543666442
publication_grouped_cv,A0_physics_no_arrhenius,4,R019,18,10.1016/j.jcis.2017.11.064,catalase,Kcat (s⁻¹),15.25,3619.086683685143,1.1832698436828046,3.5585989853727136,2.375329141689909,2.375329141689909,237.317159585911
publication_grouped_cv,A0_physics_no_arrhenius,4,R019,18,10.1016/j.jcis.2017.11.064,catalase,Vmax (nM s⁻¹),22.3,2611.28275232091,1.3483048630481607,3.4168539002121223,2.0685490371639617,2.0685490371639617,117.09788126999595
publication_grouped_cv,A0_physics_no_arrhenius,4,R021,20,10.1002/adfm.202007130,peroxidase,Km (mM),0.682,4.954273687334042,-0.16621562534352105,0.6949799945016921,0.8611956198452132,0.8611956198452132,7.264330919844635
publication_grouped_cv,A0_physics_no_arrhenius,4,R021,20,10.1002/adfm.202007130,peroxidase,Kcat (s⁻¹),0.174,440.07956617771055,-0.7594507517174003,2.64353120382246,3.40298195553986,3.40298195553986,2529.192909067302
publication_grouped_cv,A0_physics_no_arrhenius,4,R021,20,10.1002/adfm.202007130,peroxidase,Vmax (nM s⁻¹),177.0,1982.7105195288627,2.247973266361807,3.2972593108021355,1.0492860444403287,1.0492860444403287,11.201754347620694
publication_grouped_cv,A0_physics_no_arrhenius,4,R023,22,10.1039/d0ta09247a,catalase,Km (mM),3.88,2.3009768537956794,0.5888317255942073,0.36191224999442667,-0.2269194755997806,0.2269194755997806,0.5930352715968246
publication_grouped_cv,A0_physics_no_arrhenius,4,R023,22,10.1039/d0ta09247a,catalase,Kcat (s⁻¹),2350.0,33130.153044548664,3.3710678622717363,4.520223442107419,1.1491555798356825,1.1491555798356825,14.097937465765389
publication_grouped_cv,A0_physics_no_arrhenius,4,R023,22,10.1039/d0ta09247a,catalase,Vmax (nM s⁻¹),565.0,305.6312730126276,2.7520484478194387,2.4851977903550106,-0.26685065746442804,0.26685065746442804,0.54094030621704
publication_grouped_cv,A0_physics_no_arrhenius,4,R025,24,10.1021/acs.langmuir.7b01926,catalase,Km (mM),16.11,2.0667281343012274,1.207095540419218,0.31528335154836196,-0.8918121888708561,0.8918121888708561,0.12828852478592348
publication_grouped_cv,A0_physics_no_arrhenius,4,R025,24,10.1021/acs.langmuir.7b01926,catalase,Kcat (s⁻¹),0.00046,791.6565489423244,-3.337242168318426,2.898536808799206,6.235778977117632,6.235778977117632,1720992.4977007052
publication_grouped_cv,A0_physics_no_arrhenius,4,R025,24,10.1021/acs.langmuir.7b01926,catalase,Vmax (nM s⁻¹),91.0,9369.213017027208,1.9590413923210936,3.9717031131165585,2.0126617207954647,2.0126617207954647,102.9583848024968
publication_grouped_cv,A0_physics_no_arrhenius,4,R030,29,10.1039/d0ta09247a,catalase,Km (mM),3.88,2.3009768537956794,0.5888317255942073,0.36191224999442667,-0.2269194755997806,0.2269194755997806,0.5930352715968246
publication_grouped_cv,A0_physics_no_arrhenius,4,R030,29,10.1039/d0ta09247a,catalase,Kcat (s⁻¹),2350.0,33130.153044548664,3.3710678622717363,4.520223442107419,1.1491555798356825,1.1491555798356825,14.097937465765389
publication_grouped_cv,A0_physics_no_arrhenius,4,R030,29,10.1039/d0ta09247a,catalase,Vmax (nM s⁻¹),565.0,305.6312730126276,2.7520484478194387,2.4851977903550106,-0.26685065746442804,0.26685065746442804,0.54094030621704
publication_grouped_cv,A0_physics_no_arrhenius,4,R032,31,10.1021/acs.langmuir.7b01926,catalase,Km (mM),16.11,2.0667281343012274,1.207095540419218,0.31528335154836196,-0.8918121888708561,0.8918121888708561,0.12828852478592348
publication_grouped_cv,A0_physics_no_arrhenius,4,R032,31,10.1021/acs.langmuir.7b01926,catalase,Kcat (s⁻¹),0.00046,791.6565489423244,-3.337242168318426,2.898536808799206,6.235778977117632,6.235778977117632,1720992.4977007052
publication_grouped_cv,A0_physics_no_arrhenius,4,R032,31,10.1021/acs.langmuir.7b01926,catalase,Vmax (nM s⁻¹),91.0,9369.213017027208,1.9590413923210936,3.9717031131165585,2.0126617207954647,2.0126617207954647,102.9583848024968
publication_grouped_cv,A0_physics_no_arrhenius,4,R043,42,10.1002/adfm.202007130,peroxidase,Km (mM),0.148,2.9030042049621776,-0.8297382846050426,0.4628476649017901,1.2925859495068326,1.2925859495068326,19.614893276771472
publication_grouped_cv,A0_physics_no_arrhenius,4,R043,42,10.1002/adfm.202007130,peroxidase,Kcat (s⁻¹),0.708,7.6901716490160155,-0.149966742310231,0.8859360336100808,1.0359027759203117,1.0359027759203117,10.861824363016972
publication_grouped_cv,A0_physics_no_arrhenius,4,R043,42,10.1002/adfm.202007130,peroxidase,Vmax (nM s⁻¹),758.0,290.49773540708406,2.8796692056320534,2.4631427511702717,-0.4165264544617817,0.4165264544617817,0.38324239499615315
publication_grouped_cv,A0_physics_no_arrhenius,4,R050,49,10.1038/nnano.2007.260,catalase,Km (mM),154.0,1.966159210601616,2.187520720836463,0.2936186821055636,-1.8939020387308996,1.8939020387308996,0.012767267601309194
publication_grouped_cv,A0_physics_no_arrhenius,4,R050,49,10.1038/nnano.2007.260,catalase,Kcat (s⁻¹),85800.0,51.80854069073925,4.933487287848705,1.7144013595350451,-3.2190859283136604,3.2190859283136604,0.0006038291455797115
publication_grouped_cv,A0_physics_no_arrhenius,4,R050,49,10.1038/nnano.2007.260,catalase,Vmax (nM s⁻¹),97.8,597.2864063604665,1.9903388547876015,2.7761826307527335,0.785843775965132,0.785843775965132,6.107222968920925
publication_grouped_cv,A0_physics_no_arrhenius,4,R051,50,10.1038/nnano.2007.260,catalase,Km (mM),3.7,6.769335126191121,0.568201724066995,0.830546015035774,0.262344290968779,0.262344290968779,1.8295500341057085
publication_grouped_cv,A0_physics_no_arrhenius,4,R051,50,10.1038/nnano.2007.260,catalase,Kcat (s⁻¹),3480.0,5375.5256418562585,3.5415792439465807,3.7304209378334114,0.1888416938868307,0.1888416938868307,1.5446912763954765
publication_grouped_cv,A0_physics_no_arrhenius,4,R051,50,10.1038/nnano.2007.260,catalase,Vmax (nM s⁻¹),87.1,11198.975163629226,1.9400181550076632,4.049178281496513,2.1091601264888498,2.1091601264888498,128.57606387634016
publication_grouped_cv,A0_physics_no_arrhenius,4,R063,62,10.1002/adfm.202007130,peroxidase,Km (mM),0.253,4.954273687334042,-0.5968794788241821,0.6949799945016921,1.2918594733258741,1.2918594733258741,19.582109436102932
publication_grouped_cv,A0_physics_no_arrhenius,4,R063,62,10.1002/adfm.202007130,peroxidase,Kcat (s⁻¹),0.374,440.07956617771055,-0.42712839779951983,2.64353120382246,3.07065960162198,3.07065960162198,1176.683332025964
publication_grouped_cv,A0_physics_no_arrhenius,4,R063,62,10.1002/adfm.202007130,peroxidase,Vmax (nM s⁻¹),400.0,1982.7105195288627,2.6020599913279625,3.2972593108021355,0.695199319474173,0.695199319474173,4.956776298822157
publication_grouped_cv,A0_physics_no_arrhenius,4,R067,66,10.1038/nnano.2007.260,catalase,Km (mM),3.7,6.769335126191121,0.568201724066995,0.830546015035774,0.262344290968779,0.262344290968779,1.8295500341057085
publication_grouped_cv,A0_physics_no_arrhenius,4,R067,66,10.1038/nnano.2007.260,catalase,Kcat (s⁻¹),3480.0,5375.5256418562585,3.5415792439465807,3.7304209378334114,0.1888416938868307,0.1888416938868307,1.5446912763954765
publication_grouped_cv,A0_physics_no_arrhenius,4,R067,66,10.1038/nnano.2007.260,catalase,Vmax (nM s⁻¹),87.1,11198.975163629226,1.9400181550076632,4.049178281496513,2.1091601264888498,2.1091601264888498,128.57606387634016
publication_grouped_cv,A0_physics_no_arrhenius,4,R071,70,10.1021/acs.langmuir.7b01926,peroxidase,Km (mM),1.27,2.0667281343012274,0.10380372095595687,0.31528335154836196,0.2114796305924051,0.2114796305924051,1.6273449876387618
publication_grouped_cv,A0_physics_no_arrhenius,4,R071,70,10.1021/acs.langmuir.7b01926,peroxidase,Kcat (s⁻¹),5.8e-05,791.6565489423244,-4.236572006437063,2.898536808799206,7.1351088152362685,7.1351088152362685,13649250.84383318
publication_grouped_cv,A0_physics_no_arrhenius,4,R071,70,10.1021/acs.langmuir.7b01926,peroxidase,Vmax (nM s⁻¹),12.0,9369.213017027208,1.0791812460476249,3.9717031131165585,2.8925218670689334,2.8925218670689334,780.767751418934
publication_grouped_cv,A0_physics_no_arrhenius,4,R081,80,10.1039/d0ta09247a,peroxidase,Km (mM),0.096,2.3009768537956794,-1.0177287669604316,0.36191224999442667,1.3796410169548583,1.3796410169548583,23.968508893704993
publication_grouped_cv,A0_physics_no_arrhenius,4,R081,80,10.1039/d0ta09247a,peroxidase,Kcat (s⁻¹),1720.0,33130.153044548664,3.2355284469075487,4.520223442107419,1.28469499519987,1.28469499519987,19.2617168863655
publication_grouped_cv,A0_physics_no_arrhenius,4,R081,80,10.1039/d0ta09247a,peroxidase,Vmax (nM s⁻¹),412.0,305.6312730126276,2.6148972160331345,2.4851977903550106,-0.12969942567812387,0.12969942567812387,0.7418234781859894
publication_grouped_cv,A0_physics_no_arrhenius,4,R083,82,10.1038/nnano.2007.260,peroxidase,Km (mM),0.434,6.769335126191121,-0.3625102704874893,0.830546015035774,1.1930562855232631,1.1930562855232631,15.59754637371226
publication_grouped_cv,A0_physics_no_arrhenius,4,R083,82,10.1038/nnano.2007.260,peroxidase,Kcat (s⁻¹),4000.0,5375.5256418562585,3.6020599913279625,3.7304209378334114,0.12836094650544894,0.12836094650544894,1.3438814104640646
publication_grouped_cv,A0_physics_no_arrhenius,4,R083,82,10.1038/nnano.2007.260,peroxidase,Vmax (nM s⁻¹),100.0,11198.975163629226,2.0,4.049178281496513,2.0491782814965127,2.0491782814965127,111.98975163629225
publication_grouped_cv,A0_physics_no_arrhenius,4,R086,85,10.1021/acs.langmuir.7b01926,peroxidase,Km (mM),3.28,2.0667281343012274,0.5158738437116791,0.31528335154836196,-0.20059049216331715,0.20059049216331715,0.6301000409454962
publication_grouped_cv,A0_physics_no_arrhenius,4,R086,85,10.1021/acs.langmuir.7b01926,peroxidase,Kcat (s⁻¹),0.00013,791.6565489423244,-3.886056647693163,2.898536808799206,6.7845934564923684,6.7845934564923684,6089665.761094804
publication_grouped_cv,A0_physics_no_arrhenius,4,R086,85,10.1021/acs.langmuir.7b01926,peroxidase,Vmax (nM s⁻¹),25.0,9369.213017027208,1.3979400086720377,3.9717031131165585,2.573763104444521,2.573763104444521,374.7685206810883
publication_grouped_cv,A1_physics_plus_activity_category,4,R010,9,10.1038/nnano.2007.260,peroxidase,Km (mM),0.098,0.2723994883412036,-1.0087739243075051,-0.5647937125110901,0.443980211796415,0.443980211796415,2.779586615726567
publication_grouped_cv,A1_physics_plus_activity_category,4,R010,9,10.1038/nnano.2007.260,peroxidase,Kcat (s⁻¹),30200.0,29.808688574162396,4.480006942957151,1.4743428697752337,-3.0056640731819173,3.0056640731819173,0.0009870426680186224
publication_grouped_cv,A1_physics_plus_activity_category,4,R010,9,10.1038/nnano.2007.260,peroxidase,Vmax (nM s⁻¹),34.4,324.97021131322356,1.5365584425715302,2.5118435528089798,0.9752851102374496,0.9752851102374496,9.446808468407662
publication_grouped_cv,A1_physics_plus_activity_category,4,R014,13,10.1038/nnano.2007.260,catalase,Km (mM),154.0,34.34982395740397,2.187520720836463,1.535924515645236,-0.6515962051912272,0.6515962051912272,0.22305080491820758
publication_grouped_cv,A1_physics_plus_activity_category,4,R014,13,10.1038/nnano.2007.260,catalase,Kcat (s⁻¹),85800.0,176.02839718819493,4.933487287848705,2.2455827345602413,-2.687904553288464,2.687904553288464,0.0020516130208414326
publication_grouped_cv,A1_physics_plus_activity_category,4,R014,13,10.1038/nnano.2007.260,catalase,Vmax (nM s⁻¹),97.8,2707.5591349486685,1.9903388547876015,3.432577950690317,1.4422390959027154,1.4422390959027154,27.684653731581477
publication_grouped_cv,A1_physics_plus_activity_category,4,R019,18,10.1016/j.jcis.2017.11.064,catalase,Km (mM),44.69,10.89918660346762,1.650210354660359,1.037394088141836,-0.6128162665185231,0.6128162665185231,0.24388423816217542
publication_grouped_cv,A1_physics_plus_activity_category,4,R019,18,10.1016/j.jcis.2017.11.064,catalase,Kcat (s⁻¹),15.25,4883.307334520179,1.1832698436828046,3.688714057785248,2.5054442141024436,2.5054442141024436,320.21687439476585
publication_grouped_cv,A1_physics_plus_activity_category,4,R019,18,10.1016/j.jcis.2017.11.064,catalase,Vmax (nM s⁻¹),22.3,9441.912377979734,1.3483048630481607,3.9750599658117722,2.6267551027636116,2.6267551027636116,423.40414251030194
publication_grouped_cv,A1_physics_plus_activity_category,4,R021,20,10.1002/adfm.202007130,peroxidase,Km (mM),0.682,0.9192025030601905,-0.16621562534352105,-0.03658880170037556,0.12962682364314548,0.12962682364314548,1.3478042566864963
publication_grouped_cv,A1_physics_plus_activity_category,4,R021,20,10.1002/adfm.202007130,peroxidase,Kcat (s⁻¹),0.174,105.7692265311916,-0.7594507517174003,2.0243593284578143,2.783810080175215,2.783810080175215,607.8691179953541
publication_grouped_cv,A1_physics_plus_activity_category,4,R021,20,10.1002/adfm.202007130,peroxidase,Vmax (nM s⁻¹),177.0,412.82442442023176,2.247973266361807,2.615765384057952,0.36779211769614495,0.36779211769614495,2.332341380905264
publication_grouped_cv,A1_physics_plus_activity_category,4,R023,22,10.1039/d0ta09247a,catalase,Km (mM),3.88,15.453488955161399,0.5888317255942073,1.1890265460853269,0.6001948204911196,0.6001948204911196,3.982857978134381
publication_grouped_cv,A1_physics_plus_activity_category,4,R023,22,10.1039/d0ta09247a,catalase,Kcat (s⁻¹),2350.0,30944.39753556079,3.3710678622717363,4.490582031720107,1.119514169448371,1.119514169448371,13.167828738536507
publication_grouped_cv,A1_physics_plus_activity_category,4,R023,22,10.1039/d0ta09247a,catalase,Vmax (nM s⁻¹),565.0,1313.0737413165523,2.7520484478194387,3.1182891164532163,0.3662406686337776,0.3662406686337776,2.3240243209142517
publication_grouped_cv,A1_physics_plus_activity_category,4,R025,24,10.1021/acs.langmuir.7b01926,catalase,Km (mM),16.11,8.995770013905874,1.207095540419218,0.9540383437213122,-0.25305719669790583,0.25305719669790583,0.5583966489078755
publication_grouped_cv,A1_physics_plus_activity_category,4,R025,24,10.1021/acs.langmuir.7b01926,catalase,Kcat (s⁻¹),0.00046,1430.7699511839016,-3.337242168318426,3.1555698105850842,6.492811978903511,6.492811978903511,3110369.4590954385
publication_grouped_cv,A1_physics_plus_activity_category,4,R025,24,10.1021/acs.langmuir.7b01926,catalase,Vmax (nM s⁻¹),91.0,30351.732559121643,1.9590413923210936,4.482183486824456,2.5231420945033625,2.5231420945033625,333.53552262771035
publication_grouped_cv,A1_physics_plus_activity_category,4,R030,29,10.1039/d0ta09247a,catalase,Km (mM),3.88,15.453488955161399,0.5888317255942073,1.1890265460853269,0.6001948204911196,0.6001948204911196,3.982857978134381
publication_grouped_cv,A1_physics_plus_activity_category,4,R030,29,10.1039/d0ta09247a,catalase,Kcat (s⁻¹),2350.0,30944.39753556079,3.3710678622717363,4.490582031720107,1.119514169448371,1.119514169448371,13.167828738536507
publication_grouped_cv,A1_physics_plus_activity_category,4,R030,29,10.1039/d0ta09247a,catalase,Vmax (nM s⁻¹),565.0,1313.0737413165523,2.7520484478194387,3.1182891164532163,0.3662406686337776,0.3662406686337776,2.3240243209142517
publication_grouped_cv,A1_physics_plus_activity_category,4,R032,31,10.1021/acs.langmuir.7b01926,catalase,Km (mM),16.11,8.995770013905874,1.207095540419218,0.9540383437213122,-0.25305719669790583,0.25305719669790583,0.5583966489078755
publication_grouped_cv,A1_physics_plus_activity_category,4,R032,31,10.1021/acs.langmuir.7b01926,catalase,Kcat (s⁻¹),0.00046,1430.7699511839016,-3.337242168318426,3.1555698105850842,6.492811978903511,6.492811978903511,3110369.4590954385
publication_grouped_cv,A1_physics_plus_activity_category,4,R032,31,10.1021/acs.langmuir.7b01926,catalase,Vmax (nM s⁻¹),91.0,30351.732559121643,1.9590413923210936,4.482183486824456,2.5231420945033625,2.5231420945033625,333.53552262771035
publication_grouped_cv,A1_physics_plus_activity_category,4,R043,42,10.1002/adfm.202007130,peroxidase,Km (mM),0.148,0.4553734640164853,-0.8297382846050426,-0.3416322806312569,0.48810600397378573,0.48810600397378573,3.076847729841117
publication_grouped_cv,A1_physics_plus_activity_category,4,R043,42,10.1002/adfm.202007130,peroxidase,Kcat (s⁻¹),0.708,4.001722637884124,-0.149966742310231,0.6022469840975964,0.7522137264078274,0.7522137264078274,5.652150618480402
publication_grouped_cv,A1_physics_plus_activity_category,4,R043,42,10.1002/adfm.202007130,peroxidase,Vmax (nM s⁻¹),758.0,206.28222041676756,2.8796692056320534,2.3144617974950017,-0.5652074081370517,0.5652074081370517,0.27214013247594665
publication_grouped_cv,A1_physics_plus_activity_category,4,R050,49,10.1038/nnano.2007.260,catalase,Km (mM),154.0,34.34982395740397,2.187520720836463,1.535924515645236,-0.6515962051912272,0.6515962051912272,0.22305080491820758
publication_grouped_cv,A1_physics_plus_activity_category,4,R050,49,10.1038/nnano.2007.260,catalase,Kcat (s⁻¹),85800.0,176.02839718819493,4.933487287848705,2.2455827345602413,-2.687904553288464,2.687904553288464,0.0020516130208414326
publication_grouped_cv,A1_physics_plus_activity_category,4,R050,49,10.1038/nnano.2007.260,catalase,Vmax (nM s⁻¹),97.8,2707.5591349486685,1.9903388547876015,3.432577950690317,1.4422390959027154,1.4422390959027154,27.684653731581477
publication_grouped_cv,A1_physics_plus_activity_category,4,R051,50,10.1038/nnano.2007.260,catalase,Km (mM),3.7,25.64942416794684,0.568201724066995,1.4090776196041572,0.8408758955371622,0.8408758955371622,6.932276802147794
publication_grouped_cv,A1_physics_plus_activity_category,4,R051,50,10.1038/nnano.2007.260,catalase,Kcat (s⁻¹),3480.0,7845.429539053639,3.5415792439465807,3.8946167262956686,0.35303748234908783,0.35303748234908783,2.254433775590126
publication_grouped_cv,A1_physics_plus_activity_category,4,R051,50,10.1038/nnano.2007.260,catalase,Vmax (nM s⁻¹),87.1,54224.42576658768,1.9400181550076632,4.734194961558102,2.794176806550439,2.794176806550439,622.5536827392386
publication_grouped_cv,A1_physics_plus_activity_category,4,R063,62,10.1002/adfm.202007130,peroxidase,Km (mM),0.253,0.9192025030601905,-0.5968794788241821,-0.03658880170037556,0.5602906771238065,0.5602906771238065,3.6332114745462074
publication_grouped_cv,A1_physics_plus_activity_category,4,R063,62,10.1002/adfm.202007130,peroxidase,Kcat (s⁻¹),0.374,105.7692265311916,-0.42712839779951983,2.0243593284578143,2.451487726257334,2.451487726257334,282.80541853259786
publication_grouped_cv,A1_physics_plus_activity_category,4,R063,62,10.1002/adfm.202007130,peroxidase,Vmax (nM s⁻¹),400.0,412.82442442023176,2.6020599913279625,2.615765384057952,0.013705392729989274,0.013705392729989274,1.0320610610505794
publication_grouped_cv,A1_physics_plus_activity_category,4,R067,66,10.1038/nnano.2007.260,catalase,Km (mM),3.7,25.64942416794684,0.568201724066995,1.4090776196041572,0.8408758955371622,0.8408758955371622,6.932276802147794
publication_grouped_cv,A1_physics_plus_activity_category,4,R067,66,10.1038/nnano.2007.260,catalase,Kcat (s⁻¹),3480.0,7845.429539053639,3.5415792439465807,3.8946167262956686,0.35303748234908783,0.35303748234908783,2.254433775590126
publication_grouped_cv,A1_physics_plus_activity_category,4,R067,66,10.1038/nnano.2007.260,catalase,Vmax (nM s⁻¹),87.1,54224.42576658768,1.9400181550076632,4.734194961558102,2.794176806550439,2.794176806550439,622.5536827392386
publication_grouped_cv,A1_physics_plus_activity_category,4,R071,70,10.1021/acs.langmuir.7b01926,peroxidase,Km (mM),1.27,0.5283930232223591,0.10380372095595687,-0.27704292534220826,-0.3808466462981651,0.3808466462981651,0.4160574986002828
publication_grouped_cv,A1_physics_plus_activity_category,4,R071,70,10.1021/acs.langmuir.7b01926,peroxidase,Kcat (s⁻¹),5.8e-05,248.9446035360364,-4.236572006437063,2.3961027163518955,6.632674722788959,6.632674722788959,4292148.336828214
publication_grouped_cv,A1_physics_plus_activity_category,4,R071,70,10.1021/acs.langmuir.7b01926,peroxidase,Vmax (nM s⁻¹),12.0,711.0592600441629,1.0791812460476249,2.8519057965633934,1.7727245505157685,1.7727245505157685,59.25493833701358
publication_grouped_cv,A1_physics_plus_activity_category,4,R081,80,10.1039/d0ta09247a,peroxidase,Km (mM),0.096,0.2568408271669271,-1.0177287669604316,-0.5903359400892387,0.42739282687119284,0.42739282687119284,2.6754252829888236
publication_grouped_cv,A1_physics_plus_activity_category,4,R081,80,10.1039/d0ta09247a,peroxidase,Kcat (s⁻¹),1720.0,16813.86329984363,3.2355284469075487,4.225667512192306,0.9901390652847573,0.9901390652847573,9.775501918513738
publication_grouped_cv,A1_physics_plus_activity_category,4,R081,80,10.1039/d0ta09247a,peroxidase,Vmax (nM s⁻¹),412.0,174.35120131420956,2.6148972160331345,2.2414249440970533,-0.37347227193608123,0.37347227193608123,0.4231825274616737
publication_grouped_cv,A1_physics_plus_activity_category,4,R083,82,10.1038/nnano.2007.260,peroxidase,Km (mM),0.434,0.5568113084198004,-0.3625102704874893,-0.2542919531129275,0.10821831737456178,0.10821831737456178,1.2829753650225817
publication_grouped_cv,A1_physics_plus_activity_category,4,R083,82,10.1038/nnano.2007.260,peroxidase,Kcat (s⁻¹),4000.0,2054.332288436803,3.6020599913279625,3.31267069211555,-0.2893892992124125,0.2893892992124125,0.5135830721092007
publication_grouped_cv,A1_physics_plus_activity_category,4,R083,82,10.1038/nnano.2007.260,peroxidase,Vmax (nM s⁻¹),100.0,1038.1520269048788,2.0,3.016260956220865,1.016260956220865,1.016260956220865,10.381520269048787
publication_grouped_cv,A1_physics_plus_activity_category,4,R086,85,10.1021/acs.langmuir.7b01926,peroxidase,Km (mM),3.28,0.5283930232223591,0.5158738437116791,-0.27704292534220826,-0.7929167690538874,0.7929167690538874,0.16109543390925585
publication_grouped_cv,A1_physics_plus_activity_category,4,R086,85,10.1021/acs.langmuir.7b01926,peroxidase,Kcat (s⁻¹),0.00013,248.9446035360364,-3.886056647693163,2.3961027163518955,6.282159364045059,6.282159364045059,1914958.4887387417
publication_grouped_cv,A1_physics_plus_activity_category,4,R086,85,10.1021/acs.langmuir.7b01926,peroxidase,Vmax (nM s⁻¹),25.0,711.0592600441629,1.3979400086720377,2.8519057965633934,1.4539657878913557,1.4539657878913557,28.442370401766517
publication_grouped_cv,A2_physics_plus_arrhenius,4,R010,9,10.1038/nnano.2007.260,peroxidase,Km (mM),0.098,0.4981198551628901,-1.0087739243075051,-0.3026661468525973,0.7061077774549078,0.7061077774549078,5.0828556649274494
publication_grouped_cv,A2_physics_plus_arrhenius,4,R010,9,10.1038/nnano.2007.260,peroxidase,Kcat (s⁻¹),30200.0,27.744769603986885,4.480006942957151,1.443181122729835,-3.0368258202273157,3.0368258202273157,0.0009187009802644664
publication_grouped_cv,A2_physics_plus_arrhenius,4,R010,9,10.1038/nnano.2007.260,peroxidase,Vmax (nM s⁻¹),34.4,391.242755132663,1.5365584425715302,2.592446308548017,1.055887865976487,1.055887865976487,11.373335905019273
publication_grouped_cv,A2_physics_plus_arrhenius,4,R014,13,10.1038/nnano.2007.260,catalase,Km (mM),154.0,17.36723190857224,2.187520720836463,1.2397306035575422,-0.9477901172789209,0.9477901172789209,0.112774233172547
publication_grouped_cv,A2_physics_plus_arrhenius,4,R014,13,10.1038/nnano.2007.260,catalase,Kcat (s⁻¹),85800.0,97.81078497456332,4.933487287848705,1.990386744324425,-2.94310054352428,2.94310054352428,0.0011399858388643743
publication_grouped_cv,A2_physics_plus_arrhenius,4,R014,13,10.1038/nnano.2007.260,catalase,Vmax (nM s⁻¹),97.8,1509.4153949423273,1.9903388547876015,3.1788087751667122,1.1884699203791107,1.1884699203791107,15.433695244809073
publication_grouped_cv,A2_physics_plus_arrhenius,4,R019,18,10.1016/j.jcis.2017.11.064,catalase,Km (mM),44.69,8.57527392130998,1.650210354660359,0.9332480016726344,-0.7169623529877246,0.7169623529877246,0.19188350685410563
publication_grouped_cv,A2_physics_plus_arrhenius,4,R019,18,10.1016/j.jcis.2017.11.064,catalase,Kcat (s⁻¹),15.25,3989.098614936738,1.1832698436828046,3.6008747726832357,2.417604929000431,2.417604929000431,261.580237045032
publication_grouped_cv,A2_physics_plus_arrhenius,4,R019,18,10.1016/j.jcis.2017.11.064,catalase,Vmax (nM s⁻¹),22.3,12336.091971731958,1.3483048630481607,4.0911775986014005,2.74287273555324,2.74287273555324,553.187980795155
publication_grouped_cv,A2_physics_plus_arrhenius,4,R021,20,10.1002/adfm.202007130,peroxidase,Km (mM),0.682,1.2942682437795394,-0.16621562534352105,0.11202429543634745,0.2782399207798685,0.2782399207798685,1.8977540231371544
publication_grouped_cv,A2_physics_plus_arrhenius,4,R021,20,10.1002/adfm.202007130,peroxidase,Kcat (s⁻¹),0.174,210.43238337065995,-0.7594507517174003,2.323112574060511,3.0825633257779117,3.0825633257779117,1209.3815136244825
publication_grouped_cv,A2_physics_plus_arrhenius,4,R021,20,10.1002/adfm.202007130,peroxidase,Vmax (nM s⁻¹),177.0,992.5213079369289,2.247973266361807,2.9967398391833586,0.7487665728215518,0.7487665728215518,5.607465016592819
publication_grouped_cv,A2_physics_plus_arrhenius,4,R023,22,10.1039/d0ta09247a,catalase,Km (mM),3.88,14.34176518712817,0.5888317255942073,1.1566026076672096,0.5677708820730023,0.5677708820730023,3.69633123379592
publication_grouped_cv,A2_physics_plus_arrhenius,4,R023,22,10.1039/d0ta09247a,catalase,Kcat (s⁻¹),2350.0,34707.27438251503,3.3710678622717363,4.540420509173803,1.1693526469020665,1.1693526469020665,14.769052928729801
publication_grouped_cv,A2_physics_plus_arrhenius,4,R023,22,10.1039/d0ta09247a,catalase,Vmax (nM s⁻¹),565.0,692.7404230667379,2.7520484478194387,2.840570530501878,0.08852208268243933,0.08852208268243933,1.2260892443659077
publication_grouped_cv,A2_physics_plus_arrhenius,4,R025,24,10.1021/acs.langmuir.7b01926,catalase,Km (mM),16.11,7.382705402194566,1.207095540419218,0.8682155387795102,-0.3388800016397079,0.3388800016397079,0.4582684917563356
publication_grouped_cv,A2_physics_plus_arrhenius,4,R025,24,10.1021/acs.langmuir.7b01926,catalase,Kcat (s⁻¹),0.00046,1331.8151239332044,-3.337242168318426,3.1244439423807044,6.46168611069913,6.46168611069913,2895250.2694200096
publication_grouped_cv,A2_physics_plus_arrhenius,4,R025,24,10.1021/acs.langmuir.7b01926,catalase,Vmax (nM s⁻¹),91.0,50420.38038116004,1.9590413923210936,4.7026061177548595,2.7435647254337656,2.7435647254337656,554.0701140786817
publication_grouped_cv,A2_physics_plus_arrhenius,4,R030,29,10.1039/d0ta09247a,catalase,Km (mM),3.88,14.34176518712817,0.5888317255942073,1.1566026076672096,0.5677708820730023,0.5677708820730023,3.69633123379592
publication_grouped_cv,A2_physics_plus_arrhenius,4,R030,29,10.1039/d0ta09247a,catalase,Kcat (s⁻¹),2350.0,34707.27438251503,3.3710678622717363,4.540420509173803,1.1693526469020665,1.1693526469020665,14.769052928729801
publication_grouped_cv,A2_physics_plus_arrhenius,4,R030,29,10.1039/d0ta09247a,catalase,Vmax (nM s⁻¹),565.0,692.7404230667379,2.7520484478194387,2.840570530501878,0.08852208268243933,0.08852208268243933,1.2260892443659077
publication_grouped_cv,A2_physics_plus_arrhenius,4,R032,31,10.1021/acs.langmuir.7b01926,catalase,Km (mM),16.11,7.382705402194566,1.207095540419218,0.8682155387795102,-0.3388800016397079,0.3388800016397079,0.4582684917563356
publication_grouped_cv,A2_physics_plus_arrhenius,4,R032,31,10.1021/acs.langmuir.7b01926,catalase,Kcat (s⁻¹),0.00046,1331.8151239332044,-3.337242168318426,3.1244439423807044,6.46168611069913,6.46168611069913,2895250.2694200096
publication_grouped_cv,A2_physics_plus_arrhenius,4,R032,31,10.1021/acs.langmuir.7b01926,catalase,Vmax (nM s⁻¹),91.0,50420.38038116004,1.9590413923210936,4.7026061177548595,2.7435647254337656,2.7435647254337656,554.0701140786817
publication_grouped_cv,A2_physics_plus_arrhenius,4,R043,42,10.1002/adfm.202007130,peroxidase,Km (mM),0.148,0.7221135400812067,-0.8297382846050426,-0.14139451163538402,0.6883437729696587,0.6883437729696587,4.879145541089234
publication_grouped_cv,A2_physics_plus_arrhenius,4,R043,42,10.1002/adfm.202007130,peroxidase,Kcat (s⁻¹),0.708,4.402986801145669,-0.149966742310231,0.6437473835748574,0.7937141258850884,0.7937141258850884,6.218907911222697
publication_grouped_cv,A2_physics_plus_arrhenius,4,R043,42,10.1002/adfm.202007130,peroxidase,Vmax (nM s⁻¹),758.0,263.4987288675722,2.8796692056320534,2.420778524493041,-0.45889068113901255,0.45889068113901255,0.3476236528595939
publication_grouped_cv,A2_physics_plus_arrhenius,4,R050,49,10.1038/nnano.2007.260,catalase,Km (mM),154.0,17.36723190857224,2.187520720836463,1.2397306035575422,-0.9477901172789209,0.9477901172789209,0.112774233172547
publication_grouped_cv,A2_physics_plus_arrhenius,4,R050,49,10.1038/nnano.2007.260,catalase,Kcat (s⁻¹),85800.0,97.81078497456332,4.933487287848705,1.990386744324425,-2.94310054352428,2.94310054352428,0.0011399858388643743
publication_grouped_cv,A2_physics_plus_arrhenius,4,R050,49,10.1038/nnano.2007.260,catalase,Vmax (nM s⁻¹),97.8,1509.4153949423273,1.9903388547876015,3.1788087751667122,1.1884699203791107,1.1884699203791107,15.433695244809073
publication_grouped_cv,A2_physics_plus_arrhenius,4,R051,50,10.1038/nnano.2007.260,catalase,Km (mM),3.7,18.835072405560286,0.568201724066995,1.2749672940521535,0.7067655699851585,0.7067655699851585,5.0905601096108875
publication_grouped_cv,A2_physics_plus_arrhenius,4,R051,50,10.1038/nnano.2007.260,catalase,Kcat (s⁻¹),3480.0,6138.680114707485,3.5415792439465807,3.788075002978444,0.24649575903186305,0.24649575903186305,1.7639885387090473
publication_grouped_cv,A2_physics_plus_arrhenius,4,R051,50,10.1038/nnano.2007.260,catalase,Vmax (nM s⁻¹),87.1,59689.825289643006,1.9400181550076632,4.7759003077264035,2.8358821527187406,2.8358821527187406,685.3022421313779
publication_grouped_cv,A2_physics_plus_arrhenius,4,R063,62,10.1002/adfm.202007130,peroxidase,Km (mM),0.253,1.2942682437795394,-0.5968794788241821,0.11202429543634745,0.7089037742605295,0.7089037742605295,5.115684758021895
publication_grouped_cv,A2_physics_plus_arrhenius,4,R063,62,10.1002/adfm.202007130,peroxidase,Kcat (s⁻¹),0.374,210.43238337065995,-0.42712839779951983,2.323112574060511,2.750240971860031,2.750240971860031,562.6534314723528
publication_grouped_cv,A2_physics_plus_arrhenius,4,R063,62,10.1002/adfm.202007130,peroxidase,Vmax (nM s⁻¹),400.0,992.5213079369289,2.6020599913279625,2.9967398391833586,0.3946798478553961,0.3946798478553961,2.4813032698423223
publication_grouped_cv,A2_physics_plus_arrhenius,4,R067,66,10.1038/nnano.2007.260,catalase,Km (mM),3.7,18.835072405560286,0.568201724066995,1.2749672940521535,0.7067655699851585,0.7067655699851585,5.0905601096108875
publication_grouped_cv,A2_physics_plus_arrhenius,4,R067,66,10.1038/nnano.2007.260,catalase,Kcat (s⁻¹),3480.0,6138.680114707485,3.5415792439465807,3.788075002978444,0.24649575903186305,0.24649575903186305,1.7639885387090473
publication_grouped_cv,A2_physics_plus_arrhenius,4,R067,66,10.1038/nnano.2007.260,catalase,Vmax (nM s⁻¹),87.1,59689.825289643006,1.9400181550076632,4.7759003077264035,2.8358821527187406,2.8358821527187406,685.3022421313779
publication_grouped_cv,A2_physics_plus_arrhenius,4,R071,70,10.1021/acs.langmuir.7b01926,peroxidase,Km (mM),1.27,0.7302929969181609,0.10380372095595687,-0.13650286396813727,-0.24030658492409412,0.24030658492409412,0.5750338558410716
publication_grouped_cv,A2_physics_plus_arrhenius,4,R071,70,10.1021/acs.langmuir.7b01926,peroxidase,Kcat (s⁻¹),5.8e-05,353.9011537416661,-4.236572006437063,2.548881978469169,6.785453984906232,6.785453984906232,6101744.030028726
publication_grouped_cv,A2_physics_plus_arrhenius,4,R071,70,10.1021/acs.langmuir.7b01926,peroxidase,Vmax (nM s⁻¹),12.0,2065.917371983184,1.0791812460476249,3.31511294757597,2.2359317015283455,2.2359317015283455,172.15978099859865
publication_grouped_cv,A2_physics_plus_arrhenius,4,R081,80,10.1039/d0ta09247a,peroxidase,Km (mM),0.096,0.39052837239222454,-1.0177287669604316,-0.4083474085836924,0.6093813583767391,0.6093813583767391,4.068003879085672
publication_grouped_cv,A2_physics_plus_arrhenius,4,R081,80,10.1039/d0ta09247a,peroxidase,Kcat (s⁻¹),1720.0,21066.675985936574,3.2355284469075487,4.323596015681707,1.0880675687741581,1.0880675687741581,12.248067433684055
publication_grouped_cv,A2_physics_plus_arrhenius,4,R081,80,10.1039/d0ta09247a,peroxidase,Vmax (nM s⁻¹),412.0,153.88296465891065,2.6148972160331345,2.1871905446909445,-0.42770667134219,0.42770667134219,0.37350234140512295
publication_grouped_cv,A2_physics_plus_arrhenius,4,R083,82,10.1038/nnano.2007.260,peroxidase,Km (mM),0.434,1.037064051392038,-0.3625102704874893,0.015805580214573713,0.37831585070206303,0.37831585070206303,2.389548505511608
publication_grouped_cv,A2_physics_plus_arrhenius,4,R083,82,10.1038/nnano.2007.260,peroxidase,Kcat (s⁻¹),4000.0,1959.6269087776896,3.6020599913279625,3.292173394375551,-0.3098865969524116,0.3098865969524116,0.4899067271944224
publication_grouped_cv,A2_physics_plus_arrhenius,4,R083,82,10.1038/nnano.2007.260,peroxidase,Vmax (nM s⁻¹),100.0,3018.360140043414,2.0,3.47977105701089,1.4797710570108902,1.4797710570108902,30.183601400434142
publication_grouped_cv,A2_physics_plus_arrhenius,4,R086,85,10.1021/acs.langmuir.7b01926,peroxidase,Km (mM),3.28,0.7302929969181609,0.5158738437116791,-0.13650286396813727,-0.6523767076798164,0.6523767076798164,0.2226503039384637
publication_grouped_cv,A2_physics_plus_arrhenius,4,R086,85,10.1021/acs.langmuir.7b01926,peroxidase,Kcat (s⁻¹),0.00013,353.9011537416661,-3.886056647693163,2.548881978469169,6.434938626162332,6.434938626162332,2722316.567243586
publication_grouped_cv,A2_physics_plus_arrhenius,4,R086,85,10.1021/acs.langmuir.7b01926,peroxidase,Vmax (nM s⁻¹),25.0,2065.917371983184,1.3979400086720377,3.31511294757597,1.9171729389039325,1.9171729389039325,82.63669487932735
publication_grouped_cv,A3_physics_plus_activity_and_arrhenius,4,R010,9,10.1038/nnano.2007.260,peroxidase,Km (mM),0.098,0.22335614876697088,-1.0087739243075051,-0.6510020873434331,0.357771836964072,0.357771836964072,2.279144375173172
publication_grouped_cv,A3_physics_plus_activity_and_arrhenius,4,R010,9,10.1038/nnano.2007.260,peroxidase,Kcat (s⁻¹),30200.0,35.687633976758384,4.480006942957151,1.552517755999945,-2.9274891869572057,2.9274891869572057,0.0011817097343297478
publication_grouped_cv,A3_physics_plus_activity_and_arrhenius,4,R010,9,10.1038/nnano.2007.260,peroxidase,Vmax (nM s⁻¹),34.4,277.83581484305597,1.5365584425715302,2.4437882283927714,0.9072297858212413,0.9072297858212413,8.07662252450744
publication_grouped_cv,A3_physics_plus_activity_and_arrhenius,4,R014,13,10.1038/nnano.2007.260,catalase,Km (mM),154.0,43.36588604298375,2.187520720836463,1.6371482242337168,-0.5503724966027463,0.5503724966027463,0.2815966626167776
publication_grouped_cv,A3_physics_plus_activity_and_arrhenius,4,R014,13,10.1038/nnano.2007.260,catalase,Kcat (s⁻¹),85800.0,264.1107422191035,4.933487287848705,2.421786065696143,-2.511701222152562,2.511701222152562,0.00307821377877743
publication_grouped_cv,A3_physics_plus_activity_and_arrhenius,4,R014,13,10.1038/nnano.2007.260,catalase,Vmax (nM s⁻¹),97.8,3005.0697880451635,1.9903388547876015,3.477854562265873,1.4875157074782717,1.4875157074782717,30.726684949337052
publication_grouped_cv,A3_physics_plus_activity_and_arrhenius,4,R019,18,10.1016/j.jcis.2017.11.064,catalase,Km (mM),44.69,16.04301945511255,1.650210354660359,1.2052861101628014,-0.44492424449755763,0.44492424449755763,0.35898454811171515
publication_grouped_cv,A3_physics_plus_activity_and_arrhenius,4,R019,18,10.1016/j.jcis.2017.11.064,catalase,Kcat (s⁻¹),15.25,6163.014358349113,1.1832698436828046,3.789793179534103,2.6065233358512985,2.6065233358512985,404.132089072073
publication_grouped_cv,A3_physics_plus_activity_and_arrhenius,4,R019,18,10.1016/j.jcis.2017.11.064,catalase,Vmax (nM s⁻¹),22.3,9213.653217106194,1.3483048630481607,3.964431862276178,2.616126999228017,2.616126999228017,413.1683056998293
publication_grouped_cv,A3_physics_plus_activity_and_arrhenius,4,R021,20,10.1002/adfm.202007130,peroxidase,Km (mM),0.682,0.6926965119344874,-0.16621562534352105,-0.15945699924264528,0.00675862610087577,0.00675862610087577,1.0156840350945564
publication_grouped_cv,A3_physics_plus_activity_and_arrhenius,4,R021,20,10.1002/adfm.202007130,peroxidase,Kcat (s⁻¹),0.174,130.96043590038673,-0.7594507517174003,2.117140111950751,2.8765908636681514,2.8765908636681514,752.646183335556
publication_grouped_cv,A3_physics_plus_activity_and_arrhenius,4,R021,20,10.1002/adfm.202007130,peroxidase,Vmax (nM s⁻¹),177.0,326.2595623901861,2.247973266361807,2.513563249334635,0.2655899829728283,0.2655899829728283,1.843274363786362
publication_grouped_cv,A3_physics_plus_activity_and_arrhenius,4,R023,22,10.1039/d0ta09247a,catalase,Km (mM),3.88,29.673858201359398,0.5888317255942073,1.472374017049066,0.8835422914548587,0.8835422914548587,7.647901598288505
publication_grouped_cv,A3_physics_plus_activity_and_arrhenius,4,R023,22,10.1039/d0ta09247a,catalase,Kcat (s⁻¹),2350.0,43187.91807783754,3.3710678622717363,4.635362268898164,1.2642944066264277,1.2642944066264277,18.377837479930868
publication_grouped_cv,A3_physics_plus_activity_and_arrhenius,4,R023,22,10.1039/d0ta09247a,catalase,Vmax (nM s⁻¹),565.0,1392.906616149692,2.7520484478194387,3.1439220012406563,0.39187355342121766,0.39187355342121766,2.465321444512729
publication_grouped_cv,A3_physics_plus_activity_and_arrhenius,4,R025,24,10.1021/acs.langmuir.7b01926,catalase,Km (mM),16.11,11.80974692711573,1.207095540419218,1.0722405911499442,-0.13485494926927388,0.13485494926927388,0.7330693312921
publication_grouped_cv,A3_physics_plus_activity_and_arrhenius,4,R025,24,10.1021/acs.langmuir.7b01926,catalase,Kcat (s⁻¹),0.00046,1797.9924741300074,-3.337242168318426,3.254787869571487,6.592030037889913,6.592030037889913,3908679.2915869723
publication_grouped_cv,A3_physics_plus_activity_and_arrhenius,4,R025,24,10.1021/acs.langmuir.7b01926,catalase,Vmax (nM s⁻¹),91.0,40364.470647906135,1.9590413923210936,4.605999261385253,2.646957869064159,2.646957869064159,443.565611515452
publication_grouped_cv,A3_physics_plus_activity_and_arrhenius,4,R030,29,10.1039/d0ta09247a,catalase,Km (mM),3.88,29.673858201359398,0.5888317255942073,1.472374017049066,0.8835422914548587,0.8835422914548587,7.647901598288505
publication_grouped_cv,A3_physics_plus_activity_and_arrhenius,4,R030,29,10.1039/d0ta09247a,catalase,Kcat (s⁻¹),2350.0,43187.91807783754,3.3710678622717363,4.635362268898164,1.2642944066264277,1.2642944066264277,18.377837479930868
publication_grouped_cv,A3_physics_plus_activity_and_arrhenius,4,R030,29,10.1039/d0ta09247a,catalase,Vmax (nM s⁻¹),565.0,1392.906616149692,2.7520484478194387,3.1439220012406563,0.39187355342121766,0.39187355342121766,2.465321444512729
publication_grouped_cv,A3_physics_plus_activity_and_arrhenius,4,R032,31,10.1021/acs.langmuir.7b01926,catalase,Km (mM),16.11,11.80974692711573,1.207095540419218,1.0722405911499442,-0.13485494926927388,0.13485494926927388,0.7330693312921
publication_grouped_cv,A3_physics_plus_activity_and_arrhenius,4,R032,31,10.1021/acs.langmuir.7b01926,catalase,Kcat (s⁻¹),0.00046,1797.9924741300074,-3.337242168318426,3.254787869571487,6.592030037889913,6.592030037889913,3908679.2915869723
publication_grouped_cv,A3_physics_plus_activity_and_arrhenius,4,R032,31,10.1021/acs.langmuir.7b01926,catalase,Vmax (nM s⁻¹),91.0,40364.470647906135,1.9590413923210936,4.605999261385253,2.646957869064159,2.646957869064159,443.565611515452
publication_grouped_cv,A3_physics_plus_activity_and_arrhenius,4,R043,42,10.1002/adfm.202007130,peroxidase,Km (mM),0.148,0.35904579666865793,-0.8297382846050426,-0.44485015317102067,0.38488813143402195,0.38488813143402195,2.4259851126260674
publication_grouped_cv,A3_physics_plus_activity_and_arrhenius,4,R043,42,10.1002/adfm.202007130,peroxidase,Kcat (s⁻¹),0.708,4.1058611708326485,-0.149966742310231,0.6134042607285286,0.7633710030387596,0.7633710030387596,5.799238941854023
publication_grouped_cv,A3_physics_plus_activity_and_arrhenius,4,R043,42,10.1002/adfm.202007130,peroxidase,Vmax (nM s⁻¹),758.0,190.9854345271121,2.8796692056320534,2.281000247113121,-0.5986689585189322,0.5986689585189322,0.25195967615713993
publication_grouped_cv,A3_physics_plus_activity_and_arrhenius,4,R050,49,10.1038/nnano.2007.260,catalase,Km (mM),154.0,43.36588604298375,2.187520720836463,1.6371482242337168,-0.5503724966027463,0.5503724966027463,0.2815966626167776
publication_grouped_cv,A3_physics_plus_activity_and_arrhenius,4,R050,49,10.1038/nnano.2007.260,catalase,Kcat (s⁻¹),85800.0,264.1107422191035,4.933487287848705,2.421786065696143,-2.511701222152562,2.511701222152562,0.00307821377877743
publication_grouped_cv,A3_physics_plus_activity_and_arrhenius,4,R050,49,10.1038/nnano.2007.260,catalase,Vmax (nM s⁻¹),97.8,3005.0697880451635,1.9903388547876015,3.477854562265873,1.4875157074782717,1.4875157074782717,30.726684949337052
publication_grouped_cv,A3_physics_plus_activity_and_arrhenius,4,R051,50,10.1038/nnano.2007.260,catalase,Km (mM),3.7,26.460955167942302,0.568201724066995,1.4226055169746694,0.8544037929076744,0.8544037929076744,7.1516095048492705
publication_grouped_cv,A3_physics_plus_activity_and_arrhenius,4,R051,50,10.1038/nnano.2007.260,catalase,Kcat (s⁻¹),3480.0,7336.93794612073,3.5415792439465807,3.8655148459425246,0.32393560199594384,0.32393560199594384,2.1083155017588306
publication_grouped_cv,A3_physics_plus_activity_and_arrhenius,4,R051,50,10.1038/nnano.2007.260,catalase,Vmax (nM s⁻¹),87.1,44389.95274857074,1.9400181550076632,4.6472846827355285,2.7072665277278656,2.7072665277278656,509.64354475971
publication_grouped_cv,A3_physics_plus_activity_and_arrhenius,4,R063,62,10.1002/adfm.202007130,peroxidase,Km (mM),0.253,0.6926965119344874,-0.5968794788241821,-0.15945699924264528,0.43742247958153685,0.43742247958153685,2.737930877211413
publication_grouped_cv,A3_physics_plus_activity_and_arrhenius,4,R063,62,10.1002/adfm.202007130,peroxidase,Kcat (s⁻¹),0.374,130.96043590038673,-0.42712839779951983,2.117140111950751,2.5442685097502706,2.5442685097502706,350.16159331654205
publication_grouped_cv,A3_physics_plus_activity_and_arrhenius,4,R063,62,10.1002/adfm.202007130,peroxidase,Vmax (nM s⁻¹),400.0,326.2595623901861,2.6020599913279625,2.513563249334635,-0.08849674199332735,0.08849674199332735,0.8156489059754652
publication_grouped_cv,A3_physics_plus_activity_and_arrhenius,4,R067,66,10.1038/nnano.2007.260,catalase,Km (mM),3.7,26.460955167942302,0.568201724066995,1.4226055169746694,0.8544037929076744,0.8544037929076744,7.1516095048492705
publication_grouped_cv,A3_physics_plus_activity_and_arrhenius,4,R067,66,10.1038/nnano.2007.260,catalase,Kcat (s⁻¹),3480.0,7336.93794612073,3.5415792439465807,3.8655148459425246,0.32393560199594384,0.32393560199594384,2.1083155017588306
publication_grouped_cv,A3_physics_plus_activity_and_arrhenius,4,R067,66,10.1038/nnano.2007.260,catalase,Vmax (nM s⁻¹),87.1,44389.95274857074,1.9400181550076632,4.6472846827355285,2.7072665277278656,2.7072665277278656,509.64354475971
publication_grouped_cv,A3_physics_plus_activity_and_arrhenius,4,R071,70,10.1021/acs.langmuir.7b01926,peroxidase,Km (mM),1.27,0.47926968279089804,0.10380372095595687,-0.31942004234777244,-0.4232237633037293,0.4232237633037293,0.3773777029849591
publication_grouped_cv,A3_physics_plus_activity_and_arrhenius,4,R071,70,10.1021/acs.langmuir.7b01926,peroxidase,Kcat (s⁻¹),5.8e-05,203.77332367894496,-4.236572006437063,2.3091473291437654,6.545719335580829,6.545719335580829,3513333.1668783613
publication_grouped_cv,A3_physics_plus_activity_and_arrhenius,4,R071,70,10.1021/acs.langmuir.7b01926,peroxidase,Vmax (nM s⁻¹),12.0,625.2807615554486,1.0791812460476249,2.7960750666482967,1.7168938206006719,1.7168938206006719,52.10673012962072
publication_grouped_cv,A3_physics_plus_activity_and_arrhenius,4,R081,80,10.1039/d0ta09247a,peroxidase,Km (mM),0.096,0.1641102034116687,-1.0177287669604316,-0.7848644162191447,0.23286435074128686,0.23286435074128686,1.7094812855382158
publication_grouped_cv,A3_physics_plus_activity_and_arrhenius,4,R081,80,10.1039/d0ta09247a,peroxidase,Kcat (s⁻¹),1720.0,18494.456407689187,3.2355284469075487,4.267041570979318,1.0315131240717692,1.0315131240717692,10.752590934703017
publication_grouped_cv,A3_physics_plus_activity_and_arrhenius,4,R081,80,10.1039/d0ta09247a,peroxidase,Vmax (nM s⁻¹),412.0,179.14773197240234,2.6148972160331345,2.2532113143268266,-0.3616859017063079,0.3616859017063079,0.4348245921660251
publication_grouped_cv,A3_physics_plus_activity_and_arrhenius,4,R083,82,10.1038/nnano.2007.260,peroxidase,Km (mM),0.434,0.42868663889230335,-0.3625102704874893,-0.367860052168796,-0.005349781681306731,0.005349781681306731,0.9877572324707451
publication_grouped_cv,A3_physics_plus_activity_and_arrhenius,4,R083,82,10.1038/nnano.2007.260,peroxidase,Kcat (s⁻¹),4000.0,1544.139664207775,3.6020599913279625,3.1886865788051555,-0.413373412522807,0.413373412522807,0.38603491605194373
publication_grouped_cv,A3_physics_plus_activity_and_arrhenius,4,R083,82,10.1038/nnano.2007.260,peroxidase,Vmax (nM s⁻¹),100.0,785.4029839573178,2.0,2.8950925469391557,0.8950925469391557,0.8950925469391557,7.854029839573178
publication_grouped_cv,A3_physics_plus_activity_and_arrhenius,4,R086,85,10.1021/acs.langmuir.7b01926,peroxidase,Km (mM),3.28,0.47926968279089804,0.5158738437116791,-0.31942004234777244,-0.8352938860594515,0.8352938860594515,0.14611880572893235
publication_grouped_cv,A3_physics_plus_activity_and_arrhenius,4,R086,85,10.1021/acs.langmuir.7b01926,peroxidase,Kcat (s⁻¹),0.00013,203.77332367894496,-3.886056647693163,2.3091473291437654,6.195203976836929,6.195203976836929,1567487.1052226536
publication_grouped_cv,A3_physics_plus_activity_and_arrhenius,4,R086,85,10.1021/acs.langmuir.7b01926,peroxidase,Vmax (nM s⁻¹),25.0,625.2807615554486,1.3979400086720377,2.7960750666482967,1.398135057976259,1.398135057976259,25.011230462217945
publication_grouped_cv,M1_raw_independent,5,R002,1,10.1016/j.cej.2020.125530,unknown,Km (mM),2.75,0.2903720734576873,0.43933269383026263,-0.5370451542475232,-0.9763778480777858,0.9763778480777858,0.10558984489370447
publication_grouped_cv,M1_raw_independent,5,R002,1,10.1016/j.cej.2020.125530,unknown,Kcat (s⁻¹),0.00063,0.09381486908813381,-3.2006594505464183,-1.027728323122448,2.17293112742397,2.17293112742397,148.91249061608542
publication_grouped_cv,M1_raw_independent,5,R002,1,10.1016/j.cej.2020.125530,unknown,Vmax (nM s⁻¹),813000.0,25.05506491662289,5.910090545594068,1.3988955323187502,-4.511195013275318,4.511195013275318,3.0818038027826434e-05
publication_grouped_cv,M1_raw_independent,5,R003,2,10.1039/c6cc08542c,catalase,Km (mM),458.9,1.6476742905133275,2.6617180576946593,0.21687136524154463,-2.4448466924531145,2.4448466924531145,0.0035904865777148126
publication_grouped_cv,M1_raw_independent,5,R003,2,10.1039/c6cc08542c,catalase,Kcat (s⁻¹),312000.0,0.29537779361134636,5.494154594018442,-0.5296221578885463,-6.023776751906989,6.023776751906989,9.46723697472264e-07
publication_grouped_cv,M1_raw_independent,5,R003,2,10.1039/c6cc08542c,catalase,Vmax (nM s⁻¹),3.06,143.79079195452056,0.48572142648158,2.1577310756756414,1.6720096491940613,1.6720096491940613,46.990454887098224
publication_grouped_cv,M1_raw_independent,5,R009,8,10.1039/c6cc08542c,catalase,Km (mM),37.99,1.6476742905133275,1.5796692935547203,0.21687136524154463,-1.3627979283131757,1.3627979283131757,0.043371263240677214
publication_grouped_cv,M1_raw_independent,5,R009,8,10.1039/c6cc08542c,catalase,Kcat (s⁻¹),539000.0,0.29537779361134636,5.731588765186738,-0.5296221578885463,-6.261210923075285,6.261210923075285,5.480107488151139e-07
publication_grouped_cv,M1_raw_independent,5,R009,8,10.1039/c6cc08542c,catalase,Vmax (nM s⁻¹),5.28,143.79079195452056,0.7226339225338123,2.1577310756756414,1.435097153141829,1.435097153141829,27.23310453684101
publication_grouped_cv,M1_raw_independent,5,R018,17,10.1016/j.talanta.2020.120990,peroxidase,Km (mM),0.52,0.5101188775645958,-0.28399665636520083,-0.29232860458009,-0.008331948214889195,0.008331948214889195,0.9809978414703766
publication_grouped_cv,M1_raw_independent,5,R018,17,10.1016/j.talanta.2020.120990,peroxidase,Kcat (s⁻¹),820000.0,98.63602193817863,5.913813852383717,1.9940355485315528,-3.919778303852164,3.919778303852164,0.00012028783163192516
publication_grouped_cv,M1_raw_independent,5,R018,17,10.1016/j.talanta.2020.120990,peroxidase,Vmax (nM s⁻¹),22000.0,53.15190725630125,4.342422680822207,1.7255188529802157,-2.616903827841991,2.616903827841991,0.0024159957843773294
publication_grouped_cv,M1_raw_independent,5,R020,19,10.1016/j.cej.2020.125530,unknown,Km (mM),3.18,0.2903720734576873,0.5024271199844327,-0.5370451542475232,-1.0394722742319558,1.0394722742319558,0.09131197278543625
publication_grouped_cv,M1_raw_independent,5,R020,19,10.1016/j.cej.2020.125530,unknown,Kcat (s⁻¹),0.00033,0.09381486908813381,-3.4814860601221125,-1.027728323122448,2.4537577369996644,2.4537577369996644,284.287482085254
publication_grouped_cv,M1_raw_independent,5,R020,19,10.1016/j.cej.2020.125530,unknown,Vmax (nM s⁻¹),868000.0,25.05506491662289,5.938519725176492,1.3988955323187502,-4.539624192857741,4.539624192857741,2.8865282162007937e-05
publication_grouped_cv,M1_raw_independent,5,R027,26,10.1016/j.cej.2020.125530,unknown,Km (mM),2.33,0.2903720734576873,0.367355921026019,-0.5370451542475232,-0.9044010752735422,0.9044010752735422,0.12462320749256965
publication_grouped_cv,M1_raw_independent,5,R027,26,10.1016/j.cej.2020.125530,unknown,Kcat (s⁻¹),0.00052,0.09381486908813381,-3.283996656365201,-1.027728323122448,2.256268333242753,2.256268333242753,180.41320978487275
publication_grouped_cv,M1_raw_independent,5,R027,26,10.1016/j.cej.2020.125530,unknown,Vmax (nM s⁻¹),868000.0,25.05506491662289,5.938519725176492,1.3988955323187502,-4.539624192857741,4.539624192857741,2.8865282162007937e-05
publication_grouped_cv,M1_raw_independent,5,R034,33,10.1016/j.cej.2020.125530,unknown,Km (mM),2.33,0.2903720734576873,0.367355921026019,-0.5370451542475232,-0.9044010752735422,0.9044010752735422,0.12462320749256965
publication_grouped_cv,M1_raw_independent,5,R034,33,10.1016/j.cej.2020.125530,unknown,Kcat (s⁻¹),0.00052,0.09381486908813381,-3.283996656365201,-1.027728323122448,2.256268333242753,2.256268333242753,180.41320978487275
publication_grouped_cv,M1_raw_independent,5,R034,33,10.1016/j.cej.2020.125530,unknown,Vmax (nM s⁻¹),868000.0,25.05506491662289,5.938519725176492,1.3988955323187502,-4.539624192857741,4.539624192857741,2.8865282162007937e-05
publication_grouped_cv,M1_raw_independent,5,R040,39,10.1016/j.cej.2020.125530,unknown,Km (mM),3.43,0.2903720734576873,0.5352941200427705,-0.5370451542475232,-1.0723392742902937,1.0723392742902937,0.08465658118299921
publication_grouped_cv,M1_raw_independent,5,R040,39,10.1016/j.cej.2020.125530,unknown,Kcat (s⁻¹),0.00511,0.09381486908813381,-2.291579099865287,-1.027728323122448,1.263850776742839,1.263850776742839,18.359074185544777
publication_grouped_cv,M1_raw_independent,5,R040,39,10.1016/j.cej.2020.125530,unknown,Vmax (nM s⁻¹),362000.0,25.05506491662289,5.558708570533166,1.3988955323187502,-4.159813038214415,4.159813038214415,6.921288651000798e-05
publication_grouped_cv,M1_raw_independent,5,R042,41,10.1016/j.cej.2020.125530,unknown,Km (mM),4.3,0.2903720734576873,0.6334684555795865,-0.5370451542475232,-1.1705136098271098,1.1705136098271098,0.06752838917620635
publication_grouped_cv,M1_raw_independent,5,R042,41,10.1016/j.cej.2020.125530,unknown,Kcat (s⁻¹),0.00501,0.09381486908813381,-2.300162274132754,-1.027728323122448,1.272433951010306,1.272433951010306,18.7255227720826
publication_grouped_cv,M1_raw_independent,5,R042,41,10.1016/j.cej.2020.125530,unknown,Vmax (nM s⁻¹),225000.0,25.05506491662289,5.352182518111363,1.3988955323187502,-3.9532869857926123,3.9532869857926123,0.00011135584407387951
publication_grouped_cv,M1_raw_independent,5,R052,51,10.1016/j.talanta.2020.120990,catalase,Km (mM),1100.0,0.5101188775645958,3.041392685158225,-0.29232860458009,-3.333721289738315,3.333721289738315,0.00046374443414963257
publication_grouped_cv,M1_raw_independent,5,R052,51,10.1016/j.talanta.2020.120990,catalase,Kcat (s⁻¹),1200000.0,98.63602193817863,6.079181246047625,1.9940355485315528,-4.085145697516072,4.085145697516072,8.21966849484822e-05
publication_grouped_cv,M1_raw_independent,5,R052,51,10.1016/j.talanta.2020.120990,catalase,Vmax (nM s⁻¹),31000.0,53.15190725630125,4.491361693834273,1.7255188529802157,-2.7658428408540576,2.7658428408540576,0.0017145776534290727
publication_grouped_cv,M1_raw_independent,5,R055,54,10.1016/j.msec.2018.10.008,catalase,Km (mM),20.0,0.849109189664911,1.3010299956639813,-0.07103645884927916,-1.3720664545132604,1.3720664545132604,0.04245545948324555
publication_grouped_cv,M1_raw_independent,5,R055,54,10.1016/j.msec.2018.10.008,catalase,Kcat (s⁻¹),1400000.0,35.96266040545837,6.146128035678238,1.555851812000922,-4.590276223677316,4.590276223677316,2.568761457532741e-05
publication_grouped_cv,M1_raw_independent,5,R055,54,10.1016/j.msec.2018.10.008,catalase,Vmax (nM s⁻¹),11300000000.0,70.13059581790004,10.05307844348342,1.8459075286082793,-8.20717091487514,8.20717091487514,6.206247417513279e-09
publication_grouped_cv,M1_raw_independent,5,R060,59,10.1016/j.talanta.2020.120990,peroxidase,Km (mM),0.24,0.5101188775645958,-0.619788758288394,-0.29232860458009,0.32746015370830395,0.32746015370830395,2.1254953231858162
publication_grouped_cv,M1_raw_independent,5,R060,59,10.1016/j.talanta.2020.120990,peroxidase,Kcat (s⁻¹),250000.0,98.63602193817863,5.3979400086720375,1.9940355485315528,-3.4039044601404846,3.4039044601404846,0.00039454408775271453
publication_grouped_cv,M1_raw_independent,5,R060,59,10.1016/j.talanta.2020.120990,peroxidase,Vmax (nM s⁻¹),6800.0,53.15190725630125,3.832508912706236,1.7255188529802157,-2.1069900597260203,2.1069900597260203,0.007816456949456067
publication_grouped_cv,M1_raw_independent,5,R065,64,10.1007/s00604-017-2582-8,catalase,Km (mM),0.38,2.9273480414958963,-0.42021640338318983,0.46647436012265087,0.8866907635058408,0.8866907635058408,7.70354747762078
publication_grouped_cv,M1_raw_independent,5,R065,64,10.1007/s00604-017-2582-8,catalase,Kcat (s⁻¹),1380.0,0.09376896891700878,3.1398790864012365,-1.027940859465108,-4.167819945866345,4.167819945866345,6.7948528200731e-05
publication_grouped_cv,M1_raw_independent,5,R065,64,10.1007/s00604-017-2582-8,catalase,Vmax (nM s⁻¹),241.0,94.15603654375049,2.3820170425748683,1.9738481687881528,-0.4081688737867155,0.4081688737867155,0.3906889483143174
publication_grouped_cv,M1_raw_independent,5,R069,68,10.1039/c6cc08542c,catalase,Km (mM),10.35,1.918092488924372,1.0149403497929366,0.28286954468086756,-0.732070805112069,0.732070805112069,0.1853229457897944
publication_grouped_cv,M1_raw_independent,5,R069,68,10.1039/c6cc08542c,catalase,Kcat (s⁻¹),3000.0,0.0649313025754332,3.4771212547196626,-1.1875458847346883,-4.664667139454351,4.664667139454351,2.16437675251444e-05
publication_grouped_cv,M1_raw_independent,5,R069,68,10.1039/c6cc08542c,catalase,Vmax (nM s⁻¹),0.689,106.65553491970104,-0.1617807780923742,2.027983398207485,2.1897641762998594,2.1897641762998594,154.79758333773736
publication_grouped_cv,M1_raw_independent,5,R070,69,10.1016/j.msec.2018.10.008,catalase,Km (mM),70.0,0.849109189664911,1.845098040014257,-0.07103645884927916,-1.916134498863536,1.916134498863536,0.0121301312809273
publication_grouped_cv,M1_raw_independent,5,R070,69,10.1016/j.msec.2018.10.008,catalase,Kcat (s⁻¹),810.0,35.96266040545837,2.90848501887865,1.555851812000922,-1.352633206877728,1.352633206877728,0.04439834617957824
publication_grouped_cv,M1_raw_independent,5,R070,69,10.1016/j.msec.2018.10.008,catalase,Vmax (nM s⁻¹),9200000000.0,70.13059581790004,9.963787827345556,1.8459075286082793,-8.117880298737276,8.117880298737276,7.622890849771743e-09
publication_grouped_cv,M1_raw_independent,5,R073,72,10.1007/s00604-017-2582-8,peroxidase,Km (mM),0.198,2.9273480414958963,-0.7033348097384688,0.46647436012265087,1.1698091698611197,1.1698091698611197,14.784586068161092
publication_grouped_cv,M1_raw_independent,5,R073,72,10.1007/s00604-017-2582-8,peroxidase,Kcat (s⁻¹),387.0,0.09376896891700878,2.5877109650189114,-1.027940859465108,-3.6156518244840194,3.6156518244840194,0.00024229707730493225
publication_grouped_cv,M1_raw_independent,5,R073,72,10.1007/s00604-017-2582-8,peroxidase,Vmax (nM s⁻¹),67.8,94.15603654375049,1.8312296938670634,1.9738481687881528,0.14261847492108948,0.14261847492108948,1.388732102415199
publication_grouped_cv,M1_raw_independent,5,R079,78,10.1016/j.talanta.2020.120990,catalase,Km (mM),396.0,0.5101188775645958,2.597695185925512,-0.29232860458009,-2.890023790505602,2.890023790505602,0.0012881789837489795
publication_grouped_cv,M1_raw_independent,5,R079,78,10.1016/j.talanta.2020.120990,catalase,Kcat (s⁻¹),320000.0,98.63602193817863,5.505149978319906,1.9940355485315528,-3.5111144297883534,3.5111144297883534,0.00030823756855680824
publication_grouped_cv,M1_raw_independent,5,R079,78,10.1016/j.talanta.2020.120990,catalase,Vmax (nM s⁻¹),8500.0,53.15190725630125,3.929418925714293,1.7255188529802157,-2.2039000727340774,2.2039000727340774,0.0062531655595648526
publication_grouped_cv,M2_raw_chain,5,R002,1,10.1016/j.cej.2020.125530,unknown,Km (mM),2.75,0.2903720734576873,0.43933269383026263,-0.5370451542475232,-0.9763778480777858,0.9763778480777858,0.10558984489370447
publication_grouped_cv,M2_raw_chain,5,R002,1,10.1016/j.cej.2020.125530,unknown,Kcat (s⁻¹),0.00063,0.12163292671745292,-3.2006594505464183,-0.9149488431883517,2.285710607358067,2.285710607358067,193.06813764675067
publication_grouped_cv,M2_raw_chain,5,R002,1,10.1016/j.cej.2020.125530,unknown,Vmax (nM s⁻¹),813000.0,36.64076746181621,5.910090545594068,1.563964561637221,-4.346125983956847,4.346125983956847,4.506859466398058e-05
publication_grouped_cv,M2_raw_chain,5,R003,2,10.1039/c6cc08542c,catalase,Km (mM),458.9,1.647674290513328,2.6617180576946593,0.21687136524154474,-2.4448466924531145,2.4448466924531145,0.003590486577714814
publication_grouped_cv,M2_raw_chain,5,R003,2,10.1039/c6cc08542c,catalase,Kcat (s⁻¹),312000.0,0.3544219476985802,5.494154594018442,-0.4504793921200633,-5.944633986138506,5.944633986138506,1.135967781085193e-06
publication_grouped_cv,M2_raw_chain,5,R003,2,10.1039/c6cc08542c,catalase,Vmax (nM s⁻¹),3.06,164.71349751498244,0.48572142648158,2.216729189067095,1.7310077625855147,1.7310077625855147,53.82794036437335
publication_grouped_cv,M2_raw_chain,5,R009,8,10.1039/c6cc08542c,catalase,Km (mM),37.99,1.647674290513328,1.5796692935547203,0.21687136524154474,-1.3627979283131755,1.3627979283131755,0.04337126324067723
publication_grouped_cv,M2_raw_chain,5,R009,8,10.1039/c6cc08542c,catalase,Kcat (s⁻¹),539000.0,0.3544219476985802,5.731588765186738,-0.4504793921200633,-6.1820681573068015,6.1820681573068015,6.575546339491284e-07
publication_grouped_cv,M2_raw_chain,5,R009,8,10.1039/c6cc08542c,catalase,Vmax (nM s⁻¹),5.28,164.71349751498244,0.7226339225338123,2.216729189067095,1.4940952665332825,1.4940952665332825,31.195738165716367
publication_grouped_cv,M2_raw_chain,5,R018,17,10.1016/j.talanta.2020.120990,peroxidase,Km (mM),0.52,0.5101188775645958,-0.28399665636520083,-0.29232860458009,-0.008331948214889195,0.008331948214889195,0.9809978414703766
publication_grouped_cv,M2_raw_chain,5,R018,17,10.1016/j.talanta.2020.120990,peroxidase,Kcat (s⁻¹),820000.0,77.89130411237801,5.913813852383717,1.891488975171761,-4.022324877211956,4.022324877211956,9.498939525899758e-05
publication_grouped_cv,M2_raw_chain,5,R018,17,10.1016/j.talanta.2020.120990,peroxidase,Vmax (nM s⁻¹),22000.0,54.708914801450575,4.342422680822207,1.7380581002569788,-2.604364580565228,2.604364580565228,0.0024867688546113898
publication_grouped_cv,M2_raw_chain,5,R020,19,10.1016/j.cej.2020.125530,unknown,Km (mM),3.18,0.2903720734576873,0.5024271199844327,-0.5370451542475232,-1.0394722742319558,1.0394722742319558,0.09131197278543625
publication_grouped_cv,M2_raw_chain,5,R020,19,10.1016/j.cej.2020.125530,unknown,Kcat (s⁻¹),0.00033,0.12163292671745292,-3.4814860601221125,-0.9149488431883517,2.566537216933761,2.566537216933761,368.584626416524
publication_grouped_cv,M2_raw_chain,5,R020,19,10.1016/j.cej.2020.125530,unknown,Vmax (nM s⁻¹),868000.0,36.64076746181621,5.938519725176492,1.563964561637221,-4.37455516353927,4.37455516353927,4.2212865739419595e-05
publication_grouped_cv,M2_raw_chain,5,R027,26,10.1016/j.cej.2020.125530,unknown,Km (mM),2.33,0.2903720734576873,0.367355921026019,-0.5370451542475232,-0.9044010752735422,0.9044010752735422,0.12462320749256965
publication_grouped_cv,M2_raw_chain,5,R027,26,10.1016/j.cej.2020.125530,unknown,Kcat (s⁻¹),0.00052,0.12163292671745292,-3.283996656365201,-0.9149488431883517,2.3690478131768495,2.3690478131768495,233.90947445664025
publication_grouped_cv,M2_raw_chain,5,R027,26,10.1016/j.cej.2020.125530,unknown,Vmax (nM s⁻¹),868000.0,36.64076746181621,5.938519725176492,1.563964561637221,-4.37455516353927,4.37455516353927,4.2212865739419595e-05
publication_grouped_cv,M2_raw_chain,5,R034,33,10.1016/j.cej.2020.125530,unknown,Km (mM),2.33,0.2903720734576873,0.367355921026019,-0.5370451542475232,-0.9044010752735422,0.9044010752735422,0.12462320749256965
publication_grouped_cv,M2_raw_chain,5,R034,33,10.1016/j.cej.2020.125530,unknown,Kcat (s⁻¹),0.00052,0.12163292671745292,-3.283996656365201,-0.9149488431883517,2.3690478131768495,2.3690478131768495,233.90947445664025
publication_grouped_cv,M2_raw_chain,5,R034,33,10.1016/j.cej.2020.125530,unknown,Vmax (nM s⁻¹),868000.0,36.64076746181621,5.938519725176492,1.563964561637221,-4.37455516353927,4.37455516353927,4.2212865739419595e-05
publication_grouped_cv,M2_raw_chain,5,R040,39,10.1016/j.cej.2020.125530,unknown,Km (mM),3.43,0.2903720734576873,0.5352941200427705,-0.5370451542475232,-1.0723392742902937,1.0723392742902937,0.08465658118299921
publication_grouped_cv,M2_raw_chain,5,R040,39,10.1016/j.cej.2020.125530,unknown,Kcat (s⁻¹),0.00511,0.12163292671745292,-2.291579099865287,-0.9149488431883517,1.3766302566769355,1.3766302566769355,23.802921079736382
publication_grouped_cv,M2_raw_chain,5,R040,39,10.1016/j.cej.2020.125530,unknown,Vmax (nM s⁻¹),362000.0,36.64076746181621,5.558708570533166,1.563964561637221,-3.9947440088959447,3.9947440088959447,0.00010121758967352544
publication_grouped_cv,M2_raw_chain,5,R042,41,10.1016/j.cej.2020.125530,unknown,Km (mM),4.3,0.2903720734576873,0.6334684555795865,-0.5370451542475232,-1.1705136098271098,1.1705136098271098,0.06752838917620635
publication_grouped_cv,M2_raw_chain,5,R042,41,10.1016/j.cej.2020.125530,unknown,Kcat (s⁻¹),0.00501,0.12163292671745292,-2.300162274132754,-0.9149488431883517,1.3852134309444024,1.3852134309444024,24.278029284920745
publication_grouped_cv,M2_raw_chain,5,R042,41,10.1016/j.cej.2020.125530,unknown,Vmax (nM s⁻¹),225000.0,36.64076746181621,5.352182518111363,1.563964561637221,-3.7882179564741416,3.7882179564741416,0.00016284785538584983
publication_grouped_cv,M2_raw_chain,5,R052,51,10.1016/j.talanta.2020.120990,catalase,Km (mM),1100.0,0.5101188775645958,3.041392685158225,-0.29232860458009,-3.333721289738315,3.333721289738315,0.00046374443414963257
publication_grouped_cv,M2_raw_chain,5,R052,51,10.1016/j.talanta.2020.120990,catalase,Kcat (s⁻¹),1200000.0,77.89130411237801,6.079181246047625,1.891488975171761,-4.187692270875864,4.187692270875864,6.490942009364834e-05
publication_grouped_cv,M2_raw_chain,5,R052,51,10.1016/j.talanta.2020.120990,catalase,Vmax (nM s⁻¹),31000.0,54.708914801450575,4.491361693834273,1.7380581002569788,-2.7533035935772943,2.7533035935772943,0.0017648037032725991
publication_grouped_cv,M2_raw_chain,5,R055,54,10.1016/j.msec.2018.10.008,catalase,Km (mM),20.0,0.849109189664911,1.3010299956639813,-0.07103645884927916,-1.3720664545132604,1.3720664545132604,0.04245545948324555
publication_grouped_cv,M2_raw_chain,5,R055,54,10.1016/j.msec.2018.10.008,catalase,Kcat (s⁻¹),1400000.0,37.14685384654308,6.146128035678238,1.5699220370751743,-4.576205998603064,4.576205998603064,2.6533467033245056e-05
publication_grouped_cv,M2_raw_chain,5,R055,54,10.1016/j.msec.2018.10.008,catalase,Vmax (nM s⁻¹),11300000000.0,65.99959439444895,10.05307844348342,1.8195412665601425,-8.233537176923278,8.233537176923278,5.840672070305217e-09
publication_grouped_cv,M2_raw_chain,5,R060,59,10.1016/j.talanta.2020.120990,peroxidase,Km (mM),0.24,0.5101188775645958,-0.619788758288394,-0.29232860458009,0.32746015370830395,0.32746015370830395,2.1254953231858162
publication_grouped_cv,M2_raw_chain,5,R060,59,10.1016/j.talanta.2020.120990,peroxidase,Kcat (s⁻¹),250000.0,77.89130411237801,5.3979400086720375,1.891488975171761,-3.5064510335002765,3.5064510335002765,0.00031156521644951204
publication_grouped_cv,M2_raw_chain,5,R060,59,10.1016/j.talanta.2020.120990,peroxidase,Vmax (nM s⁻¹),6800.0,54.708914801450575,3.832508912706236,1.7380581002569788,-2.0944508124492573,2.0944508124492573,0.008045428647272144
publication_grouped_cv,M2_raw_chain,5,R065,64,10.1007/s00604-017-2582-8,catalase,Km (mM),0.38,2.927348041495896,-0.42021640338318983,0.46647436012265076,0.8866907635058405,0.8866907635058405,7.703547477620779
publication_grouped_cv,M2_raw_chain,5,R065,64,10.1007/s00604-017-2582-8,catalase,Kcat (s⁻¹),1380.0,0.2339630378146612,3.1398790864012365,-0.6308527483209425,-3.770731834722179,3.770731834722179,0.00016953843319902987
publication_grouped_cv,M2_raw_chain,5,R065,64,10.1007/s00604-017-2582-8,catalase,Vmax (nM s⁻¹),241.0,136.19976507708606,2.3820170425748683,2.134176358488564,-0.24784068408630455,0.24784068408630455,0.5651442534318923
publication_grouped_cv,M2_raw_chain,5,R069,68,10.1039/c6cc08542c,catalase,Km (mM),10.35,1.918092488924372,1.0149403497929366,0.28286954468086756,-0.732070805112069,0.732070805112069,0.1853229457897944
publication_grouped_cv,M2_raw_chain,5,R069,68,10.1039/c6cc08542c,catalase,Kcat (s⁻¹),3000.0,0.15136777410422847,3.4771212547196626,-0.8199665754199108,-4.297087830139573,4.297087830139573,5.045592470140949e-05
publication_grouped_cv,M2_raw_chain,5,R069,68,10.1039/c6cc08542c,catalase,Vmax (nM s⁻¹),0.689,126.57089318999971,-0.1617807780923742,2.1023338448571685,2.264114622949543,2.264114622949543,183.7023123222057
publication_grouped_cv,M2_raw_chain,5,R070,69,10.1016/j.msec.2018.10.008,catalase,Km (mM),70.0,0.849109189664911,1.845098040014257,-0.07103645884927916,-1.916134498863536,1.916134498863536,0.0121301312809273
publication_grouped_cv,M2_raw_chain,5,R070,69,10.1016/j.msec.2018.10.008,catalase,Kcat (s⁻¹),810.0,37.14685384654308,2.90848501887865,1.5699220370751743,-1.3385629818034757,1.3385629818034757,0.045860313390793925
publication_grouped_cv,M2_raw_chain,5,R070,69,10.1016/j.msec.2018.10.008,catalase,Vmax (nM s⁻¹),9200000000.0,65.99959439444895,9.963787827345556,1.8195412665601425,-8.144246560785414,8.144246560785414,7.173868955918364e-09
publication_grouped_cv,M2_raw_chain,5,R073,72,10.1007/s00604-017-2582-8,peroxidase,Km (mM),0.198,2.927348041495896,-0.7033348097384688,0.46647436012265076,1.1698091698611197,1.1698091698611197,14.78458606816109
publication_grouped_cv,M2_raw_chain,5,R073,72,10.1007/s00604-017-2582-8,peroxidase,Kcat (s⁻¹),387.0,0.2339630378146612,2.5877109650189114,-0.6308527483209425,-3.218563713339854,3.218563713339854,0.0006045556532678584
publication_grouped_cv,M2_raw_chain,5,R073,72,10.1007/s00604-017-2582-8,peroxidase,Vmax (nM s⁻¹),67.8,136.19976507708606,1.8312296938670634,2.134176358488564,0.30294666462150044,0.30294666462150044,2.0088460925823903
publication_grouped_cv,M2_raw_chain,5,R079,78,10.1016/j.talanta.2020.120990,catalase,Km (mM),396.0,0.5101188775645958,2.597695185925512,-0.29232860458009,-2.890023790505602,2.890023790505602,0.0012881789837489795
publication_grouped_cv,M2_raw_chain,5,R079,78,10.1016/j.talanta.2020.120990,catalase,Kcat (s⁻¹),320000.0,77.89130411237801,5.505149978319906,1.891488975171761,-3.6136610031481453,3.6136610031481453,0.00024341032535118127
publication_grouped_cv,M2_raw_chain,5,R079,78,10.1016/j.talanta.2020.120990,catalase,Vmax (nM s⁻¹),8500.0,54.708914801450575,3.929418925714293,1.7380581002569788,-2.191360825457314,2.191360825457314,0.0064363429178177145
publication_grouped_cv,M3_physics_independent,5,R002,1,10.1016/j.cej.2020.125530,unknown,Km (mM),2.75,0.32622452308466027,0.43933269383026263,-0.4864833951043419,-0.9258160889346045,0.9258160889346045,0.11862709930351283
publication_grouped_cv,M3_physics_independent,5,R002,1,10.1016/j.cej.2020.125530,unknown,Kcat (s⁻¹),0.00063,0.23157170165270038,-3.2006594505464183,-0.6353145130230295,2.5653449375233888,2.5653449375233888,367.5741296074609
publication_grouped_cv,M3_physics_independent,5,R002,1,10.1016/j.cej.2020.125530,unknown,Vmax (nM s⁻¹),813000.0,34.67100049363089,5.910090545594068,1.5399663741800123,-4.370124171414056,4.370124171414056,4.264575706473665e-05
publication_grouped_cv,M3_physics_independent,5,R003,2,10.1039/c6cc08542c,catalase,Km (mM),458.9,2.840555782910801,2.6617180576946593,0.4534033223837285,-2.208314735310931,2.208314735310931,0.006189923257595992
publication_grouped_cv,M3_physics_independent,5,R003,2,10.1039/c6cc08542c,catalase,Kcat (s⁻¹),312000.0,0.08899542041163641,5.494154594018442,-1.050632341008207,-6.544786935026649,6.544786935026649,2.852417320885782e-07
publication_grouped_cv,M3_physics_independent,5,R003,2,10.1039/c6cc08542c,catalase,Vmax (nM s⁻¹),3.06,142.25163392364178,0.48572142648158,2.153057263467433,1.667335836985853,1.667335836985853,46.4874620665496
publication_grouped_cv,M3_physics_independent,5,R009,8,10.1039/c6cc08542c,catalase,Km (mM),37.99,2.840555782910801,1.5796692935547203,0.4534033223837285,-1.1262659711709917,1.1262659711709917,0.07477114458833378
publication_grouped_cv,M3_physics_independent,5,R009,8,10.1039/c6cc08542c,catalase,Kcat (s⁻¹),539000.0,0.08899542041163641,5.731588765186738,-1.050632341008207,-6.782221106194945,6.782221106194945,1.6511209723865753e-07
publication_grouped_cv,M3_physics_independent,5,R009,8,10.1039/c6cc08542c,catalase,Vmax (nM s⁻¹),5.28,142.25163392364178,0.7226339225338123,2.153057263467433,1.430423340933621,1.430423340933621,26.94159733402306
publication_grouped_cv,M3_physics_independent,5,R018,17,10.1016/j.talanta.2020.120990,peroxidase,Km (mM),0.52,0.42489617454410294,-0.28399665636520083,-0.37171717896429995,-0.08772052259909913,0.08772052259909913,0.8171080279694287
publication_grouped_cv,M3_physics_independent,5,R018,17,10.1016/j.talanta.2020.120990,peroxidase,Kcat (s⁻¹),820000.0,22.521436086176696,5.913813852383717,1.3525960799811267,-4.56121777240259,4.56121777240259,2.7465165958752067e-05
publication_grouped_cv,M3_physics_independent,5,R018,17,10.1016/j.talanta.2020.120990,peroxidase,Vmax (nM s⁻¹),22000.0,68.53002559013879,4.342422680822207,1.8358808939894944,-2.5065417868327122,2.5065417868327122,0.0031150011631881267
publication_grouped_cv,M3_physics_independent,5,R020,19,10.1016/j.cej.2020.125530,unknown,Km (mM),3.18,0.32622452308466027,0.5024271199844327,-0.4864833951043419,-0.9889105150887746,0.9889105150887746,0.1025863280140441
publication_grouped_cv,M3_physics_independent,5,R020,19,10.1016/j.cej.2020.125530,unknown,Kcat (s⁻¹),0.00033,0.23157170165270038,-3.4814860601221125,-0.6353145130230295,2.846171547099083,2.846171547099083,701.7324292506072
publication_grouped_cv,M3_physics_independent,5,R020,19,10.1016/j.cej.2020.125530,unknown,Vmax (nM s⁻¹),868000.0,34.67100049363089,5.938519725176492,1.5399663741800123,-4.39855335099648,4.39855335099648,3.994354895579596e-05
publication_grouped_cv,M3_physics_independent,5,R027,26,10.1016/j.cej.2020.125530,unknown,Km (mM),2.33,0.32622452308466027,0.367355921026019,-0.4864833951043419,-0.8538393161303609,0.8538393161303609,0.14001052492903873
publication_grouped_cv,M3_physics_independent,5,R027,26,10.1016/j.cej.2020.125530,unknown,Kcat (s⁻¹),0.00052,0.23157170165270038,-3.283996656365201,-0.6353145130230295,2.6486821433421714,2.6486821433421714,445.3301954859623
publication_grouped_cv,M3_physics_independent,5,R027,26,10.1016/j.cej.2020.125530,unknown,Vmax (nM s⁻¹),868000.0,34.67100049363089,5.938519725176492,1.5399663741800123,-4.39855335099648,4.39855335099648,3.994354895579596e-05
publication_grouped_cv,M3_physics_independent,5,R034,33,10.1016/j.cej.2020.125530,unknown,Km (mM),2.33,0.32622452308466027,0.367355921026019,-0.4864833951043419,-0.8538393161303609,0.8538393161303609,0.14001052492903873
publication_grouped_cv,M3_physics_independent,5,R034,33,10.1016/j.cej.2020.125530,unknown,Kcat (s⁻¹),0.00052,0.23157170165270038,-3.283996656365201,-0.6353145130230295,2.6486821433421714,2.6486821433421714,445.3301954859623
publication_grouped_cv,M3_physics_independent,5,R034,33,10.1016/j.cej.2020.125530,unknown,Vmax (nM s⁻¹),868000.0,34.67100049363089,5.938519725176492,1.5399663741800123,-4.39855335099648,4.39855335099648,3.994354895579596e-05
publication_grouped_cv,M3_physics_independent,5,R040,39,10.1016/j.cej.2020.125530,unknown,Km (mM),3.43,0.32622452308466027,0.5352941200427705,-0.4864833951043419,-1.0217775151471125,1.0217775151471125,0.09510919040369104
publication_grouped_cv,M3_physics_independent,5,R040,39,10.1016/j.cej.2020.125530,unknown,Kcat (s⁻¹),0.00511,0.23157170165270038,-2.291579099865287,-0.6353145130230295,1.6562645868422576,1.6562645868422576,45.317358444755456
publication_grouped_cv,M3_physics_independent,5,R040,39,10.1016/j.cej.2020.125530,unknown,Vmax (nM s⁻¹),362000.0,34.67100049363089,5.558708570533166,1.5399663741800123,-4.018742196353154,4.018742196353154,9.57762444575439e-05
publication_grouped_cv,M3_physics_independent,5,R042,41,10.1016/j.cej.2020.125530,unknown,Km (mM),4.3,0.32622452308466027,0.6334684555795865,-0.4864833951043419,-1.1199518506839286,1.1199518506839286,0.07586616815922333
publication_grouped_cv,M3_physics_independent,5,R042,41,10.1016/j.cej.2020.125530,unknown,Kcat (s⁻¹),0.00501,0.23157170165270038,-2.300162274132754,-0.6353145130230295,1.6648477611097245,1.6648477611097245,46.22189653746515
publication_grouped_cv,M3_physics_independent,5,R042,41,10.1016/j.cej.2020.125530,unknown,Vmax (nM s⁻¹),225000.0,34.67100049363089,5.352182518111363,1.5399663741800123,-3.8122161439313507,3.8122161439313507,0.0001540933355272484
publication_grouped_cv,M3_physics_independent,5,R052,51,10.1016/j.talanta.2020.120990,catalase,Km (mM),1100.0,0.8970436544859505,3.041392685158225,-0.04718642157013851,-3.088579106728363,3.088579106728363,0.0008154942313508641
publication_grouped_cv,M3_physics_independent,5,R052,51,10.1016/j.talanta.2020.120990,catalase,Kcat (s⁻¹),1200000.0,57.2893160351949,6.079181246047625,1.7580736373322827,-4.321107608715343,4.321107608715343,4.774109669599575e-05
publication_grouped_cv,M3_physics_independent,5,R052,51,10.1016/j.talanta.2020.120990,catalase,Vmax (nM s⁻¹),31000.0,77.05942909993706,4.491361693834273,1.8868257871884604,-2.604535906645813,2.604535906645813,0.0024857880354818406
publication_grouped_cv,M3_physics_independent,5,R055,54,10.1016/j.msec.2018.10.008,catalase,Km (mM),20.0,7.220209973119473,1.3010299956639813,0.8585498276030404,-0.4424801680609408,0.4424801680609408,0.3610104986559736
publication_grouped_cv,M3_physics_independent,5,R055,54,10.1016/j.msec.2018.10.008,catalase,Kcat (s⁻¹),1400000.0,12.94592053689287,6.146128035678238,1.1121329369554436,-5.033995098722794,5.033995098722794,9.247086097780621e-06
publication_grouped_cv,M3_physics_independent,5,R055,54,10.1016/j.msec.2018.10.008,catalase,Vmax (nM s⁻¹),11300000000.0,230.83689726169862,10.05307844348342,2.3633052282116593,-7.68977321527176,7.68977321527176,2.0428044005460054e-08
publication_grouped_cv,M3_physics_independent,5,R060,59,10.1016/j.talanta.2020.120990,peroxidase,Km (mM),0.24,0.42489617454410294,-0.619788758288394,-0.37171717896429995,0.24807157932409402,0.24807157932409402,1.7704007272670956
publication_grouped_cv,M3_physics_independent,5,R060,59,10.1016/j.talanta.2020.120990,peroxidase,Kcat (s⁻¹),250000.0,22.521436086176696,5.3979400086720375,1.3525960799811267,-4.045343928690911,4.045343928690911,9.008574434470678e-05
publication_grouped_cv,M3_physics_independent,5,R060,59,10.1016/j.talanta.2020.120990,peroxidase,Vmax (nM s⁻¹),6800.0,68.53002559013879,3.832508912706236,1.8358808939894944,-1.9966280187167418,1.9966280187167418,0.010077944939726293
publication_grouped_cv,M3_physics_independent,5,R065,64,10.1007/s00604-017-2582-8,catalase,Km (mM),0.38,9.032243348717,-0.42021640338318983,0.9557956299334376,1.3760120333166275,1.3760120333166275,23.769061443992104
publication_grouped_cv,M3_physics_independent,5,R065,64,10.1007/s00604-017-2582-8,catalase,Kcat (s⁻¹),1380.0,0.017977299764041204,3.1398790864012365,-1.74527553983546,-4.885154626236696,4.885154626236696,1.3027028814522612e-05
publication_grouped_cv,M3_physics_independent,5,R065,64,10.1007/s00604-017-2582-8,catalase,Vmax (nM s⁻¹),241.0,75.72668864397059,2.3820170425748683,1.8792489665289145,-0.5027680760459539,0.5027680760459539,0.3142186250787161
publication_grouped_cv,M3_physics_independent,5,R069,68,10.1039/c6cc08542c,catalase,Km (mM),10.35,3.7640372603912704,1.0149403497929366,0.5756539138790846,-0.43928643591385197,0.43928643591385197,0.36367509762234496
publication_grouped_cv,M3_physics_independent,5,R069,68,10.1039/c6cc08542c,catalase,Kcat (s⁻¹),3000.0,0.05245280066073575,3.4771212547196626,-1.2802313181657365,-4.757352572885399,4.757352572885399,1.7484266886911917e-05
publication_grouped_cv,M3_physics_independent,5,R069,68,10.1039/c6cc08542c,catalase,Vmax (nM s⁻¹),0.689,126.61936853508826,-0.1617807780923742,2.1025001433158383,2.2642809214082127,2.2642809214082127,183.7726684108683
publication_grouped_cv,M3_physics_independent,5,R070,69,10.1016/j.msec.2018.10.008,catalase,Km (mM),70.0,7.220209973119473,1.845098040014257,0.8585498276030404,-0.9865482124112165,0.9865482124112165,0.10314585675884962
publication_grouped_cv,M3_physics_independent,5,R070,69,10.1016/j.msec.2018.10.008,catalase,Kcat (s⁻¹),810.0,12.94592053689287,2.90848501887865,1.1121329369554436,-1.7963520819232064,1.7963520819232064,0.01598261794678132
publication_grouped_cv,M3_physics_independent,5,R070,69,10.1016/j.msec.2018.10.008,catalase,Vmax (nM s⁻¹),9200000000.0,230.83689726169862,9.963787827345556,2.3633052282116593,-7.600482599133896,7.600482599133896,2.5090967093662894e-08
publication_grouped_cv,M3_physics_independent,5,R073,72,10.1007/s00604-017-2582-8,peroxidase,Km (mM),0.198,1.208295319596702,-0.7033348097384688,0.08217309322259393,0.7855079029610628,0.7855079029610628,6.1025016141247574
publication_grouped_cv,M3_physics_independent,5,R073,72,10.1007/s00604-017-2582-8,peroxidase,Kcat (s⁻¹),387.0,0.01105398982524915,2.5877109650189114,-1.9564809395045768,-4.544191904523489,4.544191904523489,2.8563281202194187e-05
publication_grouped_cv,M3_physics_independent,5,R073,72,10.1007/s00604-017-2582-8,peroxidase,Vmax (nM s⁻¹),67.8,53.90666836079756,1.8312296938670634,1.7316424915905957,-0.09958720227646767,0.09958720227646767,0.795083604141557
publication_grouped_cv,M3_physics_independent,5,R079,78,10.1016/j.talanta.2020.120990,catalase,Km (mM),396.0,0.8970436544859505,2.597695185925512,-0.04718642157013851,-2.6448816074956505,2.6448816074956505,0.0022652617537524
publication_grouped_cv,M3_physics_independent,5,R079,78,10.1016/j.talanta.2020.120990,catalase,Kcat (s⁻¹),320000.0,57.2893160351949,5.505149978319906,1.7580736373322827,-3.7470763409876238,3.7470763409876238,0.00017902911260998406
publication_grouped_cv,M3_physics_independent,5,R079,78,10.1016/j.talanta.2020.120990,catalase,Vmax (nM s⁻¹),8500.0,77.05942909993706,3.929418925714293,1.8868257871884604,-2.0425931385258327,2.0425931385258327,0.00906581518822789
publication_grouped_cv,M4_full_physics_chain,5,R002,1,10.1016/j.cej.2020.125530,unknown,Km (mM),2.75,0.3262245230846604,0.43933269383026263,-0.48648339510434174,-0.9258160889346043,0.9258160889346043,0.11862709930351287
publication_grouped_cv,M4_full_physics_chain,5,R002,1,10.1016/j.cej.2020.125530,unknown,Kcat (s⁻¹),0.00063,0.21637651824618795,-3.2006594505464183,-0.6647898717976436,2.5358695787487746,2.5358695787487746,343.45479086696497
publication_grouped_cv,M4_full_physics_chain,5,R002,1,10.1016/j.cej.2020.125530,unknown,Vmax (nM s⁻¹),813000.0,34.96077437485382,5.910090545594068,1.5435810436134336,-4.366509501980635,4.366509501980635,4.300218250289523e-05
publication_grouped_cv,M4_full_physics_chain,5,R003,2,10.1039/c6cc08542c,catalase,Km (mM),458.9,2.8405557829108012,2.6617180576946593,0.45340332238372855,-2.208314735310931,2.208314735310931,0.006189923257595993
publication_grouped_cv,M4_full_physics_chain,5,R003,2,10.1039/c6cc08542c,catalase,Kcat (s⁻¹),312000.0,0.1123065978152784,5.494154594018442,-0.9495947289513835,-6.4437493229698255,6.4437493229698255,3.5995704427973843e-07
publication_grouped_cv,M4_full_physics_chain,5,R003,2,10.1039/c6cc08542c,catalase,Vmax (nM s⁻¹),3.06,153.01191667184122,0.48572142648158,2.184725255283536,1.6990038288019558,1.6990038288019558,50.003894337203015
publication_grouped_cv,M4_full_physics_chain,5,R009,8,10.1039/c6cc08542c,catalase,Km (mM),37.99,2.8405557829108012,1.5796692935547203,0.45340332238372855,-1.1262659711709917,1.1262659711709917,0.0747711445883338
publication_grouped_cv,M4_full_physics_chain,5,R009,8,10.1039/c6cc08542c,catalase,Kcat (s⁻¹),539000.0,0.1123065978152784,5.731588765186738,-0.9495947289513835,-6.681183494138121,6.681183494138121,2.0836103490775212e-07
publication_grouped_cv,M4_full_physics_chain,5,R009,8,10.1039/c6cc08542c,catalase,Vmax (nM s⁻¹),5.28,153.01191667184122,0.7226339225338123,2.184725255283536,1.4620913327497236,1.4620913327497236,28.9795296726972
publication_grouped_cv,M4_full_physics_chain,5,R018,17,10.1016/j.talanta.2020.120990,peroxidase,Km (mM),0.52,0.4248961745441029,-0.28399665636520083,-0.37171717896430007,-0.08772052259909924,0.08772052259909924,0.8171080279694286
publication_grouped_cv,M4_full_physics_chain,5,R018,17,10.1016/j.talanta.2020.120990,peroxidase,Kcat (s⁻¹),820000.0,23.45910529223051,5.913813852383717,1.3703114445204785,-4.5435024078632384,4.5435024078632384,2.8608664990525012e-05
publication_grouped_cv,M4_full_physics_chain,5,R018,17,10.1016/j.talanta.2020.120990,peroxidase,Vmax (nM s⁻¹),22000.0,67.76198640176354,4.342422680822207,1.8309861285900664,-2.5114365522321402,2.5114365522321402,0.0030800902909892515
publication_grouped_cv,M4_full_physics_chain,5,R020,19,10.1016/j.cej.2020.125530,unknown,Km (mM),3.18,0.3262245230846604,0.5024271199844327,-0.48648339510434174,-0.9889105150887745,0.9889105150887745,0.10258632801404415
publication_grouped_cv,M4_full_physics_chain,5,R020,19,10.1016/j.cej.2020.125530,unknown,Kcat (s⁻¹),0.00033,0.21637651824618795,-3.4814860601221125,-0.6647898717976436,2.8166961883244688,2.8166961883244688,655.6864189278423
publication_grouped_cv,M4_full_physics_chain,5,R020,19,10.1016/j.cej.2020.125530,unknown,Vmax (nM s⁻¹),868000.0,34.96077437485382,5.938519725176492,1.5435810436134336,-4.394938681563058,4.394938681563058,4.02773898327809e-05
publication_grouped_cv,M4_full_physics_chain,5,R027,26,10.1016/j.cej.2020.125530,unknown,Km (mM),2.33,0.3262245230846604,0.367355921026019,-0.48648339510434174,-0.8538393161303608,0.8538393161303608,0.1400105249290388
publication_grouped_cv,M4_full_physics_chain,5,R027,26,10.1016/j.cej.2020.125530,unknown,Kcat (s⁻¹),0.00052,0.21637651824618795,-3.283996656365201,-0.6647898717976436,2.6192067845675573,2.6192067845675573,416.10868893497684
publication_grouped_cv,M4_full_physics_chain,5,R027,26,10.1016/j.cej.2020.125530,unknown,Vmax (nM s⁻¹),868000.0,34.96077437485382,5.938519725176492,1.5435810436134336,-4.394938681563058,4.394938681563058,4.02773898327809e-05
publication_grouped_cv,M4_full_physics_chain,5,R034,33,10.1016/j.cej.2020.125530,unknown,Km (mM),2.33,0.3262245230846604,0.367355921026019,-0.48648339510434174,-0.8538393161303608,0.8538393161303608,0.1400105249290388
publication_grouped_cv,M4_full_physics_chain,5,R034,33,10.1016/j.cej.2020.125530,unknown,Kcat (s⁻¹),0.00052,0.21637651824618795,-3.283996656365201,-0.6647898717976436,2.6192067845675573,2.6192067845675573,416.10868893497684
publication_grouped_cv,M4_full_physics_chain,5,R034,33,10.1016/j.cej.2020.125530,unknown,Vmax (nM s⁻¹),868000.0,34.96077437485382,5.938519725176492,1.5435810436134336,-4.394938681563058,4.394938681563058,4.02773898327809e-05
publication_grouped_cv,M4_full_physics_chain,5,R040,39,10.1016/j.cej.2020.125530,unknown,Km (mM),3.43,0.3262245230846604,0.5352941200427705,-0.48648339510434174,-1.0217775151471122,1.0217775151471122,0.09510919040369106
publication_grouped_cv,M4_full_physics_chain,5,R040,39,10.1016/j.cej.2020.125530,unknown,Kcat (s⁻¹),0.00511,0.21637651824618795,-2.291579099865287,-0.6647898717976436,1.6267892280676435,1.6267892280676435,42.34374133976281
publication_grouped_cv,M4_full_physics_chain,5,R040,39,10.1016/j.cej.2020.125530,unknown,Vmax (nM s⁻¹),362000.0,34.96077437485382,5.558708570533166,1.5435810436134336,-4.015127526919732,4.015127526919732,9.657672479241386e-05
publication_grouped_cv,M4_full_physics_chain,5,R042,41,10.1016/j.cej.2020.125530,unknown,Km (mM),4.3,0.3262245230846604,0.6334684555795865,-0.48648339510434174,-1.1199518506839283,1.1199518506839283,0.07586616815922334
publication_grouped_cv,M4_full_physics_chain,5,R042,41,10.1016/j.cej.2020.125530,unknown,Kcat (s⁻¹),0.00501,0.21637651824618795,-2.300162274132754,-0.6647898717976436,1.6353724023351104,1.6353724023351104,43.188925797642305
publication_grouped_cv,M4_full_physics_chain,5,R042,41,10.1016/j.cej.2020.125530,unknown,Vmax (nM s⁻¹),225000.0,34.96077437485382,5.352182518111363,1.5435810436134336,-3.8086014744979293,3.8086014744979293,0.00015538121944379474
publication_grouped_cv,M4_full_physics_chain,5,R052,51,10.1016/j.talanta.2020.120990,catalase,Km (mM),1100.0,0.8970436544859505,3.041392685158225,-0.04718642157013851,-3.088579106728363,3.088579106728363,0.0008154942313508641
publication_grouped_cv,M4_full_physics_chain,5,R052,51,10.1016/j.talanta.2020.120990,catalase,Kcat (s⁻¹),1200000.0,75.78981577648926,6.079181246047625,1.8796108514206287,-4.199570394626996,4.199570394626996,6.315817981374105e-05
publication_grouped_cv,M4_full_physics_chain,5,R052,51,10.1016/j.talanta.2020.120990,catalase,Vmax (nM s⁻¹),31000.0,79.83166588529714,4.491361693834273,1.902175191994881,-2.589186501839392,2.589186501839392,0.0025752150285579724
publication_grouped_cv,M4_full_physics_chain,5,R055,54,10.1016/j.msec.2018.10.008,catalase,Km (mM),20.0,7.220209973119473,1.3010299956639813,0.8585498276030404,-0.4424801680609408,0.4424801680609408,0.3610104986559736
publication_grouped_cv,M4_full_physics_chain,5,R055,54,10.1016/j.msec.2018.10.008,catalase,Kcat (s⁻¹),1400000.0,15.77320694879298,6.146128035678238,1.1979200014182863,-4.948208034259952,4.948208034259952,1.1266576391994985e-05
publication_grouped_cv,M4_full_physics_chain,5,R055,54,10.1016/j.msec.2018.10.008,catalase,Vmax (nM s⁻¹),11300000000.0,189.6883027462999,10.05307844348342,2.278040550660067,-7.775037892823352,7.775037892823352,1.678657546427433e-08
publication_grouped_cv,M4_full_physics_chain,5,R060,59,10.1016/j.talanta.2020.120990,peroxidase,Km (mM),0.24,0.4248961745441029,-0.619788758288394,-0.37171717896430007,0.2480715793240939,0.2480715793240939,1.7704007272670954
publication_grouped_cv,M4_full_physics_chain,5,R060,59,10.1016/j.talanta.2020.120990,peroxidase,Kcat (s⁻¹),250000.0,23.45910529223051,5.3979400086720375,1.3703114445204785,-4.027628564151559,4.027628564151559,9.383642116892205e-05
publication_grouped_cv,M4_full_physics_chain,5,R060,59,10.1016/j.talanta.2020.120990,peroxidase,Vmax (nM s⁻¹),6800.0,67.76198640176354,3.832508912706236,1.8309861285900664,-2.00152278411617,2.00152278411617,0.009964998000259344
publication_grouped_cv,M4_full_physics_chain,5,R065,64,10.1007/s00604-017-2582-8,catalase,Km (mM),0.38,9.032243348717,-0.42021640338318983,0.9557956299334376,1.3760120333166275,1.3760120333166275,23.769061443992104
publication_grouped_cv,M4_full_physics_chain,5,R065,64,10.1007/s00604-017-2582-8,catalase,Kcat (s⁻¹),1380.0,0.024180217354547315,3.1398790864012365,-1.616539799610224,-4.756418886011461,4.756418886011461,1.7521896633729937e-05
publication_grouped_cv,M4_full_physics_chain,5,R065,64,10.1007/s00604-017-2582-8,catalase,Vmax (nM s⁻¹),241.0,96.69906790509023,2.3820170425748683,1.985422287882103,-0.3965947546927653,0.3965947546927653,0.4012409456642748
publication_grouped_cv,M4_full_physics_chain,5,R069,68,10.1039/c6cc08542c,catalase,Km (mM),10.35,3.7640372603912704,1.0149403497929366,0.5756539138790846,-0.43928643591385197,0.43928643591385197,0.36367509762234496
publication_grouped_cv,M4_full_physics_chain,5,R069,68,10.1039/c6cc08542c,catalase,Kcat (s⁻¹),3000.0,0.06387553796478602,3.4771212547196626,-1.1946654291796703,-4.671786683899333,4.671786683899333,2.1291845988262008e-05
publication_grouped_cv,M4_full_physics_chain,5,R069,68,10.1039/c6cc08542c,catalase,Vmax (nM s⁻¹),0.689,125.38815749113857,-0.1617807780923742,2.0982565207122486,2.260037298804623,2.260037298804623,181.98571479120258
publication_grouped_cv,M4_full_physics_chain,5,R070,69,10.1016/j.msec.2018.10.008,catalase,Km (mM),70.0,7.220209973119473,1.845098040014257,0.8585498276030404,-0.9865482124112165,0.9865482124112165,0.10314585675884962
publication_grouped_cv,M4_full_physics_chain,5,R070,69,10.1016/j.msec.2018.10.008,catalase,Kcat (s⁻¹),810.0,15.77320694879298,2.90848501887865,1.1979200014182863,-1.7105650174603637,1.7105650174603637,0.01947309499850985
publication_grouped_cv,M4_full_physics_chain,5,R070,69,10.1016/j.msec.2018.10.008,catalase,Vmax (nM s⁻¹),9200000000.0,189.6883027462999,9.963787827345556,2.278040550660067,-7.685747276685488,7.685747276685488,2.061829377677173e-08
publication_grouped_cv,M4_full_physics_chain,5,R073,72,10.1007/s00604-017-2582-8,peroxidase,Km (mM),0.198,1.208295319596702,-0.7033348097384688,0.08217309322259393,0.7855079029610628,0.7855079029610628,6.1025016141247574
publication_grouped_cv,M4_full_physics_chain,5,R073,72,10.1007/s00604-017-2582-8,peroxidase,Kcat (s⁻¹),387.0,0.01931011768327446,2.5877109650189114,-1.7142150794551485,-4.30192604447406,4.30192604447406,4.989694491802186e-05
publication_grouped_cv,M4_full_physics_chain,5,R073,72,10.1007/s00604-017-2582-8,peroxidase,Vmax (nM s⁻¹),67.8,78.4355698281199,1.8312296938670634,1.8945130560113541,0.06328336214429076,0.06328336214429076,1.1568668116241874
publication_grouped_cv,M4_full_physics_chain,5,R079,78,10.1016/j.talanta.2020.120990,catalase,Km (mM),396.0,0.8970436544859505,2.597695185925512,-0.04718642157013851,-2.6448816074956505,2.6448816074956505,0.0022652617537524
publication_grouped_cv,M4_full_physics_chain,5,R079,78,10.1016/j.talanta.2020.120990,catalase,Kcat (s⁻¹),320000.0,75.78981577648926,5.505149978319906,1.8796108514206287,-3.6255391268992776,3.6255391268992776,0.00023684317430152895
publication_grouped_cv,M4_full_physics_chain,5,R079,78,10.1016/j.talanta.2020.120990,catalase,Vmax (nM s⁻¹),8500.0,79.83166588529714,3.929418925714293,1.902175191994881,-2.027243733719412,2.027243733719412,0.009391960692387898
publication_grouped_cv,A0_physics_no_arrhenius,5,R002,1,10.1016/j.cej.2020.125530,unknown,Km (mM),2.75,0.3223159393093468,0.43933269383026263,-0.4917182170352044,-0.931050910865467,0.931050910865467,0.11720579611248975
publication_grouped_cv,A0_physics_no_arrhenius,5,R002,1,10.1016/j.cej.2020.125530,unknown,Kcat (s⁻¹),0.00063,0.1812229828968174,-3.2006594505464183,-0.7417867254654054,2.458872725081013,2.458872725081013,287.65552840764667
publication_grouped_cv,A0_physics_no_arrhenius,5,R002,1,10.1016/j.cej.2020.125530,unknown,Vmax (nM s⁻¹),813000.0,29.36181398984071,5.910090545594068,1.4677828830370165,-4.4423076625570515,4.4423076625570515,3.6115392361427686e-05
publication_grouped_cv,A0_physics_no_arrhenius,5,R003,2,10.1039/c6cc08542c,catalase,Km (mM),458.9,2.6560517473299963,2.6617180576946593,0.4242365320517574,-2.237481525642902,2.237481525642902,0.005787866087012413
publication_grouped_cv,A0_physics_no_arrhenius,5,R003,2,10.1039/c6cc08542c,catalase,Kcat (s⁻¹),312000.0,0.03600835550786894,5.494154594018442,-1.443596712290651,-6.937751306309093,6.937751306309093,1.1541139585855429e-07
publication_grouped_cv,A0_physics_no_arrhenius,5,R003,2,10.1039/c6cc08542c,catalase,Vmax (nM s⁻¹),3.06,141.63332964212168,0.48572142648158,2.1511654650513803,1.6654440385698002,1.6654440385698002,46.28540184383061
publication_grouped_cv,A0_physics_no_arrhenius,5,R009,8,10.1039/c6cc08542c,catalase,Km (mM),37.99,2.6560517473299963,1.5796692935547203,0.4242365320517574,-1.155432761502963,1.155432761502963,0.069914497165833
publication_grouped_cv,A0_physics_no_arrhenius,5,R009,8,10.1039/c6cc08542c,catalase,Kcat (s⁻¹),539000.0,0.03600835550786894,5.731588765186738,-1.443596712290651,-7.175185477477389,7.175185477477389,6.680585437452493e-08
publication_grouped_cv,A0_physics_no_arrhenius,5,R009,8,10.1039/c6cc08542c,catalase,Vmax (nM s⁻¹),5.28,141.63332964212168,0.7226339225338123,2.1511654650513803,1.428531542517568,1.428531542517568,26.82449425040183
publication_grouped_cv,A0_physics_no_arrhenius,5,R018,17,10.1016/j.talanta.2020.120990,peroxidase,Km (mM),0.52,0.6939055788396219,-0.28399665636520083,-0.15869962086895784,0.125297035496243,0.125297035496243,1.3344338054608114
publication_grouped_cv,A0_physics_no_arrhenius,5,R018,17,10.1016/j.talanta.2020.120990,peroxidase,Kcat (s⁻¹),820000.0,39.40861595832816,5.913813852383717,1.5955911825891311,-4.318222669794586,4.318222669794586,4.8059287754058735e-05
publication_grouped_cv,A0_physics_no_arrhenius,5,R018,17,10.1016/j.talanta.2020.120990,peroxidase,Vmax (nM s⁻¹),22000.0,73.56191971425095,4.342422680822207,1.8666530543130122,-2.4757696265091944,2.4757696265091944,0.0033437236233750433
publication_grouped_cv,A0_physics_no_arrhenius,5,R020,19,10.1016/j.cej.2020.125530,unknown,Km (mM),3.18,0.3223159393093468,0.5024271199844327,-0.4917182170352044,-0.9941453370196371,0.9941453370196371,0.10135721361929145
publication_grouped_cv,A0_physics_no_arrhenius,5,R020,19,10.1016/j.cej.2020.125530,unknown,Kcat (s⁻¹),0.00033,0.1812229828968174,-3.4814860601221125,-0.7417867254654054,2.739699334656707,2.739699334656707,549.16055423278
publication_grouped_cv,A0_physics_no_arrhenius,5,R020,19,10.1016/j.cej.2020.125530,unknown,Vmax (nM s⁻¹),868000.0,29.36181398984071,5.938519725176492,1.4677828830370165,-4.470736842139475,4.470736842139475,3.382697464267363e-05
publication_grouped_cv,A0_physics_no_arrhenius,5,R027,26,10.1016/j.cej.2020.125530,unknown,Km (mM),2.33,0.3223159393093468,0.367355921026019,-0.4917182170352044,-0.8590741380612235,0.8590741380612235,0.1383330211628098
publication_grouped_cv,A0_physics_no_arrhenius,5,R027,26,10.1016/j.cej.2020.125530,unknown,Kcat (s⁻¹),0.00052,0.1812229828968174,-3.283996656365201,-0.7417867254654054,2.5422099308997956,2.5422099308997956,348.5057363400335
publication_grouped_cv,A0_physics_no_arrhenius,5,R027,26,10.1016/j.cej.2020.125530,unknown,Vmax (nM s⁻¹),868000.0,29.36181398984071,5.938519725176492,1.4677828830370165,-4.470736842139475,4.470736842139475,3.382697464267363e-05
publication_grouped_cv,A0_physics_no_arrhenius,5,R034,33,10.1016/j.cej.2020.125530,unknown,Km (mM),2.33,0.3223159393093468,0.367355921026019,-0.4917182170352044,-0.8590741380612235,0.8590741380612235,0.1383330211628098
publication_grouped_cv,A0_physics_no_arrhenius,5,R034,33,10.1016/j.cej.2020.125530,unknown,Kcat (s⁻¹),0.00052,0.1812229828968174,-3.283996656365201,-0.7417867254654054,2.5422099308997956,2.5422099308997956,348.5057363400335
publication_grouped_cv,A0_physics_no_arrhenius,5,R034,33,10.1016/j.cej.2020.125530,unknown,Vmax (nM s⁻¹),868000.0,29.36181398984071,5.938519725176492,1.4677828830370165,-4.470736842139475,4.470736842139475,3.382697464267363e-05
publication_grouped_cv,A0_physics_no_arrhenius,5,R040,39,10.1016/j.cej.2020.125530,unknown,Km (mM),3.43,0.3223159393093468,0.5352941200427705,-0.4917182170352044,-1.027012337077975,1.027012337077975,0.09396966160622355
publication_grouped_cv,A0_physics_no_arrhenius,5,R040,39,10.1016/j.cej.2020.125530,unknown,Kcat (s⁻¹),0.00511,0.1812229828968174,-2.291579099865287,-0.7417867254654054,1.5497923743998818,1.5497923743998818,35.46438021464137
publication_grouped_cv,A0_physics_no_arrhenius,5,R040,39,10.1016/j.cej.2020.125530,unknown,Vmax (nM s⁻¹),362000.0,29.36181398984071,5.558708570533166,1.4677828830370165,-4.090925687496149,4.090925687496149,8.110998339735003e-05
publication_grouped_cv,A0_physics_no_arrhenius,5,R042,41,10.1016/j.cej.2020.125530,unknown,Km (mM),4.3,0.3223159393093468,0.6334684555795865,-0.4917182170352044,-1.125186672614791,1.125186672614791,0.0749571951882202
publication_grouped_cv,A0_physics_no_arrhenius,5,R042,41,10.1016/j.cej.2020.125530,unknown,Kcat (s⁻¹),0.00501,0.1812229828968174,-2.300162274132754,-0.7417867254654054,1.5583755486673487,1.5583755486673487,36.17225207521306
publication_grouped_cv,A0_physics_no_arrhenius,5,R042,41,10.1016/j.cej.2020.125530,unknown,Vmax (nM s⁻¹),225000.0,29.36181398984071,5.352182518111363,1.4677828830370165,-3.884399635074346,3.884399635074346,0.0001304969510659587
publication_grouped_cv,A0_physics_no_arrhenius,5,R052,51,10.1016/j.talanta.2020.120990,catalase,Km (mM),1100.0,0.6939055788396219,3.041392685158225,-0.15869962086895784,-3.200092306027183,3.200092306027183,0.0006308232534905653
publication_grouped_cv,A0_physics_no_arrhenius,5,R052,51,10.1016/j.talanta.2020.120990,catalase,Kcat (s⁻¹),1200000.0,39.40861595832816,6.079181246047625,1.5955911825891311,-4.483590063458494,4.483590063458494,3.28405132986068e-05
publication_grouped_cv,A0_physics_no_arrhenius,5,R052,51,10.1016/j.talanta.2020.120990,catalase,Vmax (nM s⁻¹),31000.0,73.56191971425095,4.491361693834273,1.8666530543130122,-2.624708639521261,2.624708639521261,0.0023729651520726113
publication_grouped_cv,A0_physics_no_arrhenius,5,R055,54,10.1016/j.msec.2018.10.008,catalase,Km (mM),20.0,1.8603034606408864,1.3010299956639813,0.26958379396632975,-1.0314462016976516,1.0314462016976516,0.09301517303204432
publication_grouped_cv,A0_physics_no_arrhenius,5,R055,54,10.1016/j.msec.2018.10.008,catalase,Kcat (s⁻¹),1400000.0,17.78406541962289,6.146128035678238,1.2500310472690366,-4.896096988409202,4.896096988409202,1.2702903871159208e-05
publication_grouped_cv,A0_physics_no_arrhenius,5,R055,54,10.1016/j.msec.2018.10.008,catalase,Vmax (nM s⁻¹),11300000000.0,216.54789854768944,10.05307844348342,2.3355539735492563,-7.717524469934164,7.717524469934164,1.916353084492827e-08
publication_grouped_cv,A0_physics_no_arrhenius,5,R060,59,10.1016/j.talanta.2020.120990,peroxidase,Km (mM),0.24,0.6939055788396219,-0.619788758288394,-0.15869962086895784,0.46108913741943613,0.46108913741943613,2.8912732451650913
publication_grouped_cv,A0_physics_no_arrhenius,5,R060,59,10.1016/j.talanta.2020.120990,peroxidase,Kcat (s⁻¹),250000.0,39.40861595832816,5.3979400086720375,1.5955911825891311,-3.8023488260829064,3.8023488260829064,0.00015763446383331266
publication_grouped_cv,A0_physics_no_arrhenius,5,R060,59,10.1016/j.talanta.2020.120990,peroxidase,Vmax (nM s⁻¹),6800.0,73.56191971425095,3.832508912706236,1.8666530543130122,-1.965855858393224,1.965855858393224,0.010817929369742787
publication_grouped_cv,A0_physics_no_arrhenius,5,R065,64,10.1007/s00604-017-2582-8,catalase,Km (mM),0.38,4.486989776781577,-0.42021640338318983,0.651955080031758,1.0721714834149478,1.0721714834149478,11.80786783363573
publication_grouped_cv,A0_physics_no_arrhenius,5,R065,64,10.1007/s00604-017-2582-8,catalase,Kcat (s⁻¹),1380.0,0.00758901882546098,3.1398790864012365,-2.1198143698532763,-5.259693456254513,5.259693456254513,5.499289003957232e-06
publication_grouped_cv,A0_physics_no_arrhenius,5,R065,64,10.1007/s00604-017-2582-8,catalase,Vmax (nM s⁻¹),241.0,74.28060897754709,2.3820170425748683,1.870875455575338,-0.5111415869995304,0.5111415869995304,0.30821829451264354
publication_grouped_cv,A0_physics_no_arrhenius,5,R069,68,10.1039/c6cc08542c,catalase,Km (mM),10.35,2.973553467512687,1.0149403497929366,0.4732757519615631,-0.5416645978313734,0.5416645978313734,0.287299851933593
publication_grouped_cv,A0_physics_no_arrhenius,5,R069,68,10.1039/c6cc08542c,catalase,Kcat (s⁻¹),3000.0,0.02010397248571562,3.4771212547196626,-1.6967181187902345,-5.173839373509897,5.173839373509897,6.7013241619052076e-06
publication_grouped_cv,A0_physics_no_arrhenius,5,R069,68,10.1039/c6cc08542c,catalase,Vmax (nM s⁻¹),0.689,124.52450162127874,-0.1617807780923742,2.0952548122509445,2.257035590343319,2.257035590343319,180.73222296266874
publication_grouped_cv,A0_physics_no_arrhenius,5,R070,69,10.1016/j.msec.2018.10.008,catalase,Km (mM),70.0,1.8603034606408864,1.845098040014257,0.26958379396632975,-1.5755142460479272,1.5755142460479272,0.026575763723441233
publication_grouped_cv,A0_physics_no_arrhenius,5,R070,69,10.1016/j.msec.2018.10.008,catalase,Kcat (s⁻¹),810.0,17.78406541962289,2.90848501887865,1.2500310472690366,-1.6584539716096134,1.6584539716096134,0.02195563632052209
publication_grouped_cv,A0_physics_no_arrhenius,5,R070,69,10.1016/j.msec.2018.10.008,catalase,Vmax (nM s⁻¹),9200000000.0,216.54789854768944,9.963787827345556,2.3355539735492563,-7.628233853796299,7.628233853796299,2.353781505953146e-08
publication_grouped_cv,A0_physics_no_arrhenius,5,R073,72,10.1007/s00604-017-2582-8,peroxidase,Km (mM),0.198,4.486989776781577,-0.7033348097384688,0.651955080031758,1.3552898897702268,1.3552898897702268,22.661564529199882
publication_grouped_cv,A0_physics_no_arrhenius,5,R073,72,10.1007/s00604-017-2582-8,peroxidase,Kcat (s⁻¹),387.0,0.00758901882546098,2.5877109650189114,-2.1198143698532763,-4.707525334872187,4.707525334872187,1.9609867766049045e-05
publication_grouped_cv,A0_physics_no_arrhenius,5,R073,72,10.1007/s00604-017-2582-8,peroxidase,Vmax (nM s⁻¹),67.8,74.28060897754709,1.8312296938670634,1.870875455575338,0.03964576170827461,0.03964576170827461,1.0955842032086591
publication_grouped_cv,A0_physics_no_arrhenius,5,R079,78,10.1016/j.talanta.2020.120990,catalase,Km (mM),396.0,0.6939055788396219,2.597695185925512,-0.15869962086895784,-2.75639480679447,2.75639480679447,0.0017522868152515705
publication_grouped_cv,A0_physics_no_arrhenius,5,R079,78,10.1016/j.talanta.2020.120990,catalase,Kcat (s⁻¹),320000.0,39.40861595832816,5.505149978319906,1.5955911825891311,-3.909558795730775,3.909558795730775,0.00012315192486977552
publication_grouped_cv,A0_physics_no_arrhenius,5,R079,78,10.1016/j.talanta.2020.120990,catalase,Vmax (nM s⁻¹),8500.0,73.56191971425095,3.929418925714293,1.8666530543130122,-2.0627658714012806,2.0627658714012806,0.008654343495794229
publication_grouped_cv,A1_physics_plus_activity_category,5,R002,1,10.1016/j.cej.2020.125530,unknown,Km (mM),2.75,0.48229303925934014,0.43933269383026263,-0.316689006029752,-0.7560216998600147,0.7560216998600147,0.17537928700339642
publication_grouped_cv,A1_physics_plus_activity_category,5,R002,1,10.1016/j.cej.2020.125530,unknown,Kcat (s⁻¹),0.00063,0.48017290379816524,-3.2006594505464183,-0.3186023508657433,2.882057099680675,2.882057099680675,762.17921237804
publication_grouped_cv,A1_physics_plus_activity_category,5,R002,1,10.1016/j.cej.2020.125530,unknown,Vmax (nM s⁻¹),813000.0,54.08995670657474,5.910090545594068,1.733116633834314,-4.176973911759754,4.176973911759754,6.653131206220755e-05
publication_grouped_cv,A1_physics_plus_activity_category,5,R003,2,10.1039/c6cc08542c,catalase,Km (mM),458.9,7.2531846261866635,2.6617180576946593,0.8605287323512508,-1.8011893253434086,1.8011893253434086,0.015805588638454268
publication_grouped_cv,A1_physics_plus_activity_category,5,R003,2,10.1039/c6cc08542c,catalase,Kcat (s⁻¹),312000.0,0.6124227340836341,5.494154594018442,-0.2129486959884479,-5.7071032900068905,5.7071032900068905,1.9628933784731863e-06
publication_grouped_cv,A1_physics_plus_activity_category,5,R003,2,10.1039/c6cc08542c,catalase,Vmax (nM s⁻¹),3.06,170.40617600366585,0.48572142648158,2.2314853307810707,1.7457639042994906,1.7457639042994906,55.68829281165551
publication_grouped_cv,A1_physics_plus_activity_category,5,R009,8,10.1039/c6cc08542c,catalase,Km (mM),37.99,7.2531846261866635,1.5796692935547203,0.8605287323512508,-0.7191405612034695,0.7191405612034695,0.19092352266877238
publication_grouped_cv,A1_physics_plus_activity_category,5,R009,8,10.1039/c6cc08542c,catalase,Kcat (s⁻¹),539000.0,0.6124227340836341,5.731588765186738,-0.2129486959884479,-5.944537461175186,5.944537461175186,1.136220285869451e-06
publication_grouped_cv,A1_physics_plus_activity_category,5,R009,8,10.1039/c6cc08542c,catalase,Vmax (nM s⁻¹),5.28,170.40617600366585,0.7226339225338123,2.2314853307810707,1.5088514082472584,1.5088514082472584,32.273896970391256
publication_grouped_cv,A1_physics_plus_activity_category,5,R018,17,10.1016/j.talanta.2020.120990,peroxidase,Km (mM),0.52,0.3582008604076689,-0.28399665636520083,-0.4458733752992318,-0.161876718934031,0.161876718934031,0.6888478084762863
publication_grouped_cv,A1_physics_plus_activity_category,5,R018,17,10.1016/j.talanta.2020.120990,peroxidase,Kcat (s⁻¹),820000.0,7.455295958041945,5.913813852383717,0.8724648886197615,-5.041348963763955,5.041348963763955,9.091824339075543e-06
publication_grouped_cv,A1_physics_plus_activity_category,5,R018,17,10.1016/j.talanta.2020.120990,peroxidase,Vmax (nM s⁻¹),22000.0,66.60344422802422,4.342422680822207,1.8234966881875485,-2.5189259926346583,2.5189259926346583,0.00302742928309201
publication_grouped_cv,A1_physics_plus_activity_category,5,R020,19,10.1016/j.cej.2020.125530,unknown,Km (mM),3.18,0.48229303925934014,0.5024271199844327,-0.316689006029752,-0.8191161260141846,0.8191161260141846,0.15166447775450947
publication_grouped_cv,A1_physics_plus_activity_category,5,R020,19,10.1016/j.cej.2020.125530,unknown,Kcat (s⁻¹),0.00033,0.48017290379816524,-3.4814860601221125,-0.3186023508657433,3.162883709256369,3.162883709256369,1455.0694054489857
publication_grouped_cv,A1_physics_plus_activity_category,5,R020,19,10.1016/j.cej.2020.125530,unknown,Vmax (nM s⁻¹),868000.0,54.08995670657474,5.938519725176492,1.733116633834314,-4.205403091342178,4.205403091342178,6.231561832554693e-05
publication_grouped_cv,A1_physics_plus_activity_category,5,R027,26,10.1016/j.cej.2020.125530,unknown,Km (mM),2.33,0.48229303925934014,0.367355921026019,-0.316689006029752,-0.6840449270557709,0.6840449270557709,0.20699272071216315
publication_grouped_cv,A1_physics_plus_activity_category,5,R027,26,10.1016/j.cej.2020.125530,unknown,Kcat (s⁻¹),0.00052,0.48017290379816524,-3.283996656365201,-0.3186023508657433,2.9653943054994576,2.9653943054994576,923.4094303810871
publication_grouped_cv,A1_physics_plus_activity_category,5,R027,26,10.1016/j.cej.2020.125530,unknown,Vmax (nM s⁻¹),868000.0,54.08995670657474,5.938519725176492,1.733116633834314,-4.205403091342178,4.205403091342178,6.231561832554693e-05
publication_grouped_cv,A1_physics_plus_activity_category,5,R034,33,10.1016/j.cej.2020.125530,unknown,Km (mM),2.33,0.48229303925934014,0.367355921026019,-0.316689006029752,-0.6840449270557709,0.6840449270557709,0.20699272071216315
publication_grouped_cv,A1_physics_plus_activity_category,5,R034,33,10.1016/j.cej.2020.125530,unknown,Kcat (s⁻¹),0.00052,0.48017290379816524,-3.283996656365201,-0.3186023508657433,2.9653943054994576,2.9653943054994576,923.4094303810871
publication_grouped_cv,A1_physics_plus_activity_category,5,R034,33,10.1016/j.cej.2020.125530,unknown,Vmax (nM s⁻¹),868000.0,54.08995670657474,5.938519725176492,1.733116633834314,-4.205403091342178,4.205403091342178,6.231561832554693e-05
publication_grouped_cv,A1_physics_plus_activity_category,5,R040,39,10.1016/j.cej.2020.125530,unknown,Km (mM),3.43,0.48229303925934014,0.5352941200427705,-0.316689006029752,-0.8519831260725226,0.8519831260725226,0.1406102155275044
publication_grouped_cv,A1_physics_plus_activity_category,5,R040,39,10.1016/j.cej.2020.125530,unknown,Kcat (s⁻¹),0.00511,0.48017290379816524,-2.291579099865287,-0.3186023508657433,1.9729767489995438,1.9729767489995438,93.96730015619671
publication_grouped_cv,A1_physics_plus_activity_category,5,R040,39,10.1016/j.cej.2020.125530,unknown,Vmax (nM s⁻¹),362000.0,54.08995670657474,5.558708570533166,1.733116633834314,-3.825591936698852,3.825591936698852,0.00014941976990766502
publication_grouped_cv,A1_physics_plus_activity_category,5,R042,41,10.1016/j.cej.2020.125530,unknown,Km (mM),4.3,0.48229303925934014,0.6334684555795865,-0.316689006029752,-0.9501574616093384,0.9501574616093384,0.11216117192077678
publication_grouped_cv,A1_physics_plus_activity_category,5,R042,41,10.1016/j.cej.2020.125530,unknown,Kcat (s⁻¹),0.00501,0.48017290379816524,-2.300162274132754,-0.3186023508657433,1.9815599232670107,1.9815599232670107,95.84289496969366
publication_grouped_cv,A1_physics_plus_activity_category,5,R042,41,10.1016/j.cej.2020.125530,unknown,Vmax (nM s⁻¹),225000.0,54.08995670657474,5.352182518111363,1.733116633834314,-3.619065884277049,3.619065884277049,0.0002403998075847766
publication_grouped_cv,A1_physics_plus_activity_category,5,R052,51,10.1016/j.talanta.2020.120990,catalase,Km (mM),1100.0,2.2434501277032615,3.041392685158225,0.3509164195325581,-2.6904762656256667,2.6904762656256667,0.002039500116093874
publication_grouped_cv,A1_physics_plus_activity_category,5,R052,51,10.1016/j.talanta.2020.120990,catalase,Kcat (s⁻¹),1200000.0,61.942698467040785,6.079181246047625,1.7919901210049158,-4.2871911250427095,4.2871911250427095,5.161891538920065e-05
publication_grouped_cv,A1_physics_plus_activity_category,5,R052,51,10.1016/j.talanta.2020.120990,catalase,Vmax (nM s⁻¹),31000.0,75.7148353528292,4.491361693834273,1.8791809822824574,-2.6121807115518156,2.6121807115518156,0.0024424140436396517
publication_grouped_cv,A1_physics_plus_activity_category,5,R055,54,10.1016/j.msec.2018.10.008,catalase,Km (mM),20.0,9.398172172308431,1.3010299956639813,0.9730433969327904,-0.32798659873119085,0.32798659873119085,0.46990860861542155
publication_grouped_cv,A1_physics_plus_activity_category,5,R055,54,10.1016/j.msec.2018.10.008,catalase,Kcat (s⁻¹),1400000.0,18.04305984972784,6.146128035678238,1.256310189700742,-4.889817845977496,4.889817845977496,1.2887899892662742e-05
publication_grouped_cv,A1_physics_plus_activity_category,5,R055,54,10.1016/j.msec.2018.10.008,catalase,Vmax (nM s⁻¹),11300000000.0,161.27517572787,10.05307844348342,2.2075675237801793,-7.845510919703241,7.845510919703241,1.4272139444944247e-08
publication_grouped_cv,A1_physics_plus_activity_category,5,R060,59,10.1016/j.talanta.2020.120990,peroxidase,Km (mM),0.24,0.3582008604076689,-0.619788758288394,-0.4458733752992318,0.17391538298916215,0.17391538298916215,1.492503585031954
publication_grouped_cv,A1_physics_plus_activity_category,5,R060,59,10.1016/j.talanta.2020.120990,peroxidase,Kcat (s⁻¹),250000.0,7.455295958041945,5.3979400086720375,0.8724648886197615,-4.525475120052276,4.525475120052276,2.982118383216778e-05
publication_grouped_cv,A1_physics_plus_activity_category,5,R060,59,10.1016/j.talanta.2020.120990,peroxidase,Vmax (nM s⁻¹),6800.0,66.60344422802422,3.832508912706236,1.8234966881875485,-2.0090122245186874,2.0090122245186874,0.009794624151180032
publication_grouped_cv,A1_physics_plus_activity_category,5,R065,64,10.1007/s00604-017-2582-8,catalase,Km (mM),0.38,12.337107713174118,-0.42021640338318983,1.0912133565014097,1.5114297598845996,1.5114297598845996,32.46607292940558
publication_grouped_cv,A1_physics_plus_activity_category,5,R065,64,10.1007/s00604-017-2582-8,catalase,Kcat (s⁻¹),1380.0,0.11307499541659209,3.1398790864012365,-0.9466334211858359,-4.086512507587073,4.086512507587073,8.193840247579137e-05
publication_grouped_cv,A1_physics_plus_activity_category,5,R065,64,10.1007/s00604-017-2582-8,catalase,Vmax (nM s⁻¹),241.0,117.09831370794747,2.3820170425748683,2.068550640993743,-0.31346640158112526,0.31346640158112526,0.48588511912011395
publication_grouped_cv,A1_physics_plus_activity_category,5,R069,68,10.1039/c6cc08542c,catalase,Km (mM),10.35,5.476247063709968,1.0149403497929366,0.7384830333234333,-0.2764573164695032,0.2764573164695032,0.5291059964937167
publication_grouped_cv,A1_physics_plus_activity_category,5,R069,68,10.1039/c6cc08542c,catalase,Kcat (s⁻¹),3000.0,0.36728563269099107,3.4771212547196626,-0.4349960598525296,-3.912117314572192,3.912117314572192,0.00012242854423033034
publication_grouped_cv,A1_physics_plus_activity_category,5,R069,68,10.1039/c6cc08542c,catalase,Vmax (nM s⁻¹),0.689,157.91869396181355,-0.1617807780923742,2.1984335435859275,2.360214321678302,2.360214321678302,229.19984609842317
publication_grouped_cv,A1_physics_plus_activity_category,5,R070,69,10.1016/j.msec.2018.10.008,catalase,Km (mM),70.0,9.398172172308431,1.845098040014257,0.9730433969327904,-0.8720546430814665,0.8720546430814665,0.13425960246154903
publication_grouped_cv,A1_physics_plus_activity_category,5,R070,69,10.1016/j.msec.2018.10.008,catalase,Kcat (s⁻¹),810.0,18.04305984972784,2.90848501887865,1.256310189700742,-1.652174829177908,1.652174829177908,0.022275382530528198
publication_grouped_cv,A1_physics_plus_activity_category,5,R070,69,10.1016/j.msec.2018.10.008,catalase,Vmax (nM s⁻¹),9200000000.0,161.27517572787,9.963787827345556,2.2075675237801793,-7.756220303565376,7.756220303565376,1.752991040520326e-08
publication_grouped_cv,A1_physics_plus_activity_category,5,R073,72,10.1007/s00604-017-2582-8,peroxidase,Km (mM),0.198,0.6791345727819128,-0.7033348097384688,-0.16804416029128283,0.5352906494471861,0.5352906494471861,3.4299725898076403
publication_grouped_cv,A1_physics_plus_activity_category,5,R073,72,10.1007/s00604-017-2582-8,peroxidase,Kcat (s⁻¹),387.0,0.042705274623878936,2.5877109650189114,-1.3695184809803227,-3.957229445999234,3.957229445999234,0.00011034954683172852
publication_grouped_cv,A1_physics_plus_activity_category,5,R073,72,10.1007/s00604-017-2582-8,peroxidase,Vmax (nM s⁻¹),67.8,85.56649068697786,1.8312296938670634,1.9323037207641724,0.10107402689710909,0.10107402689710909,1.2620426355011485
publication_grouped_cv,A1_physics_plus_activity_category,5,R079,78,10.1016/j.talanta.2020.120990,catalase,Km (mM),396.0,2.2434501277032615,2.597695185925512,0.3509164195325581,-2.246778766392954,2.246778766392954,0.005665278100260762
publication_grouped_cv,A1_physics_plus_activity_category,5,R079,78,10.1016/j.talanta.2020.120990,catalase,Kcat (s⁻¹),320000.0,61.942698467040785,5.505149978319906,1.7919901210049158,-3.7131598573149907,3.7131598573149907,0.00019357093270950247
publication_grouped_cv,A1_physics_plus_activity_category,5,R079,78,10.1016/j.talanta.2020.120990,catalase,Vmax (nM s⁻¹),8500.0,75.7148353528292,3.929418925714293,1.8791809822824574,-2.0502379434318354,2.0502379434318354,0.008907627688568141
publication_grouped_cv,A2_physics_plus_arrhenius,5,R002,1,10.1016/j.cej.2020.125530,unknown,Km (mM),2.75,0.3262245230846604,0.43933269383026263,-0.48648339510434174,-0.9258160889346043,0.9258160889346043,0.11862709930351287
publication_grouped_cv,A2_physics_plus_arrhenius,5,R002,1,10.1016/j.cej.2020.125530,unknown,Kcat (s⁻¹),0.00063,0.21637651824618795,-3.2006594505464183,-0.6647898717976436,2.5358695787487746,2.5358695787487746,343.45479086696497
publication_grouped_cv,A2_physics_plus_arrhenius,5,R002,1,10.1016/j.cej.2020.125530,unknown,Vmax (nM s⁻¹),813000.0,34.9607743748538,5.910090545594068,1.5435810436134334,-4.366509501980635,4.366509501980635,4.30021825028952e-05
publication_grouped_cv,A2_physics_plus_arrhenius,5,R003,2,10.1039/c6cc08542c,catalase,Km (mM),458.9,2.840555782910801,2.6617180576946593,0.4534033223837285,-2.208314735310931,2.208314735310931,0.006189923257595992
publication_grouped_cv,A2_physics_plus_arrhenius,5,R003,2,10.1039/c6cc08542c,catalase,Kcat (s⁻¹),312000.0,0.11230659781527845,5.494154594018442,-0.9495947289513833,-6.4437493229698255,6.4437493229698255,3.5995704427973864e-07
publication_grouped_cv,A2_physics_plus_arrhenius,5,R003,2,10.1039/c6cc08542c,catalase,Vmax (nM s⁻¹),3.06,153.01191667184105,0.48572142648158,2.1847252552835354,1.6990038288019553,1.6990038288019553,50.00389433720296
publication_grouped_cv,A2_physics_plus_arrhenius,5,R009,8,10.1039/c6cc08542c,catalase,Km (mM),37.99,2.840555782910801,1.5796692935547203,0.4534033223837285,-1.1262659711709917,1.1262659711709917,0.07477114458833378
publication_grouped_cv,A2_physics_plus_arrhenius,5,R009,8,10.1039/c6cc08542c,catalase,Kcat (s⁻¹),539000.0,0.11230659781527845,5.731588765186738,-0.9495947289513833,-6.681183494138121,6.681183494138121,2.0836103490775223e-07
publication_grouped_cv,A2_physics_plus_arrhenius,5,R009,8,10.1039/c6cc08542c,catalase,Vmax (nM s⁻¹),5.28,153.01191667184105,0.7226339225338123,2.1847252552835354,1.4620913327497231,1.4620913327497231,28.97952967269717
publication_grouped_cv,A2_physics_plus_arrhenius,5,R018,17,10.1016/j.talanta.2020.120990,peroxidase,Km (mM),0.52,0.42489617454410294,-0.28399665636520083,-0.37171717896429995,-0.08772052259909913,0.08772052259909913,0.8171080279694287
publication_grouped_cv,A2_physics_plus_arrhenius,5,R018,17,10.1016/j.talanta.2020.120990,peroxidase,Kcat (s⁻¹),820000.0,23.45910529223051,5.913813852383717,1.3703114445204785,-4.5435024078632384,4.5435024078632384,2.8608664990525012e-05
publication_grouped_cv,A2_physics_plus_arrhenius,5,R018,17,10.1016/j.talanta.2020.120990,peroxidase,Vmax (nM s⁻¹),22000.0,67.76198640176354,4.342422680822207,1.8309861285900664,-2.5114365522321402,2.5114365522321402,0.0030800902909892515
publication_grouped_cv,A2_physics_plus_arrhenius,5,R020,19,10.1016/j.cej.2020.125530,unknown,Km (mM),3.18,0.3262245230846604,0.5024271199844327,-0.48648339510434174,-0.9889105150887745,0.9889105150887745,0.10258632801404415
publication_grouped_cv,A2_physics_plus_arrhenius,5,R020,19,10.1016/j.cej.2020.125530,unknown,Kcat (s⁻¹),0.00033,0.21637651824618795,-3.4814860601221125,-0.6647898717976436,2.8166961883244688,2.8166961883244688,655.6864189278423
publication_grouped_cv,A2_physics_plus_arrhenius,5,R020,19,10.1016/j.cej.2020.125530,unknown,Vmax (nM s⁻¹),868000.0,34.9607743748538,5.938519725176492,1.5435810436134334,-4.394938681563058,4.394938681563058,4.027738983278087e-05
publication_grouped_cv,A2_physics_plus_arrhenius,5,R027,26,10.1016/j.cej.2020.125530,unknown,Km (mM),2.33,0.3262245230846604,0.367355921026019,-0.48648339510434174,-0.8538393161303608,0.8538393161303608,0.1400105249290388
publication_grouped_cv,A2_physics_plus_arrhenius,5,R027,26,10.1016/j.cej.2020.125530,unknown,Kcat (s⁻¹),0.00052,0.21637651824618795,-3.283996656365201,-0.6647898717976436,2.6192067845675573,2.6192067845675573,416.10868893497684
publication_grouped_cv,A2_physics_plus_arrhenius,5,R027,26,10.1016/j.cej.2020.125530,unknown,Vmax (nM s⁻¹),868000.0,34.9607743748538,5.938519725176492,1.5435810436134334,-4.394938681563058,4.394938681563058,4.027738983278087e-05
publication_grouped_cv,A2_physics_plus_arrhenius,5,R034,33,10.1016/j.cej.2020.125530,unknown,Km (mM),2.33,0.3262245230846604,0.367355921026019,-0.48648339510434174,-0.8538393161303608,0.8538393161303608,0.1400105249290388
publication_grouped_cv,A2_physics_plus_arrhenius,5,R034,33,10.1016/j.cej.2020.125530,unknown,Kcat (s⁻¹),0.00052,0.21637651824618795,-3.283996656365201,-0.6647898717976436,2.6192067845675573,2.6192067845675573,416.10868893497684
publication_grouped_cv,A2_physics_plus_arrhenius,5,R034,33,10.1016/j.cej.2020.125530,unknown,Vmax (nM s⁻¹),868000.0,34.9607743748538,5.938519725176492,1.5435810436134334,-4.394938681563058,4.394938681563058,4.027738983278087e-05
publication_grouped_cv,A2_physics_plus_arrhenius,5,R040,39,10.1016/j.cej.2020.125530,unknown,Km (mM),3.43,0.3262245230846604,0.5352941200427705,-0.48648339510434174,-1.0217775151471122,1.0217775151471122,0.09510919040369106
publication_grouped_cv,A2_physics_plus_arrhenius,5,R040,39,10.1016/j.cej.2020.125530,unknown,Kcat (s⁻¹),0.00511,0.21637651824618795,-2.291579099865287,-0.6647898717976436,1.6267892280676435,1.6267892280676435,42.34374133976281
publication_grouped_cv,A2_physics_plus_arrhenius,5,R040,39,10.1016/j.cej.2020.125530,unknown,Vmax (nM s⁻¹),362000.0,34.9607743748538,5.558708570533166,1.5435810436134334,-4.015127526919732,4.015127526919732,9.657672479241381e-05
publication_grouped_cv,A2_physics_plus_arrhenius,5,R042,41,10.1016/j.cej.2020.125530,unknown,Km (mM),4.3,0.3262245230846604,0.6334684555795865,-0.48648339510434174,-1.1199518506839283,1.1199518506839283,0.07586616815922334
publication_grouped_cv,A2_physics_plus_arrhenius,5,R042,41,10.1016/j.cej.2020.125530,unknown,Kcat (s⁻¹),0.00501,0.21637651824618795,-2.300162274132754,-0.6647898717976436,1.6353724023351104,1.6353724023351104,43.188925797642305
publication_grouped_cv,A2_physics_plus_arrhenius,5,R042,41,10.1016/j.cej.2020.125530,unknown,Vmax (nM s⁻¹),225000.0,34.9607743748538,5.352182518111363,1.5435810436134334,-3.8086014744979293,3.8086014744979293,0.00015538121944379466
publication_grouped_cv,A2_physics_plus_arrhenius,5,R052,51,10.1016/j.talanta.2020.120990,catalase,Km (mM),1100.0,0.8970436544859505,3.041392685158225,-0.04718642157013851,-3.088579106728363,3.088579106728363,0.0008154942313508641
publication_grouped_cv,A2_physics_plus_arrhenius,5,R052,51,10.1016/j.talanta.2020.120990,catalase,Kcat (s⁻¹),1200000.0,75.78981577648926,6.079181246047625,1.8796108514206287,-4.199570394626996,4.199570394626996,6.315817981374105e-05
publication_grouped_cv,A2_physics_plus_arrhenius,5,R052,51,10.1016/j.talanta.2020.120990,catalase,Vmax (nM s⁻¹),31000.0,79.83166588529714,4.491361693834273,1.902175191994881,-2.589186501839392,2.589186501839392,0.0025752150285579724
publication_grouped_cv,A2_physics_plus_arrhenius,5,R055,54,10.1016/j.msec.2018.10.008,catalase,Km (mM),20.0,7.220209973119473,1.3010299956639813,0.8585498276030404,-0.4424801680609408,0.4424801680609408,0.3610104986559736
publication_grouped_cv,A2_physics_plus_arrhenius,5,R055,54,10.1016/j.msec.2018.10.008,catalase,Kcat (s⁻¹),1400000.0,15.773206948792971,6.146128035678238,1.197920001418286,-4.948208034259952,4.948208034259952,1.126657639199498e-05
publication_grouped_cv,A2_physics_plus_arrhenius,5,R055,54,10.1016/j.msec.2018.10.008,catalase,Vmax (nM s⁻¹),11300000000.0,189.6883027462999,10.05307844348342,2.278040550660067,-7.775037892823352,7.775037892823352,1.678657546427433e-08
publication_grouped_cv,A2_physics_plus_arrhenius,5,R060,59,10.1016/j.talanta.2020.120990,peroxidase,Km (mM),0.24,0.42489617454410294,-0.619788758288394,-0.37171717896429995,0.24807157932409402,0.24807157932409402,1.7704007272670956
publication_grouped_cv,A2_physics_plus_arrhenius,5,R060,59,10.1016/j.talanta.2020.120990,peroxidase,Kcat (s⁻¹),250000.0,23.45910529223051,5.3979400086720375,1.3703114445204785,-4.027628564151559,4.027628564151559,9.383642116892205e-05
publication_grouped_cv,A2_physics_plus_arrhenius,5,R060,59,10.1016/j.talanta.2020.120990,peroxidase,Vmax (nM s⁻¹),6800.0,67.76198640176354,3.832508912706236,1.8309861285900664,-2.00152278411617,2.00152278411617,0.009964998000259344
publication_grouped_cv,A2_physics_plus_arrhenius,5,R065,64,10.1007/s00604-017-2582-8,catalase,Km (mM),0.38,9.032243348717,-0.42021640338318983,0.9557956299334376,1.3760120333166275,1.3760120333166275,23.769061443992104
publication_grouped_cv,A2_physics_plus_arrhenius,5,R065,64,10.1007/s00604-017-2582-8,catalase,Kcat (s⁻¹),1380.0,0.024180217354547315,3.1398790864012365,-1.616539799610224,-4.756418886011461,4.756418886011461,1.7521896633729937e-05
publication_grouped_cv,A2_physics_plus_arrhenius,5,R065,64,10.1007/s00604-017-2582-8,catalase,Vmax (nM s⁻¹),241.0,96.69906790509023,2.3820170425748683,1.985422287882103,-0.3965947546927653,0.3965947546927653,0.4012409456642748
publication_grouped_cv,A2_physics_plus_arrhenius,5,R069,68,10.1039/c6cc08542c,catalase,Km (mM),10.35,3.7640372603912704,1.0149403497929366,0.5756539138790846,-0.43928643591385197,0.43928643591385197,0.36367509762234496
publication_grouped_cv,A2_physics_plus_arrhenius,5,R069,68,10.1039/c6cc08542c,catalase,Kcat (s⁻¹),3000.0,0.06387553796478598,3.4771212547196626,-1.1946654291796706,-4.671786683899333,4.671786683899333,2.1291845988261994e-05
publication_grouped_cv,A2_physics_plus_arrhenius,5,R069,68,10.1039/c6cc08542c,catalase,Vmax (nM s⁻¹),0.689,125.38815749113857,-0.1617807780923742,2.0982565207122486,2.260037298804623,2.260037298804623,181.98571479120258
publication_grouped_cv,A2_physics_plus_arrhenius,5,R070,69,10.1016/j.msec.2018.10.008,catalase,Km (mM),70.0,7.220209973119473,1.845098040014257,0.8585498276030404,-0.9865482124112165,0.9865482124112165,0.10314585675884962
publication_grouped_cv,A2_physics_plus_arrhenius,5,R070,69,10.1016/j.msec.2018.10.008,catalase,Kcat (s⁻¹),810.0,15.773206948792971,2.90848501887865,1.197920001418286,-1.710565017460364,1.710565017460364,0.01947309499850984
publication_grouped_cv,A2_physics_plus_arrhenius,5,R070,69,10.1016/j.msec.2018.10.008,catalase,Vmax (nM s⁻¹),9200000000.0,189.6883027462999,9.963787827345556,2.278040550660067,-7.685747276685488,7.685747276685488,2.061829377677173e-08
publication_grouped_cv,A2_physics_plus_arrhenius,5,R073,72,10.1007/s00604-017-2582-8,peroxidase,Km (mM),0.198,1.208295319596702,-0.7033348097384688,0.08217309322259393,0.7855079029610628,0.7855079029610628,6.1025016141247574
publication_grouped_cv,A2_physics_plus_arrhenius,5,R073,72,10.1007/s00604-017-2582-8,peroxidase,Kcat (s⁻¹),387.0,0.01931011768327446,2.5877109650189114,-1.7142150794551485,-4.30192604447406,4.30192604447406,4.989694491802186e-05
publication_grouped_cv,A2_physics_plus_arrhenius,5,R073,72,10.1007/s00604-017-2582-8,peroxidase,Vmax (nM s⁻¹),67.8,78.4355698281199,1.8312296938670634,1.8945130560113541,0.06328336214429076,0.06328336214429076,1.1568668116241874
publication_grouped_cv,A2_physics_plus_arrhenius,5,R079,78,10.1016/j.talanta.2020.120990,catalase,Km (mM),396.0,0.8970436544859505,2.597695185925512,-0.04718642157013851,-2.6448816074956505,2.6448816074956505,0.0022652617537524
publication_grouped_cv,A2_physics_plus_arrhenius,5,R079,78,10.1016/j.talanta.2020.120990,catalase,Kcat (s⁻¹),320000.0,75.78981577648926,5.505149978319906,1.8796108514206287,-3.6255391268992776,3.6255391268992776,0.00023684317430152895
publication_grouped_cv,A2_physics_plus_arrhenius,5,R079,78,10.1016/j.talanta.2020.120990,catalase,Vmax (nM s⁻¹),8500.0,79.83166588529714,3.929418925714293,1.902175191994881,-2.027243733719412,2.027243733719412,0.009391960692387898
publication_grouped_cv,A3_physics_plus_activity_and_arrhenius,5,R002,1,10.1016/j.cej.2020.125530,unknown,Km (mM),2.75,0.5587468738789697,0.43933269383026263,-0.2527848936781927,-0.6921175875084553,0.6921175875084553,0.20318068141053444
publication_grouped_cv,A3_physics_plus_activity_and_arrhenius,5,R002,1,10.1016/j.cej.2020.125530,unknown,Kcat (s⁻¹),0.00063,0.5615055792027676,-3.2006594505464183,-0.2506459241666595,2.9500135263797587,2.9500135263797587,891.27869714725
publication_grouped_cv,A3_physics_plus_activity_and_arrhenius,5,R002,1,10.1016/j.cej.2020.125530,unknown,Vmax (nM s⁻¹),813000.0,52.73898686045725,5.910090545594068,1.72213178254617,-4.187958763047898,4.187958763047898,6.486960253438776e-05
publication_grouped_cv,A3_physics_plus_activity_and_arrhenius,5,R003,2,10.1039/c6cc08542c,catalase,Km (mM),458.9,5.4709642835407,2.6617180576946593,0.7380638795532288,-1.9236541781414305,1.9236541781414305,0.01192190953048747
publication_grouped_cv,A3_physics_plus_activity_and_arrhenius,5,R003,2,10.1039/c6cc08542c,catalase,Kcat (s⁻¹),312000.0,0.48876735666215976,5.494154594018442,-0.31089780705130116,-5.8050524010697435,5.8050524010697435,1.5665620405838453e-06
publication_grouped_cv,A3_physics_plus_activity_and_arrhenius,5,R003,2,10.1039/c6cc08542c,catalase,Vmax (nM s⁻¹),3.06,173.5361626259941,0.48572142648158,2.2393899897460647,1.7536685632644846,1.7536685632644846,56.71116425686082
publication_grouped_cv,A3_physics_plus_activity_and_arrhenius,5,R009,8,10.1039/c6cc08542c,catalase,Km (mM),37.99,5.4709642835407,1.5796692935547203,0.7380638795532288,-0.8416054140014915,0.8416054140014915,0.1440106418410292
publication_grouped_cv,A3_physics_plus_activity_and_arrhenius,5,R009,8,10.1039/c6cc08542c,catalase,Kcat (s⁻¹),539000.0,0.48876735666215976,5.731588765186738,-0.31089780705130116,-6.042486572238039,6.042486572238039,9.068040012284967e-07
publication_grouped_cv,A3_physics_plus_activity_and_arrhenius,5,R009,8,10.1039/c6cc08542c,catalase,Vmax (nM s⁻¹),5.28,173.5361626259941,0.7226339225338123,2.2393899897460647,1.5167560672122524,1.5167560672122524,32.86669746704434
publication_grouped_cv,A3_physics_plus_activity_and_arrhenius,5,R018,17,10.1016/j.talanta.2020.120990,peroxidase,Km (mM),0.52,0.33926013836211943,-0.28399665636520083,-0.46946716513046916,-0.18547050876526833,0.18547050876526833,0.6524233430040758
publication_grouped_cv,A3_physics_plus_activity_and_arrhenius,5,R018,17,10.1016/j.talanta.2020.120990,peroxidase,Kcat (s⁻¹),820000.0,8.607944247895151,5.913813852383717,0.9348994454842678,-4.978914406899449,4.978914406899449,1.049749298523799e-05
publication_grouped_cv,A3_physics_plus_activity_and_arrhenius,5,R018,17,10.1016/j.talanta.2020.120990,peroxidase,Vmax (nM s⁻¹),22000.0,57.87278366485685,4.342422680822207,1.7624743723101812,-2.5799483085120256,2.5799483085120256,0.0026305810756753114
publication_grouped_cv,A3_physics_plus_activity_and_arrhenius,5,R020,19,10.1016/j.cej.2020.125530,unknown,Km (mM),3.18,0.5587468738789697,0.5024271199844327,-0.2527848936781927,-0.7552120136626254,0.7552120136626254,0.17570656411288355
publication_grouped_cv,A3_physics_plus_activity_and_arrhenius,5,R020,19,10.1016/j.cej.2020.125530,unknown,Kcat (s⁻¹),0.00033,0.5615055792027676,-3.4814860601221125,-0.2506459241666595,3.230840135955453,3.230840135955453,1701.5320581902047
publication_grouped_cv,A3_physics_plus_activity_and_arrhenius,5,R020,19,10.1016/j.cej.2020.125530,unknown,Vmax (nM s⁻¹),868000.0,52.73898686045725,5.938519725176492,1.72213178254617,-4.2163879426303215,4.2163879426303215,6.075920145213969e-05
publication_grouped_cv,A3_physics_plus_activity_and_arrhenius,5,R027,26,10.1016/j.cej.2020.125530,unknown,Km (mM),2.33,0.5587468738789697,0.367355921026019,-0.2527848936781927,-0.6201408147042117,0.6201408147042117,0.2398055252699441
publication_grouped_cv,A3_physics_plus_activity_and_arrhenius,5,R027,26,10.1016/j.cej.2020.125530,unknown,Kcat (s⁻¹),0.00052,0.5615055792027676,-3.283996656365201,-0.2506459241666595,3.0333507321985413,3.0333507321985413,1079.8184215437839
publication_grouped_cv,A3_physics_plus_activity_and_arrhenius,5,R027,26,10.1016/j.cej.2020.125530,unknown,Vmax (nM s⁻¹),868000.0,52.73898686045725,5.938519725176492,1.72213178254617,-4.2163879426303215,4.2163879426303215,6.075920145213969e-05
publication_grouped_cv,A3_physics_plus_activity_and_arrhenius,5,R034,33,10.1016/j.cej.2020.125530,unknown,Km (mM),2.33,0.5587468738789697,0.367355921026019,-0.2527848936781927,-0.6201408147042117,0.6201408147042117,0.2398055252699441
publication_grouped_cv,A3_physics_plus_activity_and_arrhenius,5,R034,33,10.1016/j.cej.2020.125530,unknown,Kcat (s⁻¹),0.00052,0.5615055792027676,-3.283996656365201,-0.2506459241666595,3.0333507321985413,3.0333507321985413,1079.8184215437839
publication_grouped_cv,A3_physics_plus_activity_and_arrhenius,5,R034,33,10.1016/j.cej.2020.125530,unknown,Vmax (nM s⁻¹),868000.0,52.73898686045725,5.938519725176492,1.72213178254617,-4.2163879426303215,4.2163879426303215,6.075920145213969e-05
publication_grouped_cv,A3_physics_plus_activity_and_arrhenius,5,R040,39,10.1016/j.cej.2020.125530,unknown,Km (mM),3.43,0.5587468738789697,0.5352941200427705,-0.2527848936781927,-0.7880790137209632,0.7880790137209632,0.16289996323002032
publication_grouped_cv,A3_physics_plus_activity_and_arrhenius,5,R040,39,10.1016/j.cej.2020.125530,unknown,Kcat (s⁻¹),0.00511,0.5615055792027676,-2.291579099865287,-0.2506459241666595,2.0409331756986275,2.0409331756986275,109.88367499075686
publication_grouped_cv,A3_physics_plus_activity_and_arrhenius,5,R040,39,10.1016/j.cej.2020.125530,unknown,Vmax (nM s⁻¹),362000.0,52.73898686045725,5.558708570533166,1.72213178254617,-3.8365767879869956,3.8365767879869956,0.000145687809006788
publication_grouped_cv,A3_physics_plus_activity_and_arrhenius,5,R042,41,10.1016/j.cej.2020.125530,unknown,Km (mM),4.3,0.5587468738789697,0.6334684555795865,-0.2527848936781927,-0.8862533492577792,0.8862533492577792,0.1299411334602255
publication_grouped_cv,A3_physics_plus_activity_and_arrhenius,5,R042,41,10.1016/j.cej.2020.125530,unknown,Kcat (s⁻¹),0.00501,0.5615055792027676,-2.300162274132754,-0.2506459241666595,2.0495163499660944,2.0495163499660944,112.07696191672008
publication_grouped_cv,A3_physics_plus_activity_and_arrhenius,5,R042,41,10.1016/j.cej.2020.125530,unknown,Vmax (nM s⁻¹),225000.0,52.73898686045725,5.352182518111363,1.72213178254617,-3.6300507355651925,3.6300507355651925,0.00023439549715758778
publication_grouped_cv,A3_physics_plus_activity_and_arrhenius,5,R052,51,10.1016/j.talanta.2020.120990,catalase,Km (mM),1100.0,1.6657216995455906,3.041392685158225,0.22160244338060986,-2.819790241777615,2.819790241777615,0.001514292454132355
publication_grouped_cv,A3_physics_plus_activity_and_arrhenius,5,R052,51,10.1016/j.talanta.2020.120990,catalase,Kcat (s⁻¹),1200000.0,46.727153443515974,6.079181246047625,1.669569325183786,-4.409611920863839,4.409611920863839,3.8939294536263313e-05
publication_grouped_cv,A3_physics_plus_activity_and_arrhenius,5,R052,51,10.1016/j.talanta.2020.120990,catalase,Vmax (nM s⁻¹),31000.0,71.58312138641679,4.491361693834273,1.8548106319045128,-2.6365510619297603,2.6365510619297603,0.0023091329479489288
publication_grouped_cv,A3_physics_plus_activity_and_arrhenius,5,R055,54,10.1016/j.msec.2018.10.008,catalase,Km (mM),20.0,10.503751727661566,1.3010299956639813,1.0213444479842346,-0.2796855476797466,0.2796855476797466,0.5251875863830783
publication_grouped_cv,A3_physics_plus_activity_and_arrhenius,5,R055,54,10.1016/j.msec.2018.10.008,catalase,Kcat (s⁻¹),1400000.0,11.037554702337918,6.146128035678238,1.0428728689629418,-5.1032551667152966,5.1032551667152966,7.883967644527084e-06
publication_grouped_cv,A3_physics_plus_activity_and_arrhenius,5,R055,54,10.1016/j.msec.2018.10.008,catalase,Vmax (nM s⁻¹),11300000000.0,149.00848968630515,10.05307844348342,2.173211012834289,-7.879867430649131,7.879867430649131,1.3186592007637625e-08
publication_grouped_cv,A3_physics_plus_activity_and_arrhenius,5,R060,59,10.1016/j.talanta.2020.120990,peroxidase,Km (mM),0.24,0.33926013836211943,-0.619788758288394,-0.46946716513046916,0.15032159315792482,0.15032159315792482,1.4135839098421643
publication_grouped_cv,A3_physics_plus_activity_and_arrhenius,5,R060,59,10.1016/j.talanta.2020.120990,peroxidase,Kcat (s⁻¹),250000.0,8.607944247895151,5.3979400086720375,0.9348994454842678,-4.46304056318777,4.46304056318777,3.44317769915806e-05
publication_grouped_cv,A3_physics_plus_activity_and_arrhenius,5,R060,59,10.1016/j.talanta.2020.120990,peroxidase,Vmax (nM s⁻¹),6800.0,57.87278366485685,3.832508912706236,1.7624743723101812,-2.0700345403960547,2.0700345403960547,0.008510703480126006
publication_grouped_cv,A3_physics_plus_activity_and_arrhenius,5,R065,64,10.1007/s00604-017-2582-8,catalase,Km (mM),0.38,13.381160206980512,-0.42021640338318983,1.1264937703559377,1.5467101737391276,1.5467101737391276,35.21357949205398
publication_grouped_cv,A3_physics_plus_activity_and_arrhenius,5,R065,64,10.1007/s00604-017-2582-8,catalase,Kcat (s⁻¹),1380.0,0.12240742322146347,3.1398790864012365,-0.9121922442299653,-4.052071330631202,4.052071330631202,8.870103131990106e-05
publication_grouped_cv,A3_physics_plus_activity_and_arrhenius,5,R065,64,10.1007/s00604-017-2582-8,catalase,Vmax (nM s⁻¹),241.0,140.00465538587426,2.3820170425748683,2.146142476926679,-0.23587456564818954,0.23587456564818954,0.5809321800243745
publication_grouped_cv,A3_physics_plus_activity_and_arrhenius,5,R069,68,10.1039/c6cc08542c,catalase,Km (mM),10.35,4.960427300172644,1.0149403497929366,0.6955190890131857,-0.31942126077975086,0.31942126077975086,0.47926833818093184
publication_grouped_cv,A3_physics_plus_activity_and_arrhenius,5,R069,68,10.1039/c6cc08542c,catalase,Kcat (s⁻¹),3000.0,0.33054382874796695,3.4771212547196626,-0.48077094670366205,-3.9578922014233244,3.9578922014233244,0.00011018127624932232
publication_grouped_cv,A3_physics_plus_activity_and_arrhenius,5,R069,68,10.1039/c6cc08542c,catalase,Vmax (nM s⁻¹),0.689,162.57022901679568,-0.1617807780923742,2.2110410175341113,2.3728217956264857,2.3728217956264857,235.95098551058882
publication_grouped_cv,A3_physics_plus_activity_and_arrhenius,5,R070,69,10.1016/j.msec.2018.10.008,catalase,Km (mM),70.0,10.503751727661566,1.845098040014257,1.0213444479842346,-0.8237535920300223,0.8237535920300223,0.15005359610945093
publication_grouped_cv,A3_physics_plus_activity_and_arrhenius,5,R070,69,10.1016/j.msec.2018.10.008,catalase,Kcat (s⁻¹),810.0,11.037554702337918,2.90848501887865,1.0428728689629418,-1.8656121499157081,1.8656121499157081,0.013626610743627058
publication_grouped_cv,A3_physics_plus_activity_and_arrhenius,5,R070,69,10.1016/j.msec.2018.10.008,catalase,Vmax (nM s⁻¹),9200000000.0,149.00848968630515,9.963787827345556,2.173211012834289,-7.790576814511267,7.790576814511267,1.6196574965902735e-08
publication_grouped_cv,A3_physics_plus_activity_and_arrhenius,5,R073,72,10.1007/s00604-017-2582-8,peroxidase,Km (mM),0.198,0.6466961519068827,-0.7033348097384688,-0.18929972326593233,0.5140350864725365,0.5140350864725365,3.266142181347892
publication_grouped_cv,A3_physics_plus_activity_and_arrhenius,5,R073,72,10.1007/s00604-017-2582-8,peroxidase,Kcat (s⁻¹),387.0,0.06556738530476552,2.5877109650189114,-1.183312134777187,-3.7710230997960985,3.7710230997960985,0.00016942476822936827
publication_grouped_cv,A3_physics_plus_activity_and_arrhenius,5,R073,72,10.1007/s00604-017-2582-8,peroxidase,Vmax (nM s⁻¹),67.8,87.17956433787444,1.8312296938670634,1.9404146943888243,0.10918500052176094,0.10918500052176094,1.2858342822695346
publication_grouped_cv,A3_physics_plus_activity_and_arrhenius,5,R079,78,10.1016/j.talanta.2020.120990,catalase,Km (mM),396.0,1.6657216995455906,2.597695185925512,0.22160244338060986,-2.3760927425449023,2.3760927425449023,0.004206367928145431
publication_grouped_cv,A3_physics_plus_activity_and_arrhenius,5,R079,78,10.1016/j.talanta.2020.120990,catalase,Kcat (s⁻¹),320000.0,46.727153443515974,5.505149978319906,1.669569325183786,-3.8355806531361205,3.8355806531361205,0.00014602235451098743
publication_grouped_cv,A3_physics_plus_activity_and_arrhenius,5,R079,78,10.1016/j.talanta.2020.120990,catalase,Vmax (nM s⁻¹),8500.0,71.58312138641679,3.929418925714293,1.8548106319045128,-2.07460829380978,2.07460829380978,0.008421543692519623
