analysis,model,fold,sample_id,source_index,publication_group,activity_type,target,y_true,y_pred,log10_true,log10_pred,log10_error_pred_minus_true,abs_log10_error,prediction_to_true_ratio
random_5fold_cv,M1_raw_independent,1,R001,0,,unknown,Km (mM),0.16,0.9543581290019502,-0.7958800173440752,-0.020288622923531882,0.7755913944205434,0.7755913944205434,5.964738306262189
random_5fold_cv,M1_raw_independent,1,R001,0,,unknown,Kcat (s⁻¹),0.033,0.18331536336388135,-1.4814860601221125,-0.7368011359949291,0.7446849241271833,0.7446849241271833,5.555011011026707
random_5fold_cv,M1_raw_independent,1,R001,0,,unknown,Vmax (nM s⁻¹),51.6,1055.2222805136366,1.7126497016272113,3.023343952555339,1.3106942509281279,1.3106942509281279,20.45004419600071
random_5fold_cv,M1_raw_independent,1,R005,4,,peroxidase,Km (mM),0.124,1.0200792000968018,-0.906578314837765,0.008633892183186356,0.9152122070209513,0.9152122070209513,8.226445162070982
random_5fold_cv,M1_raw_independent,1,R005,4,,peroxidase,Kcat (s⁻¹),0.0005,0.01609281082007772,-3.3010299956639813,-1.793368094059113,1.5076619016048682,1.5076619016048682,32.18562164015544
random_5fold_cv,M1_raw_independent,1,R005,4,,peroxidase,Vmax (nM s⁻¹),0.47,3604.565261881927,-0.3279021420642826,3.556852892980297,3.8847550350445794,3.8847550350445794,7669.287791238144
random_5fold_cv,M1_raw_independent,1,R011,10,,catalase,Km (mM),0.064,0.38258159070587544,-1.193820026016113,-0.417275931452493,0.77654409456362,0.77654409456362,5.977837354779304
random_5fold_cv,M1_raw_independent,1,R011,10,,catalase,Kcat (s⁻¹),183.3,453.375186160576,2.2631624649622166,2.6564577469143673,0.3932952819521507,0.3932952819521507,2.473405270925128
random_5fold_cv,M1_raw_independent,1,R011,10,,catalase,Vmax (nM s⁻¹),8.165,474.04103591099994,0.9119561890726869,2.675815938505959,1.763859749433272,1.763859749433272,58.05768964004899
random_5fold_cv,M1_raw_independent,1,R013,12,,peroxidase,Km (mM),0.0906,1.472501068136803,-1.0428718023231869,0.16805561849190745,1.2109274208150944,1.2109274208150944,16.25277117148789
random_5fold_cv,M1_raw_independent,1,R013,12,,peroxidase,Kcat (s⁻¹),500.0,2.0398877473555452,2.6989700043360187,0.30960626936443386,-2.389363734971585,2.389363734971585,0.0040797754947110906
random_5fold_cv,M1_raw_independent,1,R013,12,,peroxidase,Vmax (nM s⁻¹),1700.0,166.45288764212975,3.230448921378274,2.2212913337442006,-1.0091575876340735,1.0091575876340735,0.09791346331889986
random_5fold_cv,M1_raw_independent,1,R019,18,,catalase,Km (mM),44.69,3.3480009936509516,1.650210354660359,0.5247855782152072,-1.125424776445152,1.125424776445152,0.07491611084472928
random_5fold_cv,M1_raw_independent,1,R019,18,,catalase,Kcat (s⁻¹),15.25,2954.7897614128947,1.1832698436828046,3.470526585485816,2.287256741803011,2.287256741803011,193.75670566641932
random_5fold_cv,M1_raw_independent,1,R019,18,,catalase,Vmax (nM s⁻¹),22.3,23028.557511465497,1.3483048630481607,4.362266734992849,3.013961871944688,3.013961871944688,1032.6707404244617
random_5fold_cv,M1_raw_independent,1,R023,22,,catalase,Km (mM),3.88,1.9959302350046633,0.5888317255942073,0.30014535705054035,-0.2886863685436669,0.2886863685436669,0.5144150090218205
random_5fold_cv,M1_raw_independent,1,R023,22,,catalase,Kcat (s⁻¹),2350.0,443.0662095024605,3.3710678622717363,2.6464686297738726,-0.7245992324978636,0.7245992324978636,0.18853881255423852
random_5fold_cv,M1_raw_independent,1,R023,22,,catalase,Vmax (nM s⁻¹),565.0,158.09478877057705,2.7520484478194387,2.198917554654014,-0.5531308931654246,0.5531308931654246,0.27981378543464963
random_5fold_cv,M1_raw_independent,1,R034,33,,unknown,Km (mM),2.33,1.0200792000968018,0.367355921026019,0.008633892183186356,-0.35872202884283266,0.35872202884283266,0.4378022318012025
random_5fold_cv,M1_raw_independent,1,R034,33,,unknown,Kcat (s⁻¹),0.00052,0.01609281082007772,-3.283996656365201,-1.793368094059113,1.490628562306088,1.490628562306088,30.94771311553408
random_5fold_cv,M1_raw_independent,1,R034,33,,unknown,Vmax (nM s⁻¹),868000.0,3604.565261881927,5.938519725176492,3.556852892980297,-2.3816668321961947,2.3816668321961947,0.004152724956085169
random_5fold_cv,M1_raw_independent,1,R054,53,,peroxidase,Km (mM),0.022,2.8453397760997414,-1.6575773191777938,0.4541341350805601,2.111711454258354,2.111711454258354,129.3336261863519
random_5fold_cv,M1_raw_independent,1,R054,53,,peroxidase,Kcat (s⁻¹),22500.0,9891.454545584149,4.352182518111363,3.995260159612603,-0.35692235849875953,0.35692235849875953,0.4396202020259622
random_5fold_cv,M1_raw_independent,1,R054,53,,peroxidase,Vmax (nM s⁻¹),174.0,279.36436262995,2.2405492482826,2.446171004139307,0.20562175585670728,0.20562175585670728,1.6055423139652298
random_5fold_cv,M1_raw_independent,1,R057,56,,peroxidase,Km (mM),840.0,1.3756031702911193,2.9242792860618816,0.1384931680502031,-2.7857861180116785,2.7857861180116785,0.0016376228217751421
random_5fold_cv,M1_raw_independent,1,R057,56,,peroxidase,Kcat (s⁻¹),3.9,0.1305980010378478,0.5910646070264992,-0.8840634704183428,-1.4751280774448419,1.4751280774448419,0.03348666693278149
random_5fold_cv,M1_raw_independent,1,R057,56,,peroxidase,Vmax (nM s⁻¹),183.0,66.78446139183659,2.2624510897304293,1.824675427793189,-0.4377756619372404,0.4377756619372404,0.3649424119772491
random_5fold_cv,M1_raw_independent,1,R062,61,,catalase,Km (mM),40.16,1.9597224911310855,1.603793704136963,0.2921945769160289,-1.311599127220934,1.311599127220934,0.04879787079509675
random_5fold_cv,M1_raw_independent,1,R062,61,,catalase,Kcat (s⁻¹),5660000.0,2285.1338581182376,6.752816431188271,3.358911645167094,-3.393904786021177,3.393904786021177,0.0004037338971940349
random_5fold_cv,M1_raw_independent,1,R062,61,,catalase,Vmax (nM s⁻¹),106.6,118.28407213448229,2.0277572046905536,2.072926267452769,0.04516906276221544,0.04516906276221544,1.109606680436044
random_5fold_cv,M1_raw_independent,1,R063,62,,peroxidase,Km (mM),0.253,2.0639264150804757,-0.5968794788241821,0.31469420938241077,0.9115736882065929,0.9115736882065929,8.157811917314133
random_5fold_cv,M1_raw_independent,1,R063,62,,peroxidase,Kcat (s⁻¹),0.374,5.313250254276803,-0.42712839779951983,0.7253602716770884,1.1524886694766083,1.1524886694766083,14.206551482023539
random_5fold_cv,M1_raw_independent,1,R063,62,,peroxidase,Vmax (nM s⁻¹),400.0,114.68800491525913,2.6020599913279625,2.0595179979228377,-0.5425419934051248,0.5425419934051248,0.2867200122881478
random_5fold_cv,M1_raw_independent,1,R065,64,,catalase,Km (mM),0.38,2.1081626133871083,-0.42021640338318983,0.3239041071917958,0.7441205105749856,0.7441205105749856,5.547796351018706
random_5fold_cv,M1_raw_independent,1,R065,64,,catalase,Kcat (s⁻¹),1380.0,1.4944583578162924,3.1398790864012365,0.1744838181892442,-2.965395268211992,2.965395268211992,0.0010829408389973134
random_5fold_cv,M1_raw_independent,1,R065,64,,catalase,Vmax (nM s⁻¹),241.0,143.37062819193525,2.3820170425748683,2.156460188146876,-0.22555685442799245,0.22555685442799245,0.5948988721657065
random_5fold_cv,M1_raw_independent,1,R067,66,,catalase,Km (mM),3.7,2.4302472424941555,0.568201724066995,0.38565045902577666,-0.18255126504121832,0.18255126504121832,0.6568235790524745
random_5fold_cv,M1_raw_independent,1,R067,66,,catalase,Kcat (s⁻¹),3480.0,544.4638610854389,3.5415792439465807,2.735969058651864,-0.8056101852947166,0.8056101852947166,0.15645513249581577
random_5fold_cv,M1_raw_independent,1,R067,66,,catalase,Vmax (nM s⁻¹),87.1,253.29756501035018,1.9400181550076632,2.403631014868908,0.463612859861245,0.463612859861245,2.9081235936894396
random_5fold_cv,M1_raw_independent,1,R068,67,,catalase,Km (mM),0.097,0.38258159070587544,-1.0132282657337552,-0.417275931452493,0.5959523342812623,0.5959523342812623,3.9441401103698497
random_5fold_cv,M1_raw_independent,1,R068,67,,catalase,Kcat (s⁻¹),216.6,453.375186160576,2.3356584522893016,2.6564577469143673,0.32079929462506573,0.32079929462506573,2.0931449037884398
random_5fold_cv,M1_raw_independent,1,R068,67,,catalase,Vmax (nM s⁻¹),9.16,474.04103591099994,0.9618954736678504,2.675815938505959,1.7139204648381083,1.7139204648381083,51.75120479377728
random_5fold_cv,M1_raw_independent,1,R071,70,,peroxidase,Km (mM),1.27,2.4546080627824542,0.10380372095595687,0.3899821564346849,0.28617843547872807,0.28617843547872807,1.9327622541594127
random_5fold_cv,M1_raw_independent,1,R071,70,,peroxidase,Kcat (s⁻¹),5.8e-05,1.5796776661598702,-4.236572006437063,0.1985684780370739,4.435140484474137,4.435140484474137,27235.82183034259
random_5fold_cv,M1_raw_independent,1,R071,70,,peroxidase,Vmax (nM s⁻¹),12.0,147.79103230844595,1.0791812460476249,2.1696480826574933,1.0904668366098684,1.0904668366098684,12.315919359037162
random_5fold_cv,M1_raw_independent,1,R074,73,,catalase,Km (mM),0.15,0.38258159070587544,-0.8239087409443188,-0.417275931452493,0.4066328094918258,0.4066328094918258,2.5505439380391697
random_5fold_cv,M1_raw_independent,1,R074,73,,catalase,Kcat (s⁻¹),316.6,453.375186160576,2.5005109105263372,2.6564577469143673,0.15594683638803009,0.15594683638803009,1.43201259052614
random_5fold_cv,M1_raw_independent,1,R074,73,,catalase,Vmax (nM s⁻¹),13.6,474.04103591099994,1.1335389083702174,2.675815938505959,1.5422770301357414,1.5422770301357414,34.855958522867645
random_5fold_cv,M1_raw_independent,1,R076,75,,catalase,Km (mM),0.14,0.38258159070587544,-0.8538719643217619,-0.417275931452493,0.43659603286926896,0.43659603286926896,2.73272564789911
random_5fold_cv,M1_raw_independent,1,R076,75,,catalase,Kcat (s⁻¹),1216.6,453.375186160576,3.0851478121269045,2.6564577469143673,-0.42869006521253716,0.42869006521253716,0.3726575589023311
random_5fold_cv,M1_raw_independent,1,R076,75,,catalase,Vmax (nM s⁻¹),53.33,474.04103591099994,1.7269715836828767,2.675815938505959,0.948844354823082,0.948844354823082,8.888824974892179
random_5fold_cv,M1_raw_independent,1,R079,78,,catalase,Km (mM),396.0,6.131132490310189,2.597695185925512,0.7875407010870964,-1.810154484838416,1.810154484838416,0.015482657803813608
random_5fold_cv,M1_raw_independent,1,R079,78,,catalase,Kcat (s⁻¹),320000.0,114979.58442068801,5.505149978319906,5.060620734609763,-0.4445292437101429,0.4445292437101429,0.35931120131465005
random_5fold_cv,M1_raw_independent,1,R079,78,,catalase,Vmax (nM s⁻¹),8500.0,89764.56152684373,3.929418925714293,4.953104913827432,1.0236859881131393,1.0236859881131393,10.560536650216909
random_5fold_cv,M2_raw_chain,1,R001,0,,unknown,Km (mM),0.16,0.9543581290019502,-0.7958800173440752,-0.020288622923531882,0.7755913944205434,0.7755913944205434,5.964738306262189
random_5fold_cv,M2_raw_chain,1,R001,0,,unknown,Kcat (s⁻¹),0.033,0.1287943879507701,-1.4814860601221125,-0.8901030603854664,0.5913829997366461,0.5913829997366461,3.9028602409324273
random_5fold_cv,M2_raw_chain,1,R001,0,,unknown,Vmax (nM s⁻¹),51.6,951.2381487411494,1.7126497016272113,2.9782892590365693,1.265639557409358,1.265639557409358,18.434847843820723
random_5fold_cv,M2_raw_chain,1,R005,4,,peroxidase,Km (mM),0.124,1.0200792000968018,-0.906578314837765,0.008633892183186356,0.9152122070209513,0.9152122070209513,8.226445162070982
random_5fold_cv,M2_raw_chain,1,R005,4,,peroxidase,Kcat (s⁻¹),0.0005,0.026375965445778166,-3.3010299956639813,-1.5787916348184103,1.722238360845571,1.722238360845571,52.75193089155633
random_5fold_cv,M2_raw_chain,1,R005,4,,peroxidase,Vmax (nM s⁻¹),0.47,2658.7953528324,-0.3279021420642826,3.4246849110224398,3.7525870530867222,3.7525870530867222,5657.011389005107
random_5fold_cv,M2_raw_chain,1,R011,10,,catalase,Km (mM),0.064,0.3825815907058755,-1.193820026016113,-0.4172759314524929,0.77654409456362,0.77654409456362,5.977837354779305
random_5fold_cv,M2_raw_chain,1,R011,10,,catalase,Kcat (s⁻¹),183.3,508.0019582899864,2.2631624649622166,2.705865386443163,0.44270292148094637,0.44270292148094637,2.7714236677031443
random_5fold_cv,M2_raw_chain,1,R011,10,,catalase,Vmax (nM s⁻¹),8.165,407.74076628381073,0.9119561890726869,2.610384134770817,1.6984279456981302,1.6984279456981302,49.93763212294069
random_5fold_cv,M2_raw_chain,1,R013,12,,peroxidase,Km (mM),0.0906,1.4725010681368027,-1.0428718023231869,0.1680556184919074,1.2109274208150942,1.2109274208150942,16.25277117148789
random_5fold_cv,M2_raw_chain,1,R013,12,,peroxidase,Kcat (s⁻¹),500.0,1.6145972216063174,2.6989700043360187,0.20806420081549978,-2.490905803520519,2.490905803520519,0.003229194443212635
random_5fold_cv,M2_raw_chain,1,R013,12,,peroxidase,Vmax (nM s⁻¹),1700.0,234.82769915225063,3.230448921378274,2.370749322897006,-0.8596995984812681,0.8596995984812681,0.1381339406777945
random_5fold_cv,M2_raw_chain,1,R019,18,,catalase,Km (mM),44.69,3.3480009936509516,1.650210354660359,0.5247855782152072,-1.125424776445152,1.125424776445152,0.07491611084472928
random_5fold_cv,M2_raw_chain,1,R019,18,,catalase,Kcat (s⁻¹),15.25,1793.7277743370248,1.1832698436828046,3.2537565328696565,2.070486689186852,2.070486689186852,117.62149339914917
random_5fold_cv,M2_raw_chain,1,R019,18,,catalase,Vmax (nM s⁻¹),22.3,11069.309902491945,1.3483048630481607,4.044120546363651,2.69581568331549,2.69581568331549,496.38160997721724
random_5fold_cv,M2_raw_chain,1,R023,22,,catalase,Km (mM),3.88,1.9959302350046633,0.5888317255942073,0.30014535705054035,-0.2886863685436669,0.2886863685436669,0.5144150090218205
random_5fold_cv,M2_raw_chain,1,R023,22,,catalase,Kcat (s⁻¹),2350.0,324.5800427097828,3.3710678622717363,2.511321813064237,-0.8597460492074993,0.8597460492074993,0.13811916711054587
random_5fold_cv,M2_raw_chain,1,R023,22,,catalase,Vmax (nM s⁻¹),565.0,179.8851365581076,2.7520484478194387,2.2549952802022877,-0.497053167617151,0.497053167617151,0.318380772669217
random_5fold_cv,M2_raw_chain,1,R034,33,,unknown,Km (mM),2.33,1.0200792000968018,0.367355921026019,0.008633892183186356,-0.35872202884283266,0.35872202884283266,0.4378022318012025
random_5fold_cv,M2_raw_chain,1,R034,33,,unknown,Kcat (s⁻¹),0.00052,0.026375965445778166,-3.283996656365201,-1.5787916348184103,1.7052050215467907,1.7052050215467907,50.72301047265032
random_5fold_cv,M2_raw_chain,1,R034,33,,unknown,Vmax (nM s⁻¹),868000.0,2658.7953528324,5.938519725176492,3.4246849110224398,-2.513834814154052,2.513834814154052,0.003063128286673272
random_5fold_cv,M2_raw_chain,1,R054,53,,peroxidase,Km (mM),0.022,2.8453397760997414,-1.6575773191777938,0.4541341350805601,2.111711454258354,2.111711454258354,129.3336261863519
random_5fold_cv,M2_raw_chain,1,R054,53,,peroxidase,Kcat (s⁻¹),22500.0,3858.617716147416,4.352182518111363,3.586431753955786,-0.7657507641555767,0.7657507641555767,0.17149412071766293
random_5fold_cv,M2_raw_chain,1,R054,53,,peroxidase,Vmax (nM s⁻¹),174.0,208.29287400434956,2.2405492482826,2.3186744123696044,0.07812516408700443,0.07812516408700443,1.1970854827836181
random_5fold_cv,M2_raw_chain,1,R057,56,,peroxidase,Km (mM),840.0,1.3756031702911193,2.9242792860618816,0.1384931680502031,-2.7857861180116785,2.7857861180116785,0.0016376228217751421
random_5fold_cv,M2_raw_chain,1,R057,56,,peroxidase,Kcat (s⁻¹),3.9,0.23850475235167198,0.5910646070264992,-0.6225029629570135,-1.2135675699835127,1.2135675699835127,0.06115506470555692
random_5fold_cv,M2_raw_chain,1,R057,56,,peroxidase,Vmax (nM s⁻¹),183.0,186.71052881931038,2.2624510897304293,2.27116880899995,0.008717719269520696,0.008717719269520696,1.0202761137667233
random_5fold_cv,M2_raw_chain,1,R062,61,,catalase,Km (mM),40.16,1.9597224911310853,1.603793704136963,0.29219457691602885,-1.3115991272209342,1.3115991272209342,0.04879787079509675
random_5fold_cv,M2_raw_chain,1,R062,61,,catalase,Kcat (s⁻¹),5660000.0,963.6352427667764,6.752816431188271,2.983912674949436,-3.768903756238835,3.768903756238835,0.0001702535764605612
random_5fold_cv,M2_raw_chain,1,R062,61,,catalase,Vmax (nM s⁻¹),106.6,137.2683196709793,2.0277572046905536,2.137570317428759,0.10981311273820538,0.10981311273820538,1.2876953064819823
random_5fold_cv,M2_raw_chain,1,R063,62,,peroxidase,Km (mM),0.253,2.0639264150804757,-0.5968794788241821,0.31469420938241077,0.9115736882065929,0.9115736882065929,8.157811917314133
random_5fold_cv,M2_raw_chain,1,R063,62,,peroxidase,Kcat (s⁻¹),0.374,5.196188066967863,-0.42712839779951983,0.7156848612170574,1.1428132590165774,1.1428132590165774,13.893550981197494
random_5fold_cv,M2_raw_chain,1,R063,62,,peroxidase,Vmax (nM s⁻¹),400.0,168.65259412711762,2.6020599913279625,2.2269930256700645,-0.375066965657898,0.375066965657898,0.42163148531779404
random_5fold_cv,M2_raw_chain,1,R065,64,,catalase,Km (mM),0.38,2.1081626133871088,-0.42021640338318983,0.3239041071917959,0.7441205105749857,0.7441205105749857,5.547796351018707
random_5fold_cv,M2_raw_chain,1,R065,64,,catalase,Kcat (s⁻¹),1380.0,2.3284701388705007,3.1398790864012365,0.36707067275751065,-2.772808413643726,2.772808413643726,0.0016872972020800729
random_5fold_cv,M2_raw_chain,1,R065,64,,catalase,Vmax (nM s⁻¹),241.0,194.452329979851,2.3820170425748683,2.28881315134735,-0.09320389122751838,0.09320389122751838,0.8068561409952323
random_5fold_cv,M2_raw_chain,1,R067,66,,catalase,Km (mM),3.7,2.430247242494156,0.568201724066995,0.38565045902577677,-0.1825512650412182,0.1825512650412182,0.6568235790524746
random_5fold_cv,M2_raw_chain,1,R067,66,,catalase,Kcat (s⁻¹),3480.0,292.59083722900743,3.5415792439465807,2.4662607216416883,-1.0753185223048924,1.0753185223048924,0.08407782678994466
random_5fold_cv,M2_raw_chain,1,R067,66,,catalase,Vmax (nM s⁻¹),87.1,237.29250077408327,1.9400181550076632,2.375284013295731,0.43526585828806774,0.43526585828806774,2.724368550793149
random_5fold_cv,M2_raw_chain,1,R068,67,,catalase,Km (mM),0.097,0.3825815907058755,-1.0132282657337552,-0.4172759314524929,0.5959523342812623,0.5959523342812623,3.9441401103698506
random_5fold_cv,M2_raw_chain,1,R068,67,,catalase,Kcat (s⁻¹),216.6,508.0019582899864,2.3356584522893016,2.705865386443163,0.3702069341538614,0.3702069341538614,2.345346067820805
random_5fold_cv,M2_raw_chain,1,R068,67,,catalase,Vmax (nM s⁻¹),9.16,407.74076628381073,0.9618954736678504,2.610384134770817,1.6484886611029665,1.6484886611029665,44.513184092119076
random_5fold_cv,M2_raw_chain,1,R071,70,,peroxidase,Km (mM),1.27,2.4546080627824542,0.10380372095595687,0.3899821564346849,0.28617843547872807,0.28617843547872807,1.9327622541594127
random_5fold_cv,M2_raw_chain,1,R071,70,,peroxidase,Kcat (s⁻¹),5.8e-05,2.1602317001655233,-4.236572006437063,0.3345003348114487,4.571072341248512,4.571072341248512,37245.37414078489
random_5fold_cv,M2_raw_chain,1,R071,70,,peroxidase,Vmax (nM s⁻¹),12.0,207.21809726147947,1.0791812460476249,2.316427681563466,1.2372464355158412,1.2372464355158412,17.268174771789955
random_5fold_cv,M2_raw_chain,1,R074,73,,catalase,Km (mM),0.15,0.3825815907058755,-0.8239087409443188,-0.4172759314524929,0.40663280949182584,0.40663280949182584,2.55054393803917
random_5fold_cv,M2_raw_chain,1,R074,73,,catalase,Kcat (s⁻¹),316.6,508.0019582899864,2.5005109105263372,2.705865386443163,0.20535447591682576,0.20535447591682576,1.6045545113391864
random_5fold_cv,M2_raw_chain,1,R074,73,,catalase,Vmax (nM s⁻¹),13.6,407.74076628381073,1.1335389083702174,2.610384134770817,1.4768452264005996,1.4768452264005996,29.980938697339024
random_5fold_cv,M2_raw_chain,1,R076,75,,catalase,Km (mM),0.14,0.3825815907058755,-0.8538719643217619,-0.4172759314524929,0.436596032869269,0.436596032869269,2.73272564789911
random_5fold_cv,M2_raw_chain,1,R076,75,,catalase,Kcat (s⁻¹),1216.6,508.0019582899864,3.0851478121269045,2.705865386443163,-0.3792824256837415,0.3792824256837415,0.417558736059499
random_5fold_cv,M2_raw_chain,1,R076,75,,catalase,Vmax (nM s⁻¹),53.33,407.74076628381073,1.7269715836828767,2.610384134770817,0.8834125510879403,0.8834125510879403,7.645617218897632
random_5fold_cv,M2_raw_chain,1,R079,78,,catalase,Km (mM),396.0,6.131132490310189,2.597695185925512,0.7875407010870964,-1.810154484838416,1.810154484838416,0.015482657803813608
random_5fold_cv,M2_raw_chain,1,R079,78,,catalase,Kcat (s⁻¹),320000.0,30690.076382092237,5.505149978319906,4.486997969314191,-1.018152009005715,1.018152009005715,0.09590648869403824
random_5fold_cv,M2_raw_chain,1,R079,78,,catalase,Vmax (nM s⁻¹),8500.0,42442.0481290446,3.929418925714293,4.627796333515821,0.6983774078015283,0.6983774078015283,4.993182132828776
random_5fold_cv,M3_physics_independent,1,R001,0,,unknown,Km (mM),0.16,0.8121026014864124,-0.7958800173440752,-0.09038909829029654,0.7054909190537787,0.7054909190537787,5.0756412592900775
random_5fold_cv,M3_physics_independent,1,R001,0,,unknown,Kcat (s⁻¹),0.033,0.41852402791040405,-1.4814860601221125,-0.3782796036459978,1.1032064564761148,1.1032064564761148,12.682546300315273
random_5fold_cv,M3_physics_independent,1,R001,0,,unknown,Vmax (nM s⁻¹),51.6,11680.397658681613,1.7126497016272113,4.067457628566729,2.354807926939518,2.354807926939518,226.36429571088397
random_5fold_cv,M3_physics_independent,1,R005,4,,peroxidase,Km (mM),0.124,0.5294263633227201,-0.906578314837765,-0.2761944363620056,0.6303838784757594,0.6303838784757594,4.269567446150968
random_5fold_cv,M3_physics_independent,1,R005,4,,peroxidase,Kcat (s⁻¹),0.0005,0.022812161210239962,-3.3010299956639813,-1.641833567979872,1.6591964276841094,1.6591964276841094,45.62432242047992
random_5fold_cv,M3_physics_independent,1,R005,4,,peroxidase,Vmax (nM s⁻¹),0.47,96.0555067595514,-0.3279021420642826,1.9825222675499496,2.310424409614232,2.310424409614232,204.37341863734343
random_5fold_cv,M3_physics_independent,1,R011,10,,catalase,Km (mM),0.064,0.2421148212211369,-1.193820026016113,-0.6159786241165692,0.5778414018995437,0.5778414018995437,3.7830440815802637
random_5fold_cv,M3_physics_independent,1,R011,10,,catalase,Kcat (s⁻¹),183.3,252.10098690424113,2.2631624649622166,2.4015745458201474,0.13841208085793077,0.13841208085793077,1.3753463551786203
random_5fold_cv,M3_physics_independent,1,R011,10,,catalase,Vmax (nM s⁻¹),8.165,94.90992755488588,0.9119561890726869,1.9773116418983978,1.065355452825711,1.065355452825711,11.62399602631793
random_5fold_cv,M3_physics_independent,1,R013,12,,peroxidase,Km (mM),0.0906,0.7797828155696291,-1.0428718023231869,-0.10802633978860504,0.9348454625345819,0.9348454625345819,8.606874344035642
random_5fold_cv,M3_physics_independent,1,R013,12,,peroxidase,Kcat (s⁻¹),500.0,0.9141839576789661,2.6989700043360187,-0.038966404084351244,-2.73793640842037,2.73793640842037,0.0018283679153579323
random_5fold_cv,M3_physics_independent,1,R013,12,,peroxidase,Vmax (nM s⁻¹),1700.0,141.30924176328242,3.230448921378274,2.150170566063318,-1.080278355314956,1.080278355314956,0.08312308339016612
random_5fold_cv,M3_physics_independent,1,R019,18,,catalase,Km (mM),44.69,5.8464651153883525,1.650210354660359,0.7668933626826324,-0.8833169919777266,0.8833169919777266,0.1308226698453424
random_5fold_cv,M3_physics_independent,1,R019,18,,catalase,Kcat (s⁻¹),15.25,447.2669102837355,1.1832698436828046,2.650566769371507,1.4672969256887023,1.4672969256887023,29.32897772352364
random_5fold_cv,M3_physics_independent,1,R019,18,,catalase,Vmax (nM s⁻¹),22.3,18908.073643929754,1.3483048630481607,4.276647285141879,2.928342422093718,2.928342422093718,847.8956790999889
random_5fold_cv,M3_physics_independent,1,R023,22,,catalase,Km (mM),3.88,3.9034361012880203,0.5888317255942073,0.5914470744179727,0.002615348823765462,0.002615348823765462,1.006040232290727
random_5fold_cv,M3_physics_independent,1,R023,22,,catalase,Kcat (s⁻¹),2350.0,358.4181908708276,3.3710678622717363,2.5543900433850038,-0.8166778188867325,0.8166778188867325,0.15251837909396918
random_5fold_cv,M3_physics_independent,1,R023,22,,catalase,Vmax (nM s⁻¹),565.0,161.6327486437786,2.7520484478194387,2.2085293583838603,-0.5435190894355784,0.5435190894355784,0.2860756613164223
random_5fold_cv,M3_physics_independent,1,R034,33,,unknown,Km (mM),2.33,1.4851221648549724,0.367355921026019,0.17176217980823902,-0.19559374121777998,0.19559374121777998,0.6373914870622199
random_5fold_cv,M3_physics_independent,1,R034,33,,unknown,Kcat (s⁻¹),0.00052,0.011277540828798675,-3.283996656365201,-1.947785591923458,1.336211064441743,1.336211064441743,21.68757851692053
random_5fold_cv,M3_physics_independent,1,R034,33,,unknown,Vmax (nM s⁻¹),868000.0,48172.72857664578,5.938519725176492,4.682801246111399,-1.2557184790650924,1.2557184790650924,0.05549853522655044
random_5fold_cv,M3_physics_independent,1,R054,53,,peroxidase,Km (mM),0.022,0.039373538548543294,-1.6575773191777938,-1.4047955528742757,0.2527817663035181,0.2527817663035181,1.789706297661059
random_5fold_cv,M3_physics_independent,1,R054,53,,peroxidase,Kcat (s⁻¹),22500.0,17765.20262316642,4.352182518111363,4.249570165251817,-0.10261235285954573,0.10261235285954573,0.7895645610296187
random_5fold_cv,M3_physics_independent,1,R054,53,,peroxidase,Vmax (nM s⁻¹),174.0,154.4492258691702,2.2405492482826,2.1887857358709417,-0.05176351241165822,0.05176351241165822,0.8876392291331621
random_5fold_cv,M3_physics_independent,1,R057,56,,peroxidase,Km (mM),840.0,0.9919321227670698,2.9242792860618816,-0.0035180453017581415,-2.9277973313636396,2.9277973313636396,0.0011808715747227022
random_5fold_cv,M3_physics_independent,1,R057,56,,peroxidase,Kcat (s⁻¹),3.9,0.06906725051808837,0.5910646070264992,-1.1607278323765013,-1.7517924394030007,1.7517924394030007,0.017709551414894456
random_5fold_cv,M3_physics_independent,1,R057,56,,peroxidase,Vmax (nM s⁻¹),183.0,30.984076519149777,2.2624510897304293,1.4911385565252595,-0.7713125332051698,0.7713125332051698,0.16931189354726656
random_5fold_cv,M3_physics_independent,1,R062,61,,catalase,Km (mM),40.16,4.847884528305771,1.603793704136963,0.6855522668271942,-0.9182414373097688,0.9182414373097688,0.12071425618291264
random_5fold_cv,M3_physics_independent,1,R062,61,,catalase,Kcat (s⁻¹),5660000.0,3851.1816439108834,6.752816431188271,3.585594002935314,-3.167222428252957,3.167222428252957,0.0006804207851432657
random_5fold_cv,M3_physics_independent,1,R062,61,,catalase,Vmax (nM s⁻¹),106.6,97.81897601393504,2.0277572046905536,1.9904231122388394,-0.03733409245171426,0.03733409245171426,0.9176264166410417
random_5fold_cv,M3_physics_independent,1,R063,62,,peroxidase,Km (mM),0.253,1.2628091271384243,-0.5968794788241821,0.10133771215867239,0.6982171909828545,0.6982171909828545,4.991340423472033
random_5fold_cv,M3_physics_independent,1,R063,62,,peroxidase,Kcat (s⁻¹),0.374,1.8443941571535247,-0.42712839779951983,0.26585373775036164,0.6929821355498815,0.6929821355498815,4.931535179554879
random_5fold_cv,M3_physics_independent,1,R063,62,,peroxidase,Vmax (nM s⁻¹),400.0,122.27063767511652,2.6020599913279625,2.0873221771778754,-0.5147378141500871,0.5147378141500871,0.3056765941877913
random_5fold_cv,M3_physics_independent,1,R065,64,,catalase,Km (mM),0.38,3.459066045556652,-0.42021640338318983,0.5389588542800381,0.959175257663228,0.959175257663228,9.10280538304382
random_5fold_cv,M3_physics_independent,1,R065,64,,catalase,Kcat (s⁻¹),1380.0,0.43964727234990075,3.1398790864012365,-0.3568956169379574,-3.496774703339194,3.496774703339194,0.0003185849799636962
random_5fold_cv,M3_physics_independent,1,R065,64,,catalase,Vmax (nM s⁻¹),241.0,168.02840930242138,2.3820170425748683,2.2253827160127515,-0.15663432656211684,0.15663432656211684,0.6972133166075576
random_5fold_cv,M3_physics_independent,1,R067,66,,catalase,Km (mM),3.7,6.26714091909448,0.568201724066995,0.7970694600896415,0.22886773602264654,0.22886773602264654,1.693821870025535
random_5fold_cv,M3_physics_independent,1,R067,66,,catalase,Kcat (s⁻¹),3480.0,4686.738936509611,3.5415792439465807,3.6708707628671315,0.1292915189205508,0.1292915189205508,1.3467640622154056
random_5fold_cv,M3_physics_independent,1,R067,66,,catalase,Vmax (nM s⁻¹),87.1,232.32290725300973,1.9400181550076632,2.3660920337481315,0.4260738787404683,0.4260738787404683,2.667312368002408
random_5fold_cv,M3_physics_independent,1,R068,67,,catalase,Km (mM),0.097,0.2421148212211369,-1.0132282657337552,-0.6159786241165692,0.397249641617186,0.397249641617186,2.4960290847539883
random_5fold_cv,M3_physics_independent,1,R068,67,,catalase,Kcat (s⁻¹),216.6,252.10098690424113,2.3356584522893016,2.4015745458201474,0.06591609353084582,0.06591609353084582,1.163901139908777
random_5fold_cv,M3_physics_independent,1,R068,67,,catalase,Vmax (nM s⁻¹),9.16,94.90992755488588,0.9618954736678504,1.9773116418983978,1.0154161682305474,1.0154161682305474,10.36134580293514
random_5fold_cv,M3_physics_independent,1,R071,70,,peroxidase,Km (mM),1.27,1.7347586387451204,0.10380372095595687,0.23923905886587607,0.13543533790991918,0.13543533790991918,1.3659516840512758
random_5fold_cv,M3_physics_independent,1,R071,70,,peroxidase,Kcat (s⁻¹),5.8e-05,0.2819630123457347,-4.236572006437063,-0.5498078583036882,3.686764148133375,3.686764148133375,4861.431247340253
random_5fold_cv,M3_physics_independent,1,R071,70,,peroxidase,Vmax (nM s⁻¹),12.0,140.94651182394475,1.0791812460476249,2.1490543323228533,1.0698730862752284,1.0698730862752284,11.745542651995395
random_5fold_cv,M3_physics_independent,1,R074,73,,catalase,Km (mM),0.15,0.2421148212211369,-0.8239087409443188,-0.6159786241165692,0.20793011682774953,0.20793011682774953,1.6140988081409127
random_5fold_cv,M3_physics_independent,1,R074,73,,catalase,Kcat (s⁻¹),316.6,252.10098690424113,2.5005109105263372,2.4015745458201474,-0.09893636470618983,0.09893636470618983,0.7962760167537621
random_5fold_cv,M3_physics_independent,1,R074,73,,catalase,Vmax (nM s⁻¹),13.6,94.90992755488588,1.1335389083702174,1.9773116418983978,0.8437727335281804,0.8437727335281804,6.978671143741609
random_5fold_cv,M3_physics_independent,1,R076,75,,catalase,Km (mM),0.14,0.2421148212211369,-0.8538719643217619,-0.6159786241165692,0.2378933402051927,0.2378933402051927,1.7293915801509776
random_5fold_cv,M3_physics_independent,1,R076,75,,catalase,Kcat (s⁻¹),1216.6,252.10098690424113,3.0851478121269045,2.4015745458201474,-0.6835732663067571,0.6835732663067571,0.20721764499773232
random_5fold_cv,M3_physics_independent,1,R076,75,,catalase,Vmax (nM s⁻¹),53.33,94.90992755488588,1.7269715836828767,1.9773116418983978,0.2503400582155211,0.2503400582155211,1.779672371177309
random_5fold_cv,M3_physics_independent,1,R079,78,,catalase,Km (mM),396.0,6.425183097306681,2.597695185925512,0.8078855081927367,-1.7898096777327754,1.7898096777327754,0.016225209841683536
random_5fold_cv,M3_physics_independent,1,R079,78,,catalase,Kcat (s⁻¹),320000.0,141690.37363970262,5.505149978319906,5.151340345539126,-0.3538096327807807,0.3538096327807807,0.44278241762407067
random_5fold_cv,M3_physics_independent,1,R079,78,,catalase,Vmax (nM s⁻¹),8500.0,92519.89021479659,3.929418925714293,4.966235108759884,1.036816183045591,1.036816183045591,10.884692966446657
random_5fold_cv,M4_full_physics_chain,1,R001,0,,unknown,Km (mM),0.16,0.8121026014864124,-0.7958800173440752,-0.09038909829029654,0.7054909190537787,0.7054909190537787,5.0756412592900775
random_5fold_cv,M4_full_physics_chain,1,R001,0,,unknown,Kcat (s⁻¹),0.033,0.2550847953909269,-1.4814860601221125,-0.5933154272177829,0.8881706329043296,0.8881706329043296,7.729842284573541
random_5fold_cv,M4_full_physics_chain,1,R001,0,,unknown,Vmax (nM s⁻¹),51.6,6100.999732663508,1.7126497016272113,3.785401005962267,2.0727513043350556,2.0727513043350556,118.23642892758737
random_5fold_cv,M4_full_physics_chain,1,R005,4,,peroxidase,Km (mM),0.124,0.5294263633227201,-0.906578314837765,-0.2761944363620056,0.6303838784757594,0.6303838784757594,4.269567446150968
random_5fold_cv,M4_full_physics_chain,1,R005,4,,peroxidase,Kcat (s⁻¹),0.0005,0.023046487817597622,-3.3010299956639813,-1.6373952497822286,1.6636347458817526,1.6636347458817526,46.092975635195245
random_5fold_cv,M4_full_physics_chain,1,R005,4,,peroxidase,Vmax (nM s⁻¹),0.47,166.15014468514835,-0.3279021420642826,2.2205007238027177,2.548402865867,2.548402865867,353.5109461386135
random_5fold_cv,M4_full_physics_chain,1,R011,10,,catalase,Km (mM),0.064,0.24211482122113684,-1.193820026016113,-0.6159786241165693,0.5778414018995436,0.5778414018995436,3.783044081580263
random_5fold_cv,M4_full_physics_chain,1,R011,10,,catalase,Kcat (s⁻¹),183.3,302.1894334337916,2.2631624649622166,2.4802792744251536,0.217116809462937,0.217116809462937,1.6486057470474171
random_5fold_cv,M4_full_physics_chain,1,R011,10,,catalase,Vmax (nM s⁻¹),8.165,96.53394703358921,0.9119561890726869,1.9846800637770021,1.072723874704315,1.072723874704315,11.822896146183616
random_5fold_cv,M4_full_physics_chain,1,R013,12,,peroxidase,Km (mM),0.0906,0.7797828155696291,-1.0428718023231869,-0.10802633978860504,0.9348454625345819,0.9348454625345819,8.606874344035642
random_5fold_cv,M4_full_physics_chain,1,R013,12,,peroxidase,Kcat (s⁻¹),500.0,1.4988760025985952,2.6989700043360187,0.1757657064876265,-2.5232042978483924,2.5232042978483924,0.0029977520051971906
random_5fold_cv,M4_full_physics_chain,1,R013,12,,peroxidase,Vmax (nM s⁻¹),1700.0,136.31190170615622,3.230448921378274,2.1345337767418666,-1.0959151446364075,1.0959151446364075,0.0801834715918566
random_5fold_cv,M4_full_physics_chain,1,R019,18,,catalase,Km (mM),44.69,5.8464651153883525,1.650210354660359,0.7668933626826324,-0.8833169919777266,0.8833169919777266,0.1308226698453424
random_5fold_cv,M4_full_physics_chain,1,R019,18,,catalase,Kcat (s⁻¹),15.25,367.6338775096483,1.1832698436828046,2.5654155248511414,1.3821456811683368,1.3821456811683368,24.1071395088294
random_5fold_cv,M4_full_physics_chain,1,R019,18,,catalase,Vmax (nM s⁻¹),22.3,15888.574411726684,1.3483048630481607,4.201084932267483,2.852780069219322,2.852780069219322,712.4921260863983
random_5fold_cv,M4_full_physics_chain,1,R023,22,,catalase,Km (mM),3.88,3.9034361012880203,0.5888317255942073,0.5914470744179727,0.002615348823765462,0.002615348823765462,1.006040232290727
random_5fold_cv,M4_full_physics_chain,1,R023,22,,catalase,Kcat (s⁻¹),2350.0,291.992350398381,3.3710678622717363,2.4653714739714023,-0.9056963883003339,0.9056963883003339,0.12425206399931106
random_5fold_cv,M4_full_physics_chain,1,R023,22,,catalase,Vmax (nM s⁻¹),565.0,168.38817261947096,2.7520484478194387,2.2263115839184526,-0.5257368639009861,0.5257368639009861,0.2980321639282672
random_5fold_cv,M4_full_physics_chain,1,R034,33,,unknown,Km (mM),2.33,1.4851221648549722,0.367355921026019,0.17176217980823896,-0.19559374121778003,0.19559374121778003,0.6373914870622198
random_5fold_cv,M4_full_physics_chain,1,R034,33,,unknown,Kcat (s⁻¹),0.00052,0.01225304880479597,-3.283996656365201,-1.9117558366580707,1.3722408197071303,1.3722408197071303,23.563555393838406
random_5fold_cv,M4_full_physics_chain,1,R034,33,,unknown,Vmax (nM s⁻¹),868000.0,32192.026107788533,5.938519725176492,4.507748311253529,-1.4307714139229626,1.4307714139229626,0.03708758768178402
random_5fold_cv,M4_full_physics_chain,1,R054,53,,peroxidase,Km (mM),0.022,0.039373538548543294,-1.6575773191777938,-1.4047955528742757,0.2527817663035181,0.2527817663035181,1.789706297661059
random_5fold_cv,M4_full_physics_chain,1,R054,53,,peroxidase,Kcat (s⁻¹),22500.0,17617.99127274911,4.352182518111363,4.245956390518068,-0.10622612759329453,0.10622612759329453,0.7830218343444049
random_5fold_cv,M4_full_physics_chain,1,R054,53,,peroxidase,Vmax (nM s⁻¹),174.0,163.91945908982086,2.2405492482826,2.2146305122873944,-0.025918735995205555,0.025918735995205555,0.9420658568380509
random_5fold_cv,M4_full_physics_chain,1,R057,56,,peroxidase,Km (mM),840.0,0.9919321227670698,2.9242792860618816,-0.0035180453017581415,-2.9277973313636396,2.9277973313636396,0.0011808715747227022
random_5fold_cv,M4_full_physics_chain,1,R057,56,,peroxidase,Kcat (s⁻¹),3.9,0.07015399749220891,0.5910646070264992,-1.153947577103986,-1.745012184130485,1.745012184130485,0.01798820448518177
random_5fold_cv,M4_full_physics_chain,1,R057,56,,peroxidase,Vmax (nM s⁻¹),183.0,50.09687842917205,2.2624510897304293,1.6998106655235077,-0.5626404242069216,0.5626404242069216,0.27375343403919156
random_5fold_cv,M4_full_physics_chain,1,R062,61,,catalase,Km (mM),40.16,4.84788452830577,1.603793704136963,0.6855522668271941,-0.9182414373097689,0.9182414373097689,0.12071425618291262
random_5fold_cv,M4_full_physics_chain,1,R062,61,,catalase,Kcat (s⁻¹),5660000.0,2388.2485443392075,6.752816431188271,3.378079521711148,-3.374736909477123,3.374736909477123,0.0004219520396359024
random_5fold_cv,M4_full_physics_chain,1,R062,61,,catalase,Vmax (nM s⁻¹),106.6,84.63376470180513,2.0277572046905536,1.927543659708249,-0.10021354498230473,0.10021354498230473,0.7939377551764084
random_5fold_cv,M4_full_physics_chain,1,R063,62,,peroxidase,Km (mM),0.253,1.2628091271384243,-0.5968794788241821,0.10133771215867239,0.6982171909828545,0.6982171909828545,4.991340423472033
random_5fold_cv,M4_full_physics_chain,1,R063,62,,peroxidase,Kcat (s⁻¹),0.374,2.5064377222292604,-0.42712839779951983,0.3990569181139665,0.8261853159134863,0.8261853159134863,6.701705139650429
random_5fold_cv,M4_full_physics_chain,1,R063,62,,peroxidase,Vmax (nM s⁻¹),400.0,124.6262820790756,2.6020599913279625,2.0956096390990813,-0.5064503522288812,0.5064503522288812,0.311565705197689
random_5fold_cv,M4_full_physics_chain,1,R065,64,,catalase,Km (mM),0.38,3.459066045556653,-0.42021640338318983,0.5389588542800382,0.959175257663228,0.959175257663228,9.102805383043824
random_5fold_cv,M4_full_physics_chain,1,R065,64,,catalase,Kcat (s⁻¹),1380.0,0.4430645214942722,3.1398790864012365,-0.35353302481865173,-3.493412111219888,3.493412111219888,0.00032106124745961756
random_5fold_cv,M4_full_physics_chain,1,R065,64,,catalase,Vmax (nM s⁻¹),241.0,154.72104462297204,2.3820170425748683,2.1895493889549353,-0.192467653619933,0.192467653619933,0.641996035779967
random_5fold_cv,M4_full_physics_chain,1,R067,66,,catalase,Km (mM),3.7,6.26714091909448,0.568201724066995,0.7970694600896415,0.22886773602264654,0.22886773602264654,1.693821870025535
random_5fold_cv,M4_full_physics_chain,1,R067,66,,catalase,Kcat (s⁻¹),3480.0,3345.312122484903,3.5415792439465807,3.52443664430086,-0.017142599645720846,0.017142599645720846,0.9612965869209491
random_5fold_cv,M4_full_physics_chain,1,R067,66,,catalase,Vmax (nM s⁻¹),87.1,214.76242079401018,1.9400181550076632,2.331958290670019,0.39194013566235575,0.39194013566235575,2.465699435063263
random_5fold_cv,M4_full_physics_chain,1,R068,67,,catalase,Km (mM),0.097,0.24211482122113684,-1.0132282657337552,-0.6159786241165693,0.3972496416171859,0.3972496416171859,2.496029084753988
random_5fold_cv,M4_full_physics_chain,1,R068,67,,catalase,Kcat (s⁻¹),216.6,302.1894334337916,2.3356584522893016,2.4802792744251536,0.14462082213585203,0.14462082213585203,1.3951497388448364
random_5fold_cv,M4_full_physics_chain,1,R068,67,,catalase,Vmax (nM s⁻¹),9.16,96.53394703358921,0.9618954736678504,1.9846800637770021,1.0227845901091517,1.0227845901091517,10.538640505850351
random_5fold_cv,M4_full_physics_chain,1,R071,70,,peroxidase,Km (mM),1.27,1.7347586387451204,0.10380372095595687,0.23923905886587607,0.13543533790991918,0.13543533790991918,1.3659516840512758
random_5fold_cv,M4_full_physics_chain,1,R071,70,,peroxidase,Kcat (s⁻¹),5.8e-05,0.3025407394024897,-4.236572006437063,-0.5192161360316694,3.7173558704053935,3.7173558704053935,5216.219644870513
random_5fold_cv,M4_full_physics_chain,1,R071,70,,peroxidase,Vmax (nM s⁻¹),12.0,144.16228815483782,1.0791812460476249,2.158851666844848,1.0796704207972232,1.0796704207972232,12.013524012903153
random_5fold_cv,M4_full_physics_chain,1,R074,73,,catalase,Km (mM),0.15,0.24211482122113684,-0.8239087409443188,-0.6159786241165693,0.20793011682774942,0.20793011682774942,1.6140988081409122
random_5fold_cv,M4_full_physics_chain,1,R074,73,,catalase,Kcat (s⁻¹),316.6,302.1894334337916,2.5005109105263372,2.4802792744251536,-0.020231636101183614,0.020231636101183614,0.9544833652362336
random_5fold_cv,M4_full_physics_chain,1,R074,73,,catalase,Vmax (nM s⁻¹),13.6,96.53394703358921,1.1335389083702174,1.9846800637770021,0.8511411554067847,0.8511411554067847,7.098084340705089
random_5fold_cv,M4_full_physics_chain,1,R076,75,,catalase,Km (mM),0.14,0.24211482122113684,-0.8538719643217619,-0.6159786241165693,0.2378933402051926,0.2378933402051926,1.7293915801509772
random_5fold_cv,M4_full_physics_chain,1,R076,75,,catalase,Kcat (s⁻¹),1216.6,302.1894334337916,3.0851478121269045,2.4802792744251536,-0.6048685377017509,0.6048685377017509,0.24838848712295875
random_5fold_cv,M4_full_physics_chain,1,R076,75,,catalase,Vmax (nM s⁻¹),53.33,96.53394703358921,1.7269715836828767,1.9846800637770021,0.2577084800941254,0.2577084800941254,1.8101246396697772
random_5fold_cv,M4_full_physics_chain,1,R079,78,,catalase,Km (mM),396.0,6.425183097306681,2.597695185925512,0.8078855081927367,-1.7898096777327754,1.7898096777327754,0.016225209841683536
random_5fold_cv,M4_full_physics_chain,1,R079,78,,catalase,Kcat (s⁻¹),320000.0,65001.800326311175,5.505149978319906,4.812925385272931,-0.6922245930469755,0.6922245930469755,0.20313062601972243
random_5fold_cv,M4_full_physics_chain,1,R079,78,,catalase,Vmax (nM s⁻¹),8500.0,74563.64492379366,3.929418925714293,4.872527129651711,0.9431082039374186,0.9431082039374186,8.772193520446313
random_5fold_cv,A0_physics_no_arrhenius,1,R001,0,,unknown,Km (mM),0.16,0.4925607471086558,-0.7958800173440752,-0.30754020068480487,0.48833981665927034,0.48833981665927034,3.078504669429099
random_5fold_cv,A0_physics_no_arrhenius,1,R001,0,,unknown,Kcat (s⁻¹),0.033,0.8738798320433316,-1.4814860601221125,-0.058548283462331,1.4229377766597815,1.4229377766597815,26.48120703161611
random_5fold_cv,A0_physics_no_arrhenius,1,R001,0,,unknown,Vmax (nM s⁻¹),51.6,286.9817261085077,1.7126497016272113,2.457854243413757,0.7452045417865456,0.7452045417865456,5.561661358692009
random_5fold_cv,A0_physics_no_arrhenius,1,R005,4,,peroxidase,Km (mM),0.124,0.9614001194586604,-0.906578314837765,-0.017095828244158045,0.889482486593607,0.889482486593607,7.753226769827907
random_5fold_cv,A0_physics_no_arrhenius,1,R005,4,,peroxidase,Kcat (s⁻¹),0.0005,0.017152695326492256,-3.3010299956639813,-1.7656676264405686,1.5353623692234126,1.5353623692234126,34.305390652984514
random_5fold_cv,A0_physics_no_arrhenius,1,R005,4,,peroxidase,Vmax (nM s⁻¹),0.47,2319.6910311332,-0.3279021420642826,3.365430143334973,3.6933322853992556,3.6933322853992556,4935.5128321982975
random_5fold_cv,A0_physics_no_arrhenius,1,R011,10,,catalase,Km (mM),0.064,0.26595888789154665,-1.193820026016113,-0.575185491721453,0.61863453429466,0.61863453429466,4.155607623305416
random_5fold_cv,A0_physics_no_arrhenius,1,R011,10,,catalase,Kcat (s⁻¹),183.3,238.28351834962814,2.2631624649622166,2.3770940040025503,0.1139315390403337,0.1139315390403337,1.2999646391141741
random_5fold_cv,A0_physics_no_arrhenius,1,R011,10,,catalase,Vmax (nM s⁻¹),8.165,99.85898732071179,0.9119561890726869,1.9993871575206448,1.0874309684479577,1.0874309684479577,12.230127044790178
random_5fold_cv,A0_physics_no_arrhenius,1,R013,12,,peroxidase,Km (mM),0.0906,1.4661808215214838,-1.0428718023231869,0.16618753438854691,1.2090593367117337,1.2090593367117337,16.183011275071564
random_5fold_cv,A0_physics_no_arrhenius,1,R013,12,,peroxidase,Kcat (s⁻¹),500.0,2.681944315771024,2.6989700043360187,0.4284497565116925,-2.2705202478243263,2.2705202478243263,0.0053638886315420485
random_5fold_cv,A0_physics_no_arrhenius,1,R013,12,,peroxidase,Vmax (nM s⁻¹),1700.0,190.98416706562074,3.230448921378274,2.280997364938574,-0.9494515564396999,0.9494515564396999,0.11234362768565925
random_5fold_cv,A0_physics_no_arrhenius,1,R019,18,,catalase,Km (mM),44.69,3.9482177166523083,1.650210354660359,0.5964010929676333,-1.0538092616927257,1.0538092616927257,0.08834678265053275
random_5fold_cv,A0_physics_no_arrhenius,1,R019,18,,catalase,Kcat (s⁻¹),15.25,364.8293722305404,1.1832698436828046,2.56208979589578,1.3788199522129752,1.3788199522129752,23.923237523314125
random_5fold_cv,A0_physics_no_arrhenius,1,R019,18,,catalase,Vmax (nM s⁻¹),22.3,12866.563342595748,1.3483048630481607,4.10946256239349,2.761157699345329,2.761157699345329,576.9759346455492
random_5fold_cv,A0_physics_no_arrhenius,1,R023,22,,catalase,Km (mM),3.88,1.7660358526792936,0.5888317255942073,0.24699951603811054,-0.3418322095560967,0.3418322095560967,0.455163879556519
random_5fold_cv,A0_physics_no_arrhenius,1,R023,22,,catalase,Kcat (s⁻¹),2350.0,286.6689062843476,3.3710678622717363,2.457380589488327,-0.9136872727834091,0.9136872727834091,0.12198676863163728
random_5fold_cv,A0_physics_no_arrhenius,1,R023,22,,catalase,Vmax (nM s⁻¹),565.0,151.74594725904154,2.7520484478194387,2.1811171010221666,-0.5709313467972721,0.5709313467972721,0.2685768978036133
random_5fold_cv,A0_physics_no_arrhenius,1,R034,33,,unknown,Km (mM),2.33,0.9813390075941181,0.367355921026019,-0.008180937886038976,-0.37553685891205796,0.37553685891205796,0.4211755397399648
random_5fold_cv,A0_physics_no_arrhenius,1,R034,33,,unknown,Kcat (s⁻¹),0.00052,0.011197586193873853,-3.283996656365201,-1.9508755858710205,1.3331210704941805,1.3331210704941805,21.533819603603565
random_5fold_cv,A0_physics_no_arrhenius,1,R034,33,,unknown,Vmax (nM s⁻¹),868000.0,7107.395671456458,5.938519725176492,3.8517104934566326,-2.086809231719859,2.086809231719859,0.008188243861124952
random_5fold_cv,A0_physics_no_arrhenius,1,R054,53,,peroxidase,Km (mM),0.022,3.3062555472350383,-1.6575773191777938,0.5193364180390858,2.1769137372168794,2.1769137372168794,150.2843430561381
random_5fold_cv,A0_physics_no_arrhenius,1,R054,53,,peroxidase,Kcat (s⁻¹),22500.0,27637.82927895504,4.352182518111363,4.4415039298312315,0.08932141171986885,0.08932141171986885,1.2283479679535574
random_5fold_cv,A0_physics_no_arrhenius,1,R054,53,,peroxidase,Vmax (nM s⁻¹),174.0,241.36468882269656,2.2405492482826,2.38267373398349,0.1421244857008901,0.1421244857008901,1.387153384038486
random_5fold_cv,A0_physics_no_arrhenius,1,R057,56,,peroxidase,Km (mM),840.0,1.6556345916493562,2.9242792860618816,0.2189644916629424,-2.705314794398939,2.705314794398939,0.0019709935614873287
random_5fold_cv,A0_physics_no_arrhenius,1,R057,56,,peroxidase,Kcat (s⁻¹),3.9,0.1511378608635984,0.5910646070264992,-0.8206267288809114,-1.4116913359074106,1.4116913359074106,0.03875329765733292
random_5fold_cv,A0_physics_no_arrhenius,1,R057,56,,peroxidase,Vmax (nM s⁻¹),183.0,47.756784761140366,2.2624510897304293,1.679035080108355,-0.5834160096220744,0.5834160096220744,0.26096603694612225
random_5fold_cv,A0_physics_no_arrhenius,1,R062,61,,catalase,Km (mM),40.16,1.5106205532046317,1.603793704136963,0.17915538932621758,-1.4246383148107453,1.4246383148107453,0.037615053615653184
random_5fold_cv,A0_physics_no_arrhenius,1,R062,61,,catalase,Kcat (s⁻¹),5660000.0,3391.0395909178187,6.752816431188271,3.530332860263716,-3.222483570924555,3.222483570924555,0.000599123602635657
random_5fold_cv,A0_physics_no_arrhenius,1,R062,61,,catalase,Vmax (nM s⁻¹),106.6,69.04245588740231,2.0277572046905536,1.8391162311338234,-0.18864097355673026,0.18864097355673026,0.6476778225835114
random_5fold_cv,A0_physics_no_arrhenius,1,R063,62,,peroxidase,Km (mM),0.253,1.6638896763763906,-0.5968794788241821,0.22112452716543385,0.818004005989616,0.818004005989616,6.576639037060833
random_5fold_cv,A0_physics_no_arrhenius,1,R063,62,,peroxidase,Kcat (s⁻¹),0.374,2.3666847939133366,-0.42712839779951983,0.37414042042182893,0.8012688182213488,0.8012688182213488,6.328034208324429
random_5fold_cv,A0_physics_no_arrhenius,1,R063,62,,peroxidase,Vmax (nM s⁻¹),400.0,103.06560821431654,2.6020599913279625,2.0131137704777045,-0.588946220850258,0.588946220850258,0.25766402053579135
random_5fold_cv,A0_physics_no_arrhenius,1,R065,64,,catalase,Km (mM),0.38,2.0289603376107204,-0.42021640338318983,0.3072735574694416,0.7274899608526315,0.7274899608526315,5.339369309501896
random_5fold_cv,A0_physics_no_arrhenius,1,R065,64,,catalase,Kcat (s⁻¹),1380.0,0.29561398424204177,3.1398790864012365,-0.5292750251638846,-3.669154111565121,3.669154111565121,0.00021421303205945057
random_5fold_cv,A0_physics_no_arrhenius,1,R065,64,,catalase,Vmax (nM s⁻¹),241.0,137.10362825263243,2.3820170425748683,2.1370489479277133,-0.24496809464715508,0.24496809464715508,0.5688947230399686
random_5fold_cv,A0_physics_no_arrhenius,1,R067,66,,catalase,Km (mM),3.7,2.895917925559921,0.568201724066995,0.46178624917513195,-0.10641547489186304,0.10641547489186304,0.7826805204216002
random_5fold_cv,A0_physics_no_arrhenius,1,R067,66,,catalase,Kcat (s⁻¹),3480.0,3139.2116914039834,3.5415792439465807,3.496820603151046,-0.04475864079553471,0.04475864079553471,0.9020723251160871
random_5fold_cv,A0_physics_no_arrhenius,1,R067,66,,catalase,Vmax (nM s⁻¹),87.1,213.8391727991201,1.9400181550076632,2.3300872657565597,0.3900691107488965,0.3900691107488965,2.4550995728946052
random_5fold_cv,A0_physics_no_arrhenius,1,R068,67,,catalase,Km (mM),0.097,0.26595888789154665,-1.0132282657337552,-0.575185491721453,0.4380427740123023,0.4380427740123023,2.741844205067491
random_5fold_cv,A0_physics_no_arrhenius,1,R068,67,,catalase,Kcat (s⁻¹),216.6,238.28351834962814,2.3356584522893016,2.3770940040025503,0.04143555171324875,0.04143555171324875,1.1001085796381724
random_5fold_cv,A0_physics_no_arrhenius,1,R068,67,,catalase,Vmax (nM s⁻¹),9.16,99.85898732071179,0.9618954736678504,1.9993871575206448,1.0374916838527943,1.0374916838527943,10.901636170383384
random_5fold_cv,A0_physics_no_arrhenius,1,R071,70,,peroxidase,Km (mM),1.27,2.612788125763987,0.10380372095595687,0.41710419367593055,0.3133004727199737,0.3133004727199737,2.057313484853533
random_5fold_cv,A0_physics_no_arrhenius,1,R071,70,,peroxidase,Kcat (s⁻¹),5.8e-05,0.15226466164511404,-4.236572006437063,-0.8174008782353485,3.4191711282017145,3.4191711282017145,2625.252786984725
random_5fold_cv,A0_physics_no_arrhenius,1,R071,70,,peroxidase,Vmax (nM s⁻¹),12.0,142.1141198099906,1.0791812460476249,2.152637229587729,1.0734559835401043,1.0734559835401043,11.842843317499216
random_5fold_cv,A0_physics_no_arrhenius,1,R074,73,,catalase,Km (mM),0.15,0.26595888789154665,-0.8239087409443188,-0.575185491721453,0.24872324922286582,0.24872324922286582,1.773059252610311
random_5fold_cv,A0_physics_no_arrhenius,1,R074,73,,catalase,Kcat (s⁻¹),316.6,238.28351834962814,2.5005109105263372,2.3770940040025503,-0.1234169065237869,0.1234169065237869,0.7526327174656605
random_5fold_cv,A0_physics_no_arrhenius,1,R074,73,,catalase,Vmax (nM s⁻¹),13.6,99.85898732071179,1.1335389083702174,1.9993871575206448,0.8658482491504274,0.8658482491504274,7.342572597111161
random_5fold_cv,A0_physics_no_arrhenius,1,R076,75,,catalase,Km (mM),0.14,0.26595888789154665,-0.8538719643217619,-0.575185491721453,0.278686472600309,0.278686472600309,1.8997063420824758
random_5fold_cv,A0_physics_no_arrhenius,1,R076,75,,catalase,Kcat (s⁻¹),1216.6,238.28351834962814,3.0851478121269045,2.3770940040025503,-0.7080538081243541,0.7080538081243541,0.1958601992023904
random_5fold_cv,A0_physics_no_arrhenius,1,R076,75,,catalase,Vmax (nM s⁻¹),53.33,99.85898732071179,1.7269715836828767,1.9993871575206448,0.27241557383776804,0.27241557383776804,1.8724730418284603
random_5fold_cv,A0_physics_no_arrhenius,1,R079,78,,catalase,Km (mM),396.0,6.1840842129739375,2.597695185925512,0.791275395040421,-1.8064197908850912,1.8064197908850912,0.01561637427518671
random_5fold_cv,A0_physics_no_arrhenius,1,R079,78,,catalase,Kcat (s⁻¹),320000.0,80157.44600284423,5.505149978319906,4.90394387114116,-0.6012061071787462,0.6012061071787462,0.2504920187588882
random_5fold_cv,A0_physics_no_arrhenius,1,R079,78,,catalase,Vmax (nM s⁻¹),8500.0,110108.46766343781,3.929418925714293,5.041820718772827,1.1124017930585337,1.1124017930585337,12.953937372169154
random_5fold_cv,A1_physics_plus_activity_category,1,R001,0,,unknown,Km (mM),0.16,1.3377214801651718,-0.7958800173440752,0.1263657007123191,0.9222457180563943,0.9222457180563943,8.360759251032324
random_5fold_cv,A1_physics_plus_activity_category,1,R001,0,,unknown,Kcat (s⁻¹),0.033,0.2912445430381216,-1.4814860601221125,-0.5357422031354832,0.9457438569866293,0.9457438569866293,8.825592213276412
random_5fold_cv,A1_physics_plus_activity_category,1,R001,0,,unknown,Vmax (nM s⁻¹),51.6,7084.142211819542,1.7126497016272113,3.8502872709241016,2.1376375692968903,2.1376375692968903,137.28957774844073
random_5fold_cv,A1_physics_plus_activity_category,1,R005,4,,peroxidase,Km (mM),0.124,0.23368488699150772,-0.906578314837765,-0.6313693736515376,0.2752089411862274,0.2752089411862274,1.8845555402540946
random_5fold_cv,A1_physics_plus_activity_category,1,R005,4,,peroxidase,Kcat (s⁻¹),0.0005,0.05188177045706806,-3.3010299956639813,-1.2849852121057743,2.0160447835582067,2.0160447835582067,103.76354091413612
random_5fold_cv,A1_physics_plus_activity_category,1,R005,4,,peroxidase,Vmax (nM s⁻¹),0.47,75.0948091324862,-0.3279021420642826,1.8756099177893706,2.203512059853653,2.203512059853653,159.77618964358768
random_5fold_cv,A1_physics_plus_activity_category,1,R011,10,,catalase,Km (mM),0.064,0.270542565236068,-1.193820026016113,-0.5677643963878984,0.6260556296282145,0.6260556296282145,4.227227581813563
random_5fold_cv,A1_physics_plus_activity_category,1,R011,10,,catalase,Kcat (s⁻¹),183.3,225.73404935774963,2.2631624649622166,2.3535970722938435,0.09043460733162689,0.09043460733162689,1.231500542049916
random_5fold_cv,A1_physics_plus_activity_category,1,R011,10,,catalase,Vmax (nM s⁻¹),8.165,74.65223380502061,0.9119561890726869,1.8730428075691414,0.9610866184964545,0.9610866184964545,9.142955763015385
random_5fold_cv,A1_physics_plus_activity_category,1,R013,12,,peroxidase,Km (mM),0.0906,0.38382713235225746,-1.0428718023231869,-0.41586432867720896,0.6270074736459779,0.6270074736459779,4.236502564594454
random_5fold_cv,A1_physics_plus_activity_category,1,R013,12,,peroxidase,Kcat (s⁻¹),500.0,0.5170060495327025,2.6989700043360187,-0.28650437515886273,-2.9854743794948817,2.9854743794948817,0.001034012099065405
random_5fold_cv,A1_physics_plus_activity_category,1,R013,12,,peroxidase,Vmax (nM s⁻¹),1700.0,109.16375680889537,3.230448921378274,2.038078473253794,-1.1923704481244801,1.1923704481244801,0.06421397459346787
random_5fold_cv,A1_physics_plus_activity_category,1,R019,18,,catalase,Km (mM),44.69,17.33348506142064,1.650210354660359,1.2388858905141364,-0.4113244641462226,0.4113244641462226,0.38786048470397494
random_5fold_cv,A1_physics_plus_activity_category,1,R019,18,,catalase,Kcat (s⁻¹),15.25,358.8463750529314,1.1832698436828046,2.5549085634916717,1.371638719808867,1.371638719808867,23.530909839536488
random_5fold_cv,A1_physics_plus_activity_category,1,R019,18,,catalase,Vmax (nM s⁻¹),22.3,23180.41850313392,1.3483048630481607,4.36512127252322,3.0168164094750596,3.0168164094750596,1039.4806503647496
random_5fold_cv,A1_physics_plus_activity_category,1,R023,22,,catalase,Km (mM),3.88,15.104877378952814,0.5888317255942073,1.1791172040309932,0.5902854784367859,0.5902854784367859,3.8930096337507254
random_5fold_cv,A1_physics_plus_activity_category,1,R023,22,,catalase,Kcat (s⁻¹),2350.0,178.57556246250311,3.3710678622717363,2.251822026703491,-1.119245835568245,1.119245835568245,0.07598960104787367
random_5fold_cv,A1_physics_plus_activity_category,1,R023,22,,catalase,Vmax (nM s⁻¹),565.0,267.81211589657534,2.7520484478194387,2.4278302207267743,-0.32421822709266435,0.32421822709266435,0.4740037449496909
random_5fold_cv,A1_physics_plus_activity_category,1,R034,33,,unknown,Km (mM),2.33,2.1961380974095634,0.367355921026019,0.3416596459134044,-0.025696275112614575,0.025696275112614575,0.9425485396607568
random_5fold_cv,A1_physics_plus_activity_category,1,R034,33,,unknown,Kcat (s⁻¹),0.00052,0.011234408638733807,-3.283996656365201,-1.9494497832087176,1.3345468731564833,1.3345468731564833,21.604631997565015
random_5fold_cv,A1_physics_plus_activity_category,1,R034,33,,unknown,Vmax (nM s⁻¹),868000.0,47514.690236103736,5.938519725176492,4.67682790230135,-1.2616918228751413,1.2616918228751413,0.05474042653929002
random_5fold_cv,A1_physics_plus_activity_category,1,R054,53,,peroxidase,Km (mM),0.022,0.03589505445671881,-1.6575773191777938,-1.44496538345821,0.21261193571958392,0.21261193571958392,1.6315933843963097
random_5fold_cv,A1_physics_plus_activity_category,1,R054,53,,peroxidase,Kcat (s⁻¹),22500.0,15824.232581616874,4.352182518111363,4.1993226574792475,-0.1528598606321152,0.1528598606321152,0.7032992258496389
random_5fold_cv,A1_physics_plus_activity_category,1,R054,53,,peroxidase,Vmax (nM s⁻¹),174.0,149.42744993868604,2.2405492482826,2.1744303850419744,-0.06611886324062555,0.06611886324062555,0.858778447923483
random_5fold_cv,A1_physics_plus_activity_category,1,R057,56,,peroxidase,Km (mM),840.0,0.38819987079899676,2.9242792860618816,-0.4109446134898819,-3.3352238995517633,3.3352238995517633,0.000462142703332139
random_5fold_cv,A1_physics_plus_activity_category,1,R057,56,,peroxidase,Kcat (s⁻¹),3.9,0.05872759948207798,0.5910646070264992,-1.2311577507830251,-1.8222223578095242,1.8222223578095242,0.015058358841558457
random_5fold_cv,A1_physics_plus_activity_category,1,R057,56,,peroxidase,Vmax (nM s⁻¹),183.0,64.73771263057814,2.2624510897304293,1.8111573504655738,-0.4512937392648555,0.4512937392648555,0.35375799251682044
random_5fold_cv,A1_physics_plus_activity_category,1,R062,61,,catalase,Km (mM),40.16,20.38820773857915,1.603793704136963,1.3093790500323743,-0.29441465410458867,0.29441465410458867,0.5076744954825486
random_5fold_cv,A1_physics_plus_activity_category,1,R062,61,,catalase,Kcat (s⁻¹),5660000.0,2920.479571864328,6.752816431188271,3.465454172788476,-3.2873622583997952,3.2873622583997952,0.0005159857900820367
random_5fold_cv,A1_physics_plus_activity_category,1,R062,61,,catalase,Vmax (nM s⁻¹),106.6,145.4223768840465,2.0277572046905536,2.16263123877566,0.13487403408510623,0.13487403408510623,1.3641874004131944
random_5fold_cv,A1_physics_plus_activity_category,1,R063,62,,peroxidase,Km (mM),0.253,0.5983495823501106,-0.5968794788241821,-0.22304500777328698,0.3738344710508952,0.3738344710508952,2.365018112055773
random_5fold_cv,A1_physics_plus_activity_category,1,R063,62,,peroxidase,Kcat (s⁻¹),0.374,2.9390946096044783,-0.42712839779951983,0.46821356625901395,0.8953419640585338,0.8953419640585338,7.85854173691037
random_5fold_cv,A1_physics_plus_activity_category,1,R063,62,,peroxidase,Vmax (nM s⁻¹),400.0,135.84404770487967,2.6020599913279625,2.1330406136368003,-0.4690193776911622,0.4690193776911622,0.3396101192621992
random_5fold_cv,A1_physics_plus_activity_category,1,R065,64,,catalase,Km (mM),0.38,11.889704693140143,-0.42021640338318983,1.075171068097886,1.495387471481076,1.495387471481076,31.28869656089511
random_5fold_cv,A1_physics_plus_activity_category,1,R065,64,,catalase,Kcat (s⁻¹),1380.0,0.8373101898713102,3.1398790864012365,-0.07711362349616949,-3.216992709897406,3.216992709897406,0.0006067465143995001
random_5fold_cv,A1_physics_plus_activity_category,1,R065,64,,catalase,Vmax (nM s⁻¹),241.0,332.28979457399197,2.3820170425748683,2.521517003246026,0.13949996067115755,0.13949996067115755,1.3787958281078505
random_5fold_cv,A1_physics_plus_activity_category,1,R067,66,,catalase,Km (mM),3.7,19.38037819943121,0.568201724066995,1.2873622478604323,0.7191605237934373,0.7191605237934373,5.237940053900327
random_5fold_cv,A1_physics_plus_activity_category,1,R067,66,,catalase,Kcat (s⁻¹),3480.0,1843.6190249701694,3.5415792439465807,3.2656711811171233,-0.27590806282945746,0.27590806282945746,0.5297755818879797
random_5fold_cv,A1_physics_plus_activity_category,1,R067,66,,catalase,Vmax (nM s⁻¹),87.1,380.8127780148724,1.9400181550076632,2.580711512528202,0.6406933575205389,0.6406933575205389,4.372132927840097
random_5fold_cv,A1_physics_plus_activity_category,1,R068,67,,catalase,Km (mM),0.097,0.270542565236068,-1.0132282657337552,-0.5677643963878984,0.4454638693458568,0.4454638693458568,2.7890986106811133
random_5fold_cv,A1_physics_plus_activity_category,1,R068,67,,catalase,Kcat (s⁻¹),216.6,225.73404935774963,2.3356584522893016,2.3535970722938435,0.01793862000454194,0.01793862000454194,1.0421701263054
random_5fold_cv,A1_physics_plus_activity_category,1,R068,67,,catalase,Vmax (nM s⁻¹),9.16,74.65223380502061,0.9618954736678504,1.8730428075691414,0.911147333901291,0.911147333901291,8.149807183954215
random_5fold_cv,A1_physics_plus_activity_category,1,R071,70,,peroxidase,Km (mM),1.27,0.5636145659886326,0.10380372095595687,-0.2490177915620733,-0.3528215125180302,0.3528215125180302,0.44379099684144296
random_5fold_cv,A1_physics_plus_activity_category,1,R071,70,,peroxidase,Kcat (s⁻¹),5.8e-05,1.1769108945093871,-4.236572006437063,0.07074358307471514,4.307315589511778,4.307315589511778,20291.567146713573
random_5fold_cv,A1_physics_plus_activity_category,1,R071,70,,peroxidase,Vmax (nM s⁻¹),12.0,141.16695439425612,1.0791812460476249,2.149733045130372,1.070551799082747,1.070551799082747,11.76391286618801
random_5fold_cv,A1_physics_plus_activity_category,1,R074,73,,catalase,Km (mM),0.15,0.270542565236068,-0.8239087409443188,-0.5677643963878984,0.2561443445564203,0.2561443445564203,1.8036171015737867
random_5fold_cv,A1_physics_plus_activity_category,1,R074,73,,catalase,Kcat (s⁻¹),316.6,225.73404935774963,2.5005109105263372,2.3535970722938435,-0.1469138382324937,0.1469138382324937,0.7129944704919444
random_5fold_cv,A1_physics_plus_activity_category,1,R074,73,,catalase,Vmax (nM s⁻¹),13.6,74.65223380502061,1.1335389083702174,1.8730428075691414,0.739503899198924,0.739503899198924,5.489134838604457
random_5fold_cv,A1_physics_plus_activity_category,1,R076,75,,catalase,Km (mM),0.14,0.270542565236068,-0.8538719643217619,-0.5677643963878984,0.2861075679338635,0.2861075679338635,1.9324468945433428
random_5fold_cv,A1_physics_plus_activity_category,1,R076,75,,catalase,Kcat (s⁻¹),1216.6,225.73404935774963,3.0851478121269045,2.3535970722938435,-0.731550739833061,0.731550739833061,0.18554500193798262
random_5fold_cv,A1_physics_plus_activity_category,1,R076,75,,catalase,Vmax (nM s⁻¹),53.33,74.65223380502061,1.7269715836828767,1.8730428075691414,0.1460712238862647,0.1460712238862647,1.3998168723986615
random_5fold_cv,A1_physics_plus_activity_category,1,R079,78,,catalase,Km (mM),396.0,14.146315127889933,2.597695185925512,1.1506433283384918,-1.4470518575870204,1.4470518575870204,0.03572301799972205
random_5fold_cv,A1_physics_plus_activity_category,1,R079,78,,catalase,Kcat (s⁻¹),320000.0,33901.46381797202,5.505149978319906,4.530218450838558,-0.9749315274813481,0.9749315274813481,0.10594207443116256
random_5fold_cv,A1_physics_plus_activity_category,1,R079,78,,catalase,Vmax (nM s⁻¹),8500.0,53817.58798714358,3.929418925714293,4.730924229523098,0.8015053038088054,0.8015053038088054,6.331480939663951
random_5fold_cv,A2_physics_plus_arrhenius,1,R001,0,,unknown,Km (mM),0.16,0.8121026014864124,-0.7958800173440752,-0.09038909829029654,0.7054909190537787,0.7054909190537787,5.0756412592900775
random_5fold_cv,A2_physics_plus_arrhenius,1,R001,0,,unknown,Kcat (s⁻¹),0.033,0.2550847953909268,-1.4814860601221125,-0.593315427217783,0.8881706329043295,0.8881706329043295,7.7298422845735395
random_5fold_cv,A2_physics_plus_arrhenius,1,R001,0,,unknown,Vmax (nM s⁻¹),51.6,6100.999732663496,1.7126497016272113,3.785401005962266,2.0727513043350547,2.0727513043350547,118.23642892758713
random_5fold_cv,A2_physics_plus_arrhenius,1,R005,4,,peroxidase,Km (mM),0.124,0.52942636332272,-0.906578314837765,-0.2761944363620057,0.6303838784757593,0.6303838784757593,4.269567446150967
random_5fold_cv,A2_physics_plus_arrhenius,1,R005,4,,peroxidase,Kcat (s⁻¹),0.0005,0.023046487817597622,-3.3010299956639813,-1.6373952497822286,1.6636347458817526,1.6636347458817526,46.092975635195245
random_5fold_cv,A2_physics_plus_arrhenius,1,R005,4,,peroxidase,Vmax (nM s⁻¹),0.47,166.15014468514835,-0.3279021420642826,2.2205007238027177,2.548402865867,2.548402865867,353.5109461386135
random_5fold_cv,A2_physics_plus_arrhenius,1,R011,10,,catalase,Km (mM),0.064,0.2421148212211369,-1.193820026016113,-0.6159786241165692,0.5778414018995437,0.5778414018995437,3.7830440815802637
random_5fold_cv,A2_physics_plus_arrhenius,1,R011,10,,catalase,Kcat (s⁻¹),183.3,302.1894334337916,2.2631624649622166,2.4802792744251536,0.217116809462937,0.217116809462937,1.6486057470474171
random_5fold_cv,A2_physics_plus_arrhenius,1,R011,10,,catalase,Vmax (nM s⁻¹),8.165,96.53394703358907,0.9119561890726869,1.9846800637770015,1.0727238747043146,1.0727238747043146,11.822896146183599
random_5fold_cv,A2_physics_plus_arrhenius,1,R013,12,,peroxidase,Km (mM),0.0906,0.7797828155696291,-1.0428718023231869,-0.10802633978860504,0.9348454625345819,0.9348454625345819,8.606874344035642
random_5fold_cv,A2_physics_plus_arrhenius,1,R013,12,,peroxidase,Kcat (s⁻¹),500.0,1.4988760025985954,2.6989700043360187,0.17576570648762654,-2.5232042978483924,2.5232042978483924,0.002997752005197191
random_5fold_cv,A2_physics_plus_arrhenius,1,R013,12,,peroxidase,Vmax (nM s⁻¹),1700.0,136.31190170615636,3.230448921378274,2.134533776741867,-1.095915144636407,1.095915144636407,0.08018347159185668
random_5fold_cv,A2_physics_plus_arrhenius,1,R019,18,,catalase,Km (mM),44.69,5.8464651153883525,1.650210354660359,0.7668933626826324,-0.8833169919777266,0.8833169919777266,0.1308226698453424
random_5fold_cv,A2_physics_plus_arrhenius,1,R019,18,,catalase,Kcat (s⁻¹),15.25,367.6338775096479,1.1832698436828046,2.565415524851141,1.3821456811683364,1.3821456811683364,24.10713950882937
random_5fold_cv,A2_physics_plus_arrhenius,1,R019,18,,catalase,Vmax (nM s⁻¹),22.3,15888.574411726717,1.3483048630481607,4.2010849322674835,2.852780069219323,2.852780069219323,712.4921260863998
random_5fold_cv,A2_physics_plus_arrhenius,1,R023,22,,catalase,Km (mM),3.88,3.9034361012880203,0.5888317255942073,0.5914470744179727,0.002615348823765462,0.002615348823765462,1.006040232290727
random_5fold_cv,A2_physics_plus_arrhenius,1,R023,22,,catalase,Kcat (s⁻¹),2350.0,291.992350398381,3.3710678622717363,2.4653714739714023,-0.9056963883003339,0.9056963883003339,0.12425206399931106
random_5fold_cv,A2_physics_plus_arrhenius,1,R023,22,,catalase,Vmax (nM s⁻¹),565.0,168.38817261947096,2.7520484478194387,2.2263115839184526,-0.5257368639009861,0.5257368639009861,0.2980321639282672
random_5fold_cv,A2_physics_plus_arrhenius,1,R034,33,,unknown,Km (mM),2.33,1.4851221648549722,0.367355921026019,0.17176217980823896,-0.19559374121778003,0.19559374121778003,0.6373914870622198
random_5fold_cv,A2_physics_plus_arrhenius,1,R034,33,,unknown,Kcat (s⁻¹),0.00052,0.01225304880479597,-3.283996656365201,-1.9117558366580707,1.3722408197071303,1.3722408197071303,23.563555393838406
random_5fold_cv,A2_physics_plus_arrhenius,1,R034,33,,unknown,Vmax (nM s⁻¹),868000.0,32192.0261077886,5.938519725176492,4.50774831125353,-1.4307714139229617,1.4307714139229617,0.0370875876817841
random_5fold_cv,A2_physics_plus_arrhenius,1,R054,53,,peroxidase,Km (mM),0.022,0.039373538548543294,-1.6575773191777938,-1.4047955528742757,0.2527817663035181,0.2527817663035181,1.789706297661059
random_5fold_cv,A2_physics_plus_arrhenius,1,R054,53,,peroxidase,Kcat (s⁻¹),22500.0,17617.99127274911,4.352182518111363,4.245956390518068,-0.10622612759329453,0.10622612759329453,0.7830218343444049
random_5fold_cv,A2_physics_plus_arrhenius,1,R054,53,,peroxidase,Vmax (nM s⁻¹),174.0,163.91945908982086,2.2405492482826,2.2146305122873944,-0.025918735995205555,0.025918735995205555,0.9420658568380509
random_5fold_cv,A2_physics_plus_arrhenius,1,R057,56,,peroxidase,Km (mM),840.0,0.9919321227670698,2.9242792860618816,-0.0035180453017581415,-2.9277973313636396,2.9277973313636396,0.0011808715747227022
random_5fold_cv,A2_physics_plus_arrhenius,1,R057,56,,peroxidase,Kcat (s⁻¹),3.9,0.07015399749220891,0.5910646070264992,-1.153947577103986,-1.745012184130485,1.745012184130485,0.01798820448518177
random_5fold_cv,A2_physics_plus_arrhenius,1,R057,56,,peroxidase,Vmax (nM s⁻¹),183.0,50.09687842917208,2.2624510897304293,1.699810665523508,-0.5626404242069214,0.5626404242069214,0.27375343403919167
random_5fold_cv,A2_physics_plus_arrhenius,1,R062,61,,catalase,Km (mM),40.16,4.847884528305771,1.603793704136963,0.6855522668271942,-0.9182414373097688,0.9182414373097688,0.12071425618291264
random_5fold_cv,A2_physics_plus_arrhenius,1,R062,61,,catalase,Kcat (s⁻¹),5660000.0,2388.2485443392075,6.752816431188271,3.378079521711148,-3.374736909477123,3.374736909477123,0.0004219520396359024
random_5fold_cv,A2_physics_plus_arrhenius,1,R062,61,,catalase,Vmax (nM s⁻¹),106.6,84.633764701805,2.0277572046905536,1.9275436597082483,-0.10021354498230539,0.10021354498230539,0.7939377551764072
random_5fold_cv,A2_physics_plus_arrhenius,1,R063,62,,peroxidase,Km (mM),0.253,1.2628091271384243,-0.5968794788241821,0.10133771215867239,0.6982171909828545,0.6982171909828545,4.991340423472033
random_5fold_cv,A2_physics_plus_arrhenius,1,R063,62,,peroxidase,Kcat (s⁻¹),0.374,2.506437722229261,-0.42712839779951983,0.3990569181139666,0.8261853159134864,0.8261853159134864,6.70170513965043
random_5fold_cv,A2_physics_plus_arrhenius,1,R063,62,,peroxidase,Vmax (nM s⁻¹),400.0,124.62628207907534,2.6020599913279625,2.0956096390990804,-0.5064503522288821,0.5064503522288821,0.31156570519768834
random_5fold_cv,A2_physics_plus_arrhenius,1,R065,64,,catalase,Km (mM),0.38,3.459066045556653,-0.42021640338318983,0.5389588542800382,0.959175257663228,0.959175257663228,9.102805383043824
random_5fold_cv,A2_physics_plus_arrhenius,1,R065,64,,catalase,Kcat (s⁻¹),1380.0,0.4430645214942721,3.1398790864012365,-0.35353302481865184,-3.493412111219888,3.493412111219888,0.00032106124745961745
random_5fold_cv,A2_physics_plus_arrhenius,1,R065,64,,catalase,Vmax (nM s⁻¹),241.0,154.72104462297204,2.3820170425748683,2.1895493889549353,-0.192467653619933,0.192467653619933,0.641996035779967
random_5fold_cv,A2_physics_plus_arrhenius,1,R067,66,,catalase,Km (mM),3.7,6.267140919094478,0.568201724066995,0.7970694600896414,0.22886773602264643,0.22886773602264643,1.6938218700255345
random_5fold_cv,A2_physics_plus_arrhenius,1,R067,66,,catalase,Kcat (s⁻¹),3480.0,3345.312122484903,3.5415792439465807,3.52443664430086,-0.017142599645720846,0.017142599645720846,0.9612965869209491
random_5fold_cv,A2_physics_plus_arrhenius,1,R067,66,,catalase,Vmax (nM s⁻¹),87.1,214.76242079401018,1.9400181550076632,2.331958290670019,0.39194013566235575,0.39194013566235575,2.465699435063263
random_5fold_cv,A2_physics_plus_arrhenius,1,R068,67,,catalase,Km (mM),0.097,0.2421148212211369,-1.0132282657337552,-0.6159786241165692,0.397249641617186,0.397249641617186,2.4960290847539883
random_5fold_cv,A2_physics_plus_arrhenius,1,R068,67,,catalase,Kcat (s⁻¹),216.6,302.1894334337916,2.3356584522893016,2.4802792744251536,0.14462082213585203,0.14462082213585203,1.3951497388448364
random_5fold_cv,A2_physics_plus_arrhenius,1,R068,67,,catalase,Vmax (nM s⁻¹),9.16,96.53394703358907,0.9618954736678504,1.9846800637770015,1.022784590109151,1.022784590109151,10.538640505850335
random_5fold_cv,A2_physics_plus_arrhenius,1,R071,70,,peroxidase,Km (mM),1.27,1.7347586387451202,0.10380372095595687,0.23923905886587601,0.13543533790991913,0.13543533790991913,1.3659516840512758
random_5fold_cv,A2_physics_plus_arrhenius,1,R071,70,,peroxidase,Kcat (s⁻¹),5.8e-05,0.3025407394024897,-4.236572006437063,-0.5192161360316694,3.7173558704053935,3.7173558704053935,5216.219644870513
random_5fold_cv,A2_physics_plus_arrhenius,1,R071,70,,peroxidase,Vmax (nM s⁻¹),12.0,144.16228815483782,1.0791812460476249,2.158851666844848,1.0796704207972232,1.0796704207972232,12.013524012903153
random_5fold_cv,A2_physics_plus_arrhenius,1,R074,73,,catalase,Km (mM),0.15,0.2421148212211369,-0.8239087409443188,-0.6159786241165692,0.20793011682774953,0.20793011682774953,1.6140988081409127
random_5fold_cv,A2_physics_plus_arrhenius,1,R074,73,,catalase,Kcat (s⁻¹),316.6,302.1894334337916,2.5005109105263372,2.4802792744251536,-0.020231636101183614,0.020231636101183614,0.9544833652362336
random_5fold_cv,A2_physics_plus_arrhenius,1,R074,73,,catalase,Vmax (nM s⁻¹),13.6,96.53394703358907,1.1335389083702174,1.9846800637770015,0.851141155406784,0.851141155406784,7.098084340705079
random_5fold_cv,A2_physics_plus_arrhenius,1,R076,75,,catalase,Km (mM),0.14,0.2421148212211369,-0.8538719643217619,-0.6159786241165692,0.2378933402051927,0.2378933402051927,1.7293915801509776
random_5fold_cv,A2_physics_plus_arrhenius,1,R076,75,,catalase,Kcat (s⁻¹),1216.6,302.1894334337916,3.0851478121269045,2.4802792744251536,-0.6048685377017509,0.6048685377017509,0.24838848712295875
random_5fold_cv,A2_physics_plus_arrhenius,1,R076,75,,catalase,Vmax (nM s⁻¹),53.33,96.53394703358907,1.7269715836828767,1.9846800637770015,0.2577084800941247,0.2577084800941247,1.8101246396697745
random_5fold_cv,A2_physics_plus_arrhenius,1,R079,78,,catalase,Km (mM),396.0,6.425183097306681,2.597695185925512,0.8078855081927367,-1.7898096777327754,1.7898096777327754,0.016225209841683536
random_5fold_cv,A2_physics_plus_arrhenius,1,R079,78,,catalase,Kcat (s⁻¹),320000.0,65001.800326311175,5.505149978319906,4.812925385272931,-0.6922245930469755,0.6922245930469755,0.20313062601972243
random_5fold_cv,A2_physics_plus_arrhenius,1,R079,78,,catalase,Vmax (nM s⁻¹),8500.0,74563.64492379366,3.929418925714293,4.872527129651711,0.9431082039374186,0.9431082039374186,8.772193520446313
random_5fold_cv,A3_physics_plus_activity_and_arrhenius,1,R001,0,,unknown,Km (mM),0.16,1.6299352105056422,-0.7958800173440752,0.21217034165603696,1.0080503590001122,1.0080503590001122,10.187095065660264
random_5fold_cv,A3_physics_plus_activity_and_arrhenius,1,R001,0,,unknown,Kcat (s⁻¹),0.033,0.27415348834545766,-1.4814860601221125,-0.5620062237562621,0.9194798363658504,0.9194798363658504,8.307681465013868
random_5fold_cv,A3_physics_plus_activity_and_arrhenius,1,R001,0,,unknown,Vmax (nM s⁻¹),51.6,24346.88106692407,1.7126497016272113,4.386443334249573,2.6737936326223615,2.6737936326223615,471.83878036674554
random_5fold_cv,A3_physics_plus_activity_and_arrhenius,1,R005,4,,peroxidase,Km (mM),0.124,0.19790626745217477,-0.906578314837765,-0.7035404519947422,0.20303786284302272,0.20303786284302272,1.5960182859046352
random_5fold_cv,A3_physics_plus_activity_and_arrhenius,1,R005,4,,peroxidase,Kcat (s⁻¹),0.0005,0.07410850928587967,-3.3010299956639813,-1.1301319226046127,2.1708980730593685,2.1708980730593685,148.21701857175933
random_5fold_cv,A3_physics_plus_activity_and_arrhenius,1,R005,4,,peroxidase,Vmax (nM s⁻¹),0.47,39.60705012374788,-0.3279021420642826,1.5977724979790162,1.9256746400432987,1.9256746400432987,84.27031941222954
random_5fold_cv,A3_physics_plus_activity_and_arrhenius,1,R011,10,,catalase,Km (mM),0.064,0.26049241808310647,-1.193820026016113,-0.584204912796659,0.6096151132194539,0.6096151132194539,4.070194032548539
random_5fold_cv,A3_physics_plus_activity_and_arrhenius,1,R011,10,,catalase,Kcat (s⁻¹),183.3,254.86137732308865,2.2631624649622166,2.4063040257934576,0.14314156083124097,0.14314156083124097,1.3904057682656226
random_5fold_cv,A3_physics_plus_activity_and_arrhenius,1,R011,10,,catalase,Vmax (nM s⁻¹),8.165,61.251931494879194,0.9119561890726869,1.7871197881278669,0.8751635990551799,0.8751635990551799,7.501767482532664
random_5fold_cv,A3_physics_plus_activity_and_arrhenius,1,R013,12,,peroxidase,Km (mM),0.0906,0.37754213566139866,-1.0428718023231869,-0.42303457181214077,0.6198372305110461,0.6198372305110461,4.167131740192038
random_5fold_cv,A3_physics_plus_activity_and_arrhenius,1,R013,12,,peroxidase,Kcat (s⁻¹),500.0,0.3162623964229822,2.6989700043360187,-0.4999524425984697,-3.1989224469344886,3.1989224469344886,0.0006325247928459644
random_5fold_cv,A3_physics_plus_activity_and_arrhenius,1,R013,12,,peroxidase,Vmax (nM s⁻¹),1700.0,116.24399768418182,3.230448921378274,2.0653705371324147,-1.1650783842458594,1.1650783842458594,0.06837882216716577
random_5fold_cv,A3_physics_plus_activity_and_arrhenius,1,R019,18,,catalase,Km (mM),44.69,17.27600685659249,1.650210354660359,1.2374433677405738,-0.4127669869197852,0.4127669869197852,0.38657433109403644
random_5fold_cv,A3_physics_plus_activity_and_arrhenius,1,R019,18,,catalase,Kcat (s⁻¹),15.25,673.3137688974717,1.1832698436828046,2.8282174956428334,1.6449476519600288,1.6449476519600288,44.151722550653886
random_5fold_cv,A3_physics_plus_activity_and_arrhenius,1,R019,18,,catalase,Vmax (nM s⁻¹),22.3,22827.8801822032,1.3483048630481607,4.358465584380489,3.010160721332328,3.010160721332328,1023.6717570494708
random_5fold_cv,A3_physics_plus_activity_and_arrhenius,1,R023,22,,catalase,Km (mM),3.88,15.4101233390459,0.5888317255942073,1.1878061147244332,0.5989743891302259,0.5989743891302259,3.971681272949974
random_5fold_cv,A3_physics_plus_activity_and_arrhenius,1,R023,22,,catalase,Kcat (s⁻¹),2350.0,234.40227582440585,3.3710678622717363,2.369961823955196,-1.0011060383165402,1.0011060383165402,0.09974564928698121
random_5fold_cv,A3_physics_plus_activity_and_arrhenius,1,R023,22,,catalase,Vmax (nM s⁻¹),565.0,279.78587032063245,2.7520484478194387,2.4468257780731486,-0.3052226697462901,0.3052226697462901,0.49519623065598667
random_5fold_cv,A3_physics_plus_activity_and_arrhenius,1,R034,33,,unknown,Km (mM),2.33,2.437795791905707,0.367355921026019,0.3869973230366989,0.01964140201067993,0.01964140201067993,1.046264288371548
random_5fold_cv,A3_physics_plus_activity_and_arrhenius,1,R034,33,,unknown,Kcat (s⁻¹),0.00052,0.012462663721907026,-3.283996656365201,-1.9043891233199073,1.3796075330452937,1.3796075330452937,23.966661003667358
random_5fold_cv,A3_physics_plus_activity_and_arrhenius,1,R034,33,,unknown,Vmax (nM s⁻¹),868000.0,70327.97948133088,5.938519725176492,4.847128140337994,-1.0913915848384974,1.0913915848384974,0.08102301783563466
random_5fold_cv,A3_physics_plus_activity_and_arrhenius,1,R054,53,,peroxidase,Km (mM),0.022,0.04024188685147106,-1.6575773191777938,-1.395321664384269,0.26225565479352486,0.26225565479352486,1.8291766750668663
random_5fold_cv,A3_physics_plus_activity_and_arrhenius,1,R054,53,,peroxidase,Kcat (s⁻¹),22500.0,13886.260865596927,4.352182518111363,4.142585319600148,-0.20959719851121505,0.20959719851121505,0.6171671495820856
random_5fold_cv,A3_physics_plus_activity_and_arrhenius,1,R054,53,,peroxidase,Vmax (nM s⁻¹),174.0,158.24375661185803,2.2405492482826,2.1993265842659664,-0.04122266401663355,0.04122266401663355,0.9094468770796439
random_5fold_cv,A3_physics_plus_activity_and_arrhenius,1,R057,56,,peroxidase,Km (mM),840.0,0.3842125007156057,2.9242792860618816,-0.41542850906441425,-3.3397077951262957,3.3397077951262957,0.0004573958341852449
random_5fold_cv,A3_physics_plus_activity_and_arrhenius,1,R057,56,,peroxidase,Kcat (s⁻¹),3.9,0.060436972002250955,0.5910646070264992,-1.2186973026992605,-1.8097619097257596,1.8097619097257596,0.015496659487756656
random_5fold_cv,A3_physics_plus_activity_and_arrhenius,1,R057,56,,peroxidase,Vmax (nM s⁻¹),183.0,67.36773114468465,2.2624510897304293,1.8284519211401777,-0.43399916859025156,0.43399916859025156,0.36812967838625493
random_5fold_cv,A3_physics_plus_activity_and_arrhenius,1,R062,61,,catalase,Km (mM),40.16,22.104432867577895,1.603793704136963,1.3444793767111944,-0.25931432742576854,0.25931432742576854,0.5504091849496489
random_5fold_cv,A3_physics_plus_activity_and_arrhenius,1,R062,61,,catalase,Kcat (s⁻¹),5660000.0,2230.5181311867054,6.752816431188271,3.348405757836471,-3.4044106733518,3.4044106733518,0.00039408447547468296
random_5fold_cv,A3_physics_plus_activity_and_arrhenius,1,R062,61,,catalase,Vmax (nM s⁻¹),106.6,123.62434057744944,2.0277572046905536,2.0921039880484007,0.06434678335784705,0.06434678335784705,1.159703007293147
random_5fold_cv,A3_physics_plus_activity_and_arrhenius,1,R063,62,,peroxidase,Km (mM),0.253,0.537547380173862,-0.5968794788241821,-0.26958325040548664,0.3272962284186955,0.3272962284186955,2.1246932022682294
random_5fold_cv,A3_physics_plus_activity_and_arrhenius,1,R063,62,,peroxidase,Kcat (s⁻¹),0.374,4.332351529848163,-0.42712839779951983,0.6367236883224758,1.0638520861219956,1.0638520861219956,11.583827619914874
random_5fold_cv,A3_physics_plus_activity_and_arrhenius,1,R063,62,,peroxidase,Vmax (nM s⁻¹),400.0,148.93550350118144,2.6020599913279625,2.1729982379583848,-0.42906175336957775,0.42906175336957775,0.37233875875295364
random_5fold_cv,A3_physics_plus_activity_and_arrhenius,1,R065,64,,catalase,Km (mM),0.38,12.280337329601474,-0.42021640338318983,1.0892102966400323,1.5094267000232222,1.5094267000232222,32.31667718316177
random_5fold_cv,A3_physics_plus_activity_and_arrhenius,1,R065,64,,catalase,Kcat (s⁻¹),1380.0,1.07413275806958,3.1398790864012365,0.031057961562680522,-3.1088211248385558,3.1088211248385558,0.0007783570710649131
random_5fold_cv,A3_physics_plus_activity_and_arrhenius,1,R065,64,,catalase,Vmax (nM s⁻¹),241.0,341.4876058431957,2.3820170425748683,2.5333749457581414,0.15135790318327302,0.15135790318327302,1.4169610200962477
random_5fold_cv,A3_physics_plus_activity_and_arrhenius,1,R067,66,,catalase,Km (mM),3.7,20.422357574765435,0.568201724066995,1.3101058759786157,0.7419041519116207,0.7419041519116207,5.5195561012879555
random_5fold_cv,A3_physics_plus_activity_and_arrhenius,1,R067,66,,catalase,Kcat (s⁻¹),3480.0,1956.2829426359701,3.5415792439465807,3.2914316682117053,-0.25014757573487545,0.25014757573487545,0.5621502708724052
random_5fold_cv,A3_physics_plus_activity_and_arrhenius,1,R067,66,,catalase,Vmax (nM s⁻¹),87.1,389.53300139239377,1.9400181550076632,2.5905442571702637,0.6505261021626005,0.6505261021626005,4.472250303012558
random_5fold_cv,A3_physics_plus_activity_and_arrhenius,1,R068,67,,catalase,Km (mM),0.097,0.26049241808310647,-1.0132282657337552,-0.584204912796659,0.42902335293709626,0.42902335293709626,2.6854888462175923
random_5fold_cv,A3_physics_plus_activity_and_arrhenius,1,R068,67,,catalase,Kcat (s⁻¹),216.6,254.86137732308865,2.3356584522893016,2.4063040257934576,0.07064557350415601,0.07064557350415601,1.1766453246679993
random_5fold_cv,A3_physics_plus_activity_and_arrhenius,1,R068,67,,catalase,Vmax (nM s⁻¹),9.16,61.251931494879194,0.9618954736678504,1.7871197881278669,0.8252243144600164,0.8252243144600164,6.686892084593798
random_5fold_cv,A3_physics_plus_activity_and_arrhenius,1,R071,70,,peroxidase,Km (mM),1.27,0.5146930901603455,0.10380372095595687,-0.28845166218576695,-0.3922553831417238,0.3922553831417238,0.4052701497325555
random_5fold_cv,A3_physics_plus_activity_and_arrhenius,1,R071,70,,peroxidase,Kcat (s⁻¹),5.8e-05,1.6856502744101896,-4.236572006437063,0.22676747559798263,4.463339482035046,4.463339482035046,29062.935765692924
random_5fold_cv,A3_physics_plus_activity_and_arrhenius,1,R071,70,,peroxidase,Vmax (nM s⁻¹),12.0,151.32623404110467,1.0791812460476249,2.1799142242006937,1.1007329781530688,1.1007329781530688,12.610519503425389
random_5fold_cv,A3_physics_plus_activity_and_arrhenius,1,R074,73,,catalase,Km (mM),0.15,0.26049241808310647,-0.8239087409443188,-0.584204912796659,0.23970382814765978,0.23970382814765978,1.7366161205540431
random_5fold_cv,A3_physics_plus_activity_and_arrhenius,1,R074,73,,catalase,Kcat (s⁻¹),316.6,254.86137732308865,2.5005109105263372,2.4063040257934576,-0.09420688473287964,0.09420688473287964,0.8049948746781068
random_5fold_cv,A3_physics_plus_activity_and_arrhenius,1,R074,73,,catalase,Vmax (nM s⁻¹),13.6,61.251931494879194,1.1335389083702174,1.7871197881278669,0.6535808797576494,0.6535808797576494,4.503818492270529
random_5fold_cv,A3_physics_plus_activity_and_arrhenius,1,R076,75,,catalase,Km (mM),0.14,0.26049241808310647,-0.8538719643217619,-0.584204912796659,0.26966705152510295,0.26966705152510295,1.860660129165046
random_5fold_cv,A3_physics_plus_activity_and_arrhenius,1,R076,75,,catalase,Kcat (s⁻¹),1216.6,254.86137732308865,3.0851478121269045,2.4063040257934576,-0.6788437863334469,0.6788437863334469,0.20948658336601073
random_5fold_cv,A3_physics_plus_activity_and_arrhenius,1,R076,75,,catalase,Vmax (nM s⁻¹),53.33,61.251931494879194,1.7269715836828767,1.7871197881278669,0.06014820444499014,0.06014820444499014,1.1485454996227114
random_5fold_cv,A3_physics_plus_activity_and_arrhenius,1,R079,78,,catalase,Km (mM),396.0,16.875820614526024,2.597695185925512,1.2272649002998208,-1.3704302856256914,1.3704302856256914,0.042615708622540466
random_5fold_cv,A3_physics_plus_activity_and_arrhenius,1,R079,78,,catalase,Kcat (s⁻¹),320000.0,16753.599888251116,5.505149978319906,4.224108139350404,-1.281041838969502,1.281041838969502,0.05235499965078474
random_5fold_cv,A3_physics_plus_activity_and_arrhenius,1,R079,78,,catalase,Vmax (nM s⁻¹),8500.0,49125.095735738716,3.929418925714293,4.691303409744044,0.7618844840297507,0.7618844840297507,5.779423027733967
random_5fold_cv,M1_raw_independent,2,R006,5,,peroxidase,Km (mM),0.12,1.111751992340153,-0.9208187539523752,0.04600791640886004,0.9668266703612353,0.9668266703612353,9.264599936167944
random_5fold_cv,M1_raw_independent,2,R006,5,,peroxidase,Kcat (s⁻¹),0.0006,0.045307094052157146,-3.2218487496163566,-1.343833792104302,1.8780149575120546,1.8780149575120546,75.51182342026192
random_5fold_cv,M1_raw_independent,2,R006,5,,peroxidase,Vmax (nM s⁻¹),0.6,10593.412411924237,-0.2218487496163564,4.0250358801215675,4.246884629737924,4.246884629737924,17655.687353207064
random_5fold_cv,M1_raw_independent,2,R010,9,,peroxidase,Km (mM),0.098,8.249494294719586,-1.0087739243075051,0.9164273265203163,1.9252012508278216,1.9252012508278216,84.17851321142435
random_5fold_cv,M1_raw_independent,2,R010,9,,peroxidase,Kcat (s⁻¹),30200.0,331.0404199041718,4.480006942957151,2.5198810241975327,-1.9601259187596183,1.9601259187596183,0.01096160330808516
random_5fold_cv,M1_raw_independent,2,R010,9,,peroxidase,Vmax (nM s⁻¹),34.4,151.03278502038867,1.5365584425715302,2.179071230789571,0.6425127882180408,0.6425127882180408,4.390487936639206
random_5fold_cv,M1_raw_independent,2,R012,11,,catalase,Km (mM),281.0,1.3798732141888619,2.44870631990508,0.13983918429420017,-2.3088671356108796,2.3088671356108796,0.0049105808334123195
random_5fold_cv,M1_raw_independent,2,R012,11,,catalase,Kcat (s⁻¹),74600.0,18089.27368911765,4.872738827472669,4.257421129649155,-0.6153176978235138,0.6153176978235138,0.2424835615163224
random_5fold_cv,M1_raw_independent,2,R012,11,,catalase,Vmax (nM s⁻¹),527.0,267.86959791133233,2.7218106152125467,2.4279234257822018,-0.293887189430345,0.293887189430345,0.508291457137253
random_5fold_cv,M1_raw_independent,2,R017,16,,catalase,Km (mM),194.0,1.3798732141888619,2.287801729930226,0.13983918429420017,-2.147962545636026,2.147962545636026,0.007112748526746711
random_5fold_cv,M1_raw_independent,2,R017,16,,catalase,Kcat (s⁻¹),83700.0,18089.27368911765,4.92272545799326,4.257421129649155,-0.6653043283441047,0.6653043283441047,0.21612035470869356
random_5fold_cv,M1_raw_independent,2,R017,16,,catalase,Vmax (nM s⁻¹),646.0,267.86959791133233,2.8102325179950842,2.4279234257822018,-0.38230909221288245,0.38230909221288245,0.41465882029618006
random_5fold_cv,M1_raw_independent,2,R029,28,,peroxidase,Km (mM),5.55,3.243066748737733,0.7442929831226762,0.5109558874056733,-0.2333370957170029,0.2333370957170029,0.5843363511239159
random_5fold_cv,M1_raw_independent,2,R029,28,,peroxidase,Kcat (s⁻¹),1062.0,19.75411365426061,3.0261245167454502,1.2956575481303805,-1.7304669686150698,1.7304669686150698,0.018600860314746337
random_5fold_cv,M1_raw_independent,2,R029,28,,peroxidase,Vmax (nM s⁻¹),1062.0,964.8268283307086,3.0261245167454502,2.984449371116549,-0.04167514562890107,0.04167514562890107,0.908499838352833
random_5fold_cv,M1_raw_independent,2,R031,30,,peroxidase,Km (mM),0.0223,1.3798732141888619,-1.6516951369518393,0.13983918429420017,1.7915343212460395,1.7915343212460395,61.877722609366
random_5fold_cv,M1_raw_independent,2,R031,30,,peroxidase,Kcat (s⁻¹),23900.0,18089.27368911765,4.378397900948138,4.257421129649155,-0.12097677129898265,0.12097677129898265,0.7568733761137092
random_5fold_cv,M1_raw_independent,2,R031,30,,peroxidase,Vmax (nM s⁻¹),174.0,267.86959791133233,2.2405492482826,2.4279234257822018,0.18737417749960183,0.18737417749960183,1.5394804477662778
random_5fold_cv,M1_raw_independent,2,R032,31,,catalase,Km (mM),16.11,2.9185452796541456,1.207095540419218,0.46516643554283577,-0.7419291048763823,0.7419291048763823,0.18116358036338584
random_5fold_cv,M1_raw_independent,2,R032,31,,catalase,Kcat (s⁻¹),0.00046,0.28160756573878376,-3.337242168318426,-0.5503556815098014,2.7868864868086245,2.7868864868086245,612.1903603017038
random_5fold_cv,M1_raw_independent,2,R032,31,,catalase,Vmax (nM s⁻¹),91.0,162.09984082320483,1.9590413923210936,2.209782588385605,0.2507411960645112,0.2507411960645112,1.78131693212313
random_5fold_cv,M1_raw_independent,2,R035,34,,peroxidase,Km (mM),0.3,3.6938717334518287,-0.5228787452803376,0.5674818108602501,1.0903605561405878,1.0903605561405878,12.312905778172762
random_5fold_cv,M1_raw_independent,2,R035,34,,peroxidase,Kcat (s⁻¹),0.000183,1.3874130525367185,-3.7375489102695707,0.1422057759484397,3.8797546862180106,3.8797546862180106,7581.4920903645825
random_5fold_cv,M1_raw_independent,2,R035,34,,peroxidase,Vmax (nM s⁻¹),84.3,63.52519884718392,1.9258275746247424,1.8029460331572682,-0.12288154146747421,0.12288154146747421,0.7535610776652898
random_5fold_cv,M1_raw_independent,2,R036,35,,catalase,Km (mM),0.17,0.29643836889552944,-0.769551078621726,-0.5280655850342679,0.24148549358745808,0.24148549358745808,1.743755111150173
random_5fold_cv,M1_raw_independent,2,R036,35,,catalase,Kcat (s⁻¹),366.6,15.83295823204639,2.564192460626198,1.1995620660831774,-1.3646303945430205,1.3646303945430205,0.043188647659701006
random_5fold_cv,M1_raw_independent,2,R036,35,,catalase,Vmax (nM s⁻¹),15.99,60.37955159045624,1.2038484637462348,1.7808898834053033,0.5770414196590685,0.5770414196590685,3.776082025669558
random_5fold_cv,M1_raw_independent,2,R040,39,,unknown,Km (mM),3.43,1.111751992340153,0.5352941200427705,0.04600791640886004,-0.4892862036339105,0.4892862036339105,0.32412594528867433
random_5fold_cv,M1_raw_independent,2,R040,39,,unknown,Kcat (s⁻¹),0.00511,0.045307094052157146,-2.291579099865287,-1.343833792104302,0.9477453077609852,0.9477453077609852,8.866358914316468
random_5fold_cv,M1_raw_independent,2,R040,39,,unknown,Vmax (nM s⁻¹),362000.0,10593.412411924237,5.558708570533166,4.0250358801215675,-1.5336726904115983,1.5336726904115983,0.029263570198685737
random_5fold_cv,M1_raw_independent,2,R041,40,,peroxidase,Km (mM),3.759,2.797348650146739,0.5750723257138124,0.44674659844105263,-0.12832572727275976,0.12832572727275976,0.744173623343107
random_5fold_cv,M1_raw_independent,2,R041,40,,peroxidase,Kcat (s⁻¹),560.0,38685.377572838974,2.7481880270062002,4.587546839968344,1.839358812962144,1.839358812962144,69.08103138006959
random_5fold_cv,M1_raw_independent,2,R041,40,,peroxidase,Vmax (nM s⁻¹),14.11,105.36768110063912,1.1495270137543478,2.022707422337466,0.8731804085831181,0.8731804085831181,7.467589022015529
random_5fold_cv,M1_raw_independent,2,R043,42,,peroxidase,Km (mM),0.148,5.998807353964833,-0.8297382846050426,0.778064915204094,1.6078031998091367,1.6078031998091367,40.53248212138401
random_5fold_cv,M1_raw_independent,2,R043,42,,peroxidase,Kcat (s⁻¹),0.708,41.200652519921434,-0.149966742310231,1.6149040942748123,1.7648708365850432,1.7648708365850432,58.19301203378734
random_5fold_cv,M1_raw_independent,2,R043,42,,peroxidase,Vmax (nM s⁻¹),758.0,109.06949176970039,2.8796692056320534,2.0377032894614846,-0.8419659161705688,0.8419659161705688,0.14389115009195302
random_5fold_cv,M1_raw_independent,2,R045,44,,catalase,Km (mM),0.13,0.29643836889552944,-0.8860566476931632,-0.5280655850342679,0.35799106265889524,0.35799106265889524,2.2802951453502263
random_5fold_cv,M1_raw_independent,2,R045,44,,catalase,Kcat (s⁻¹),916.6,15.83295823204639,2.962179852908768,1.1995620660831774,-1.7626177868255906,1.7626177868255906,0.0172735743312747
random_5fold_cv,M1_raw_independent,2,R045,44,,catalase,Vmax (nM s⁻¹),39.9,60.37955159045624,1.6009728956867482,1.7808898834053033,0.17991698771855513,0.17991698771855513,1.51327196968562
random_5fold_cv,M1_raw_independent,2,R046,45,,peroxidase,Km (mM),0.217,4.005525453636366,-0.6635402661514705,0.6026594958624838,1.2661997620139545,1.2661997620139545,18.458642643485557
random_5fold_cv,M1_raw_independent,2,R046,45,,peroxidase,Kcat (s⁻¹),0.0005642,102.4147265845791,-3.2485669181806527,2.0103624099070907,5.258929328087744,5.258929328087744,181522.02514104766
random_5fold_cv,M1_raw_independent,2,R046,45,,peroxidase,Vmax (nM s⁻¹),82.0,49.127407693703155,1.9138138523837167,1.6913238483191737,-0.222490004064543,0.222490004064543,0.5991147279719897
random_5fold_cv,M1_raw_independent,2,R055,54,,catalase,Km (mM),20.0,3.243066748737733,1.3010299956639813,0.5109558874056733,-0.7900741082583079,0.7900741082583079,0.16215333743688665
random_5fold_cv,M1_raw_independent,2,R055,54,,catalase,Kcat (s⁻¹),1400000.0,19.75411365426061,6.146128035678238,1.2956575481303805,-4.850470487547858,4.850470487547858,1.4110081181614721e-05
random_5fold_cv,M1_raw_independent,2,R055,54,,catalase,Vmax (nM s⁻¹),11300000000.0,964.8268283307086,10.05307844348342,2.984449371116549,-7.068629072366871,7.068629072366871,8.538290516200961e-08
random_5fold_cv,M1_raw_independent,2,R066,65,,catalase,Km (mM),153.6,4.005525453636366,2.186391215695493,0.6026594958624838,-1.5837317198330092,1.5837317198330092,0.026077639672111762
random_5fold_cv,M1_raw_independent,2,R066,65,,catalase,Kcat (s⁻¹),0.000840192,102.4147265845791,-3.075621457971076,2.0103624099070907,5.085983867878166,5.085983867878166,121894.43196862038
random_5fold_cv,M1_raw_independent,2,R066,65,,catalase,Vmax (nM s⁻¹),122.0,49.127407693703155,2.0863598306747484,1.6913238483191737,-0.3950359823555747,0.3950359823555747,0.40268366962051766
random_5fold_cv,M1_raw_independent,2,R073,72,,peroxidase,Km (mM),0.198,2.2552642332371424,-0.7033348097384688,0.3531974323842893,1.056532242122758,1.056532242122758,11.390223400187587
random_5fold_cv,M1_raw_independent,2,R073,72,,peroxidase,Kcat (s⁻¹),387.0,0.8866036629017028,2.5877109650189114,-0.05227047879496177,-2.6399814438138733,2.6399814438138733,0.002290965537213702
random_5fold_cv,M1_raw_independent,2,R073,72,,peroxidase,Vmax (nM s⁻¹),67.8,166.91821196628098,1.8312296938670634,2.222503723886923,0.3912740300198596,0.3912740300198596,2.461920530476121
random_5fold_cv,M2_raw_chain,2,R006,5,,peroxidase,Km (mM),0.12,1.111751992340153,-0.9208187539523752,0.04600791640886004,0.9668266703612353,0.9668266703612353,9.264599936167944
random_5fold_cv,M2_raw_chain,2,R006,5,,peroxidase,Kcat (s⁻¹),0.0006,0.06530661418222988,-3.2218487496163566,-1.1850428316287873,2.0368059179875693,2.0368059179875693,108.84435697038315
random_5fold_cv,M2_raw_chain,2,R006,5,,peroxidase,Vmax (nM s⁻¹),0.6,2480.8999020619594,-0.2218487496163564,3.3946092419589804,3.616457991575337,3.616457991575337,4134.833170103266
random_5fold_cv,M2_raw_chain,2,R010,9,,peroxidase,Km (mM),0.098,8.249494294719586,-1.0087739243075051,0.9164273265203163,1.9252012508278216,1.9252012508278216,84.17851321142435
random_5fold_cv,M2_raw_chain,2,R010,9,,peroxidase,Kcat (s⁻¹),30200.0,151.95646702035975,4.480006942957151,2.181719187676845,-2.298287755280306,2.298287755280306,0.005031671093389396
random_5fold_cv,M2_raw_chain,2,R010,9,,peroxidase,Vmax (nM s⁻¹),34.4,145.2763185858498,1.5365584425715302,2.162194825958752,0.6256363833872218,0.6256363833872218,4.2231487961002845
random_5fold_cv,M2_raw_chain,2,R012,11,,catalase,Km (mM),281.0,1.3798732141888619,2.44870631990508,0.13983918429420017,-2.3088671356108796,2.3088671356108796,0.0049105808334123195
random_5fold_cv,M2_raw_chain,2,R012,11,,catalase,Kcat (s⁻¹),74600.0,5908.727066654155,4.872738827472669,3.771493929701513,-1.101244897771156,1.101244897771156,0.0792054566575624
random_5fold_cv,M2_raw_chain,2,R012,11,,catalase,Vmax (nM s⁻¹),527.0,221.8890334418356,2.7218106152125467,2.3461358383591393,-0.37567477685340744,0.37567477685340744,0.42104180918754386
random_5fold_cv,M2_raw_chain,2,R017,16,,catalase,Km (mM),194.0,1.3798732141888619,2.287801729930226,0.13983918429420017,-2.147962545636026,2.147962545636026,0.007112748526746711
random_5fold_cv,M2_raw_chain,2,R017,16,,catalase,Kcat (s⁻¹),83700.0,5908.727066654155,4.92272545799326,3.771493929701513,-1.151231528291747,1.151231528291747,0.07059411071271392
random_5fold_cv,M2_raw_chain,2,R017,16,,catalase,Vmax (nM s⁻¹),646.0,221.8890334418356,2.8102325179950842,2.3461358383591393,-0.4640966796359449,0.4640966796359449,0.3434814759161542
random_5fold_cv,M2_raw_chain,2,R029,28,,peroxidase,Km (mM),5.55,3.243066748737733,0.7442929831226762,0.5109558874056733,-0.2333370957170029,0.2333370957170029,0.5843363511239159
random_5fold_cv,M2_raw_chain,2,R029,28,,peroxidase,Kcat (s⁻¹),1062.0,15.553045650727846,3.0261245167454502,1.1918154467254105,-1.8343090700200397,1.8343090700200397,0.014645052401815297
random_5fold_cv,M2_raw_chain,2,R029,28,,peroxidase,Vmax (nM s⁻¹),1062.0,468.4233137544573,3.0261245167454502,2.670638502076978,-0.3554860146684722,0.3554860146684722,0.44107656662378275
random_5fold_cv,M2_raw_chain,2,R031,30,,peroxidase,Km (mM),0.0223,1.3798732141888619,-1.6516951369518393,0.13983918429420017,1.7915343212460395,1.7915343212460395,61.877722609366
random_5fold_cv,M2_raw_chain,2,R031,30,,peroxidase,Kcat (s⁻¹),23900.0,5908.727066654155,4.378397900948138,3.771493929701513,-0.6069039712466249,0.6069039712466249,0.2472270739185839
random_5fold_cv,M2_raw_chain,2,R031,30,,peroxidase,Vmax (nM s⁻¹),174.0,221.8890334418356,2.2405492482826,2.3461358383591393,0.10558659007653937,0.10558659007653937,1.275224330125492
random_5fold_cv,M2_raw_chain,2,R032,31,,catalase,Km (mM),16.11,2.9185452796541456,1.207095540419218,0.46516643554283577,-0.7419291048763823,0.7419291048763823,0.18116358036338584
random_5fold_cv,M2_raw_chain,2,R032,31,,catalase,Kcat (s⁻¹),0.00046,0.8181258310231555,-3.337242168318426,-0.08717989496403838,3.250062273354388,3.250062273354388,1778.5344152677294
random_5fold_cv,M2_raw_chain,2,R032,31,,catalase,Vmax (nM s⁻¹),91.0,232.58432941334001,1.9590413923210936,2.3665804503813463,0.4075390580602527,0.4075390580602527,2.555871751794945
random_5fold_cv,M2_raw_chain,2,R035,34,,peroxidase,Km (mM),0.3,3.6938717334518287,-0.5228787452803376,0.5674818108602501,1.0903605561405878,1.0903605561405878,12.312905778172762
random_5fold_cv,M2_raw_chain,2,R035,34,,peroxidase,Kcat (s⁻¹),0.000183,3.6166469712807583,-3.7375489102695707,0.5583061184084686,4.295855028678039,4.295855028678039,19763.09820371999
random_5fold_cv,M2_raw_chain,2,R035,34,,peroxidase,Vmax (nM s⁻¹),84.3,225.39975988812597,1.9258275746247424,2.3529534490689277,0.42712587444418526,0.42712587444418526,2.6737812560869036
random_5fold_cv,M2_raw_chain,2,R036,35,,catalase,Km (mM),0.17,0.29643836889552955,-0.769551078621726,-0.5280655850342678,0.2414854935874582,0.2414854935874582,1.7437551111501737
random_5fold_cv,M2_raw_chain,2,R036,35,,catalase,Kcat (s⁻¹),366.6,5.832060316419359,2.564192460626198,0.7658220068998767,-1.7983704537263212,1.7983704537263212,0.01590851150141669
random_5fold_cv,M2_raw_chain,2,R036,35,,catalase,Vmax (nM s⁻¹),15.99,125.77520862098878,1.2038484637462348,2.0995950463545268,0.895746582608292,0.895746582608292,7.865866705502738
random_5fold_cv,M2_raw_chain,2,R040,39,,unknown,Km (mM),3.43,1.111751992340153,0.5352941200427705,0.04600791640886004,-0.4892862036339105,0.4892862036339105,0.32412594528867433
random_5fold_cv,M2_raw_chain,2,R040,39,,unknown,Kcat (s⁻¹),0.00511,0.06530661418222988,-2.291579099865287,-1.1850428316287873,1.1065362682364999,1.1065362682364999,12.780159331160446
random_5fold_cv,M2_raw_chain,2,R040,39,,unknown,Vmax (nM s⁻¹),362000.0,2480.8999020619594,5.558708570533166,3.3946092419589804,-2.1640993285741854,2.1640993285741854,0.006853314646579999
random_5fold_cv,M2_raw_chain,2,R041,40,,peroxidase,Km (mM),3.759,2.7973486501467395,0.5750723257138124,0.44674659844105274,-0.12832572727275965,0.12832572727275965,0.7441736233431071
random_5fold_cv,M2_raw_chain,2,R041,40,,peroxidase,Kcat (s⁻¹),560.0,4145.393557291526,2.7481880270062002,3.6175657680940936,0.8693777410878933,0.8693777410878933,7.402488495163439
random_5fold_cv,M2_raw_chain,2,R041,40,,peroxidase,Vmax (nM s⁻¹),14.11,171.65405783076764,1.1495270137543478,2.234654074424634,1.085127060670286,1.085127060670286,12.165418698140869
random_5fold_cv,M2_raw_chain,2,R043,42,,peroxidase,Km (mM),0.148,5.998807353964831,-0.8297382846050426,0.7780649152040939,1.6078031998091364,1.6078031998091364,40.53248212138399
random_5fold_cv,M2_raw_chain,2,R043,42,,peroxidase,Kcat (s⁻¹),0.708,25.803521676252775,-0.149966742310231,1.4116789827147511,1.5616457250249822,1.5616457250249822,36.44565208510279
random_5fold_cv,M2_raw_chain,2,R043,42,,peroxidase,Vmax (nM s⁻¹),758.0,129.94595280870095,2.8796692056320534,2.113762757863814,-0.7659064477682396,0.7659064477682396,0.1714326554204498
random_5fold_cv,M2_raw_chain,2,R045,44,,catalase,Km (mM),0.13,0.29643836889552955,-0.8860566476931632,-0.5280655850342678,0.35799106265889535,0.35799106265889535,2.280295145350227
random_5fold_cv,M2_raw_chain,2,R045,44,,catalase,Kcat (s⁻¹),916.6,5.832060316419359,2.962179852908768,0.7658220068998767,-2.1963578460088913,2.1963578460088913,0.0063627103604837
random_5fold_cv,M2_raw_chain,2,R045,44,,catalase,Vmax (nM s⁻¹),39.9,125.77520862098878,1.6009728956867482,2.0995950463545268,0.4986221506677786,0.4986221506677786,3.1522608676939545
random_5fold_cv,M2_raw_chain,2,R046,45,,peroxidase,Km (mM),0.217,4.005525453636367,-0.6635402661514705,0.6026594958624839,1.2661997620139545,1.2661997620139545,18.458642643485565
random_5fold_cv,M2_raw_chain,2,R046,45,,peroxidase,Kcat (s⁻¹),0.0005642,38.25182448705383,-3.2485669181806527,1.5826521544115417,4.831219072592194,4.831219072592194,67798.34187708938
random_5fold_cv,M2_raw_chain,2,R046,45,,peroxidase,Vmax (nM s⁻¹),82.0,91.58657214720954,1.9138138523837167,1.961831804783032,0.04801795239931539,0.04801795239931539,1.1169094164293847
random_5fold_cv,M2_raw_chain,2,R055,54,,catalase,Km (mM),20.0,3.243066748737733,1.3010299956639813,0.5109558874056733,-0.7900741082583079,0.7900741082583079,0.16215333743688665
random_5fold_cv,M2_raw_chain,2,R055,54,,catalase,Kcat (s⁻¹),1400000.0,15.553045650727846,6.146128035678238,1.1918154467254105,-4.954312588952828,4.954312588952828,1.1109318321948461e-05
random_5fold_cv,M2_raw_chain,2,R055,54,,catalase,Vmax (nM s⁻¹),11300000000.0,468.4233137544573,10.05307844348342,2.670638502076978,-7.382439941406442,7.382439941406442,4.145339059773958e-08
random_5fold_cv,M2_raw_chain,2,R066,65,,catalase,Km (mM),153.6,4.005525453636367,2.186391215695493,0.6026594958624839,-1.583731719833009,1.583731719833009,0.026077639672111765
random_5fold_cv,M2_raw_chain,2,R066,65,,catalase,Kcat (s⁻¹),0.000840192,38.25182448705383,-3.075621457971076,1.5826521544115417,4.658273612382618,4.658273612382618,45527.48001296588
random_5fold_cv,M2_raw_chain,2,R066,65,,catalase,Vmax (nM s⁻¹),122.0,91.58657214720954,2.0863598306747484,1.961831804783032,-0.1245280258917163,0.1245280258917163,0.7507096077640126
random_5fold_cv,M2_raw_chain,2,R073,72,,peroxidase,Km (mM),0.198,2.2552642332371424,-0.7033348097384688,0.3531974323842893,1.056532242122758,1.056532242122758,11.390223400187587
random_5fold_cv,M2_raw_chain,2,R073,72,,peroxidase,Kcat (s⁻¹),387.0,1.2647566221314037,2.5877109650189114,0.10200696200635943,-2.485704003012552,2.485704003012552,0.0032681049667478133
random_5fold_cv,M2_raw_chain,2,R073,72,,peroxidase,Vmax (nM s⁻¹),67.8,254.98502773430025,1.8312296938670634,2.4065146801858175,0.5752849863187541,0.5752849863187541,3.7608411170250777
random_5fold_cv,M3_physics_independent,2,R006,5,,peroxidase,Km (mM),0.12,0.7080670711693237,-0.9208187539523752,-0.1499256021137715,0.7708931518386037,0.7708931518386037,5.900558926411031
random_5fold_cv,M3_physics_independent,2,R006,5,,peroxidase,Kcat (s⁻¹),0.0006,0.13896129826080217,-3.2218487496163566,-0.8571061370993239,2.3647426125170328,2.3647426125170328,231.60216376800363
random_5fold_cv,M3_physics_independent,2,R006,5,,peroxidase,Vmax (nM s⁻¹),0.6,328.31727577257993,-0.2218487496163564,2.5162937355325807,2.7381424851489373,2.7381424851489373,547.1954596209666
random_5fold_cv,M3_physics_independent,2,R010,9,,peroxidase,Km (mM),0.098,5.064509521753631,-1.0087739243075051,0.7045373919845017,1.7133113162920068,1.7133113162920068,51.67866858932276
random_5fold_cv,M3_physics_independent,2,R010,9,,peroxidase,Kcat (s⁻¹),30200.0,938.1390627193191,4.480006942957151,2.97226721971726,-1.507739723239891,1.507739723239891,0.03106420737481189
random_5fold_cv,M3_physics_independent,2,R010,9,,peroxidase,Vmax (nM s⁻¹),34.4,144.4577423194189,1.5365584425715302,2.1597408231375903,0.6231823805660601,0.6231823805660601,4.199352974401712
random_5fold_cv,M3_physics_independent,2,R012,11,,catalase,Km (mM),281.0,216.40817336697137,2.44870631990508,2.3352736593048706,-0.11343266060020918,0.11343266060020918,0.7701358482810369
random_5fold_cv,M3_physics_independent,2,R012,11,,catalase,Kcat (s⁻¹),74600.0,77840.63062066212,4.872738827472669,4.891206345682242,0.018467518209573264,0.018467518209573264,1.043440088748822
random_5fold_cv,M3_physics_independent,2,R012,11,,catalase,Vmax (nM s⁻¹),527.0,593.8064293047412,2.7218106152125467,2.7736448955107087,0.05183428029816195,0.05183428029816195,1.126767418035562
random_5fold_cv,M3_physics_independent,2,R017,16,,catalase,Km (mM),194.0,216.40817336697137,2.287801729930226,2.3352736593048706,0.04747192937464462,0.04747192937464462,1.1155060482833576
random_5fold_cv,M3_physics_independent,2,R017,16,,catalase,Kcat (s⁻¹),83700.0,77840.63062066212,4.92272545799326,4.891206345682242,-0.03151911231101767,0.03151911231101767,0.9299955868657362
random_5fold_cv,M3_physics_independent,2,R017,16,,catalase,Vmax (nM s⁻¹),646.0,593.8064293047412,2.8102325179950842,2.7736448955107087,-0.036587622484375526,0.036587622484375526,0.919204998923748
random_5fold_cv,M3_physics_independent,2,R029,28,,peroxidase,Km (mM),5.55,1.6789298661422554,0.7442929831226762,0.2250325547541416,-0.5192604283685346,0.5192604283685346,0.30250988579139737
random_5fold_cv,M3_physics_independent,2,R029,28,,peroxidase,Kcat (s⁻¹),1062.0,4.874625881025343,3.0261245167454502,0.6879412899748526,-2.3381832267705978,2.3381832267705978,0.004590043202472075
random_5fold_cv,M3_physics_independent,2,R029,28,,peroxidase,Vmax (nM s⁻¹),1062.0,1569.119280641061,3.0261245167454502,3.195655958854747,0.16953144210929683,0.16953144210929683,1.4775134469313194
random_5fold_cv,M3_physics_independent,2,R031,30,,peroxidase,Km (mM),0.0223,0.023858468350769955,-1.6516951369518393,-1.622357440303563,0.029337696648276346,0.029337696648276346,1.0698864731286974
random_5fold_cv,M3_physics_independent,2,R031,30,,peroxidase,Kcat (s⁻¹),23900.0,21082.230003025783,4.378397900948138,4.323916547090122,-0.05448135385801578,0.05448135385801578,0.8821016737667692
random_5fold_cv,M3_physics_independent,2,R031,30,,peroxidase,Vmax (nM s⁻¹),174.0,151.20062448646465,2.2405492482826,2.179553584885198,-0.06099566339740203,0.06099566339740203,0.8689691062440497
random_5fold_cv,M3_physics_independent,2,R032,31,,catalase,Km (mM),16.11,4.463731137493696,1.207095540419218,0.6496980279950784,-0.5573975124241397,0.5573975124241397,0.2770782828984293
random_5fold_cv,M3_physics_independent,2,R032,31,,catalase,Kcat (s⁻¹),0.00046,0.2704066724685221,-3.337242168318426,-0.5679825960865158,2.76925957223191,2.76925957223191,587.8405923228742
random_5fold_cv,M3_physics_independent,2,R032,31,,catalase,Vmax (nM s⁻¹),91.0,104.1629232408064,1.9590413923210936,2.0177131594877205,0.05867176716662681,0.05867176716662681,1.1446475081407297
random_5fold_cv,M3_physics_independent,2,R035,34,,peroxidase,Km (mM),0.3,5.2632733429480645,-0.5228787452803376,0.721255925261697,1.2441346705420346,1.2441346705420346,17.54424447649355
random_5fold_cv,M3_physics_independent,2,R035,34,,peroxidase,Kcat (s⁻¹),0.000183,1.3022277492118586,-3.7375489102695707,0.11468694550418561,3.852235855773756,3.852235855773756,7115.998629572998
random_5fold_cv,M3_physics_independent,2,R035,34,,peroxidase,Vmax (nM s⁻¹),84.3,38.082766062771725,1.9258275746247424,1.5807284849375116,-0.3450990896872308,0.3450990896872308,0.45175285958210826
random_5fold_cv,M3_physics_independent,2,R036,35,,catalase,Km (mM),0.17,0.164260379003767,-0.769551078621726,-0.7844671794445702,-0.014916100822844225,0.014916100822844225,0.9662375235515706
random_5fold_cv,M3_physics_independent,2,R036,35,,catalase,Kcat (s⁻¹),366.6,75.4407316229206,2.564192460626198,1.8776058915301272,-0.6865865690960706,0.6865865690960706,0.20578486531074902
random_5fold_cv,M3_physics_independent,2,R036,35,,catalase,Vmax (nM s⁻¹),15.99,22.033425637290392,1.2038484637462348,1.3430820241463972,0.13923356040016244,0.13923356040016244,1.3779503212814503
random_5fold_cv,M3_physics_independent,2,R040,39,,unknown,Km (mM),3.43,1.5506088783453018,0.5352941200427705,0.1905022662872577,-0.34479185375551286,0.34479185375551286,0.45207255928434453
random_5fold_cv,M3_physics_independent,2,R040,39,,unknown,Kcat (s⁻¹),0.00511,0.004198740046203045,-2.291579099865287,-2.376881012714844,-0.08530191284955668,0.08530191284955668,0.8216712419184041
random_5fold_cv,M3_physics_independent,2,R040,39,,unknown,Vmax (nM s⁻¹),362000.0,70984.99932865614,5.558708570533166,4.851166582562868,-0.7075419879702975,0.7075419879702975,0.1960911583664534
random_5fold_cv,M3_physics_independent,2,R041,40,,peroxidase,Km (mM),3.759,0.8081750995542245,0.5750723257138124,-0.0924945346070443,-0.6675668603208567,0.6675668603208567,0.21499736620224116
random_5fold_cv,M3_physics_independent,2,R041,40,,peroxidase,Kcat (s⁻¹),560.0,82228.46702277364,2.7481880270062002,4.915022193825303,2.1668341668191027,2.1668341668191027,146.83654825495293
random_5fold_cv,M3_physics_independent,2,R041,40,,peroxidase,Vmax (nM s⁻¹),14.11,100.53504095790763,1.1495270137543478,2.002317459191915,0.852790445437567,0.852790445437567,7.12509149241018
random_5fold_cv,M3_physics_independent,2,R043,42,,peroxidase,Km (mM),0.148,4.084129263504822,-0.8297382846050426,0.6110994791392728,1.4408377637443155,1.4408377637443155,27.595467996654207
random_5fold_cv,M3_physics_independent,2,R043,42,,peroxidase,Kcat (s⁻¹),0.708,3.5410342574631115,-0.149966742310231,0.5491301283269407,0.6990968706371717,0.6990968706371717,5.001460815625864
random_5fold_cv,M3_physics_independent,2,R043,42,,peroxidase,Vmax (nM s⁻¹),758.0,128.17721153834987,2.8796692056320534,2.107810819388162,-0.7718583862438915,0.7718583862438915,0.16909922366536922
random_5fold_cv,M3_physics_independent,2,R045,44,,catalase,Km (mM),0.13,0.164260379003767,-0.8860566476931632,-0.7844671794445702,0.10158946824859294,0.10158946824859294,1.2635413769520538
random_5fold_cv,M3_physics_independent,2,R045,44,,catalase,Kcat (s⁻¹),916.6,75.4407316229206,2.962179852908768,1.8776058915301272,-1.0845739613786407,1.0845739613786407,0.08230496576796922
random_5fold_cv,M3_physics_independent,2,R045,44,,catalase,Vmax (nM s⁻¹),39.9,22.033425637290392,1.6009728956867482,1.3430820241463972,-0.25789087154035095,0.25789087154035095,0.5522161813857241
random_5fold_cv,M3_physics_independent,2,R046,45,,peroxidase,Km (mM),0.217,2.3656032885403757,-0.6635402661514705,0.37394191525239756,1.0374821814038682,1.0374821814038682,10.901397643043206
random_5fold_cv,M3_physics_independent,2,R046,45,,peroxidase,Kcat (s⁻¹),0.0005642,23.518821543958314,-3.2485669181806527,1.3714155567842818,4.619982474964934,4.619982474964934,41685.256192765526
random_5fold_cv,M3_physics_independent,2,R046,45,,peroxidase,Vmax (nM s⁻¹),82.0,46.482252616581754,1.9138138523837167,1.6672871666121758,-0.2465266857715409,0.2465266857715409,0.5668567392266067
random_5fold_cv,M3_physics_independent,2,R055,54,,catalase,Km (mM),20.0,7.204919688740787,1.3010299956639813,0.8576291442157816,-0.44340085144819963,0.44340085144819963,0.36024598443703937
random_5fold_cv,M3_physics_independent,2,R055,54,,catalase,Kcat (s⁻¹),1400000.0,24.359226424718663,6.146128035678238,1.3866634923019505,-4.759464543376287,4.759464543376287,1.7399447446227616e-05
random_5fold_cv,M3_physics_independent,2,R055,54,,catalase,Vmax (nM s⁻¹),11300000000.0,3340.590758056792,10.05307844348342,3.523823275277811,-6.529255168205609,6.529255168205609,2.9562750071299045e-07
random_5fold_cv,M3_physics_independent,2,R066,65,,catalase,Km (mM),153.6,5.169258465964107,2.186391215695493,0.7134282476901582,-1.4729629680053349,1.4729629680053349,0.03365402647112049
random_5fold_cv,M3_physics_independent,2,R066,65,,catalase,Kcat (s⁻¹),0.000840192,190.73756423073328,-3.075621457971076,2.2804362322781473,5.356057690249223,5.356057690249223,227016.63932855023
random_5fold_cv,M3_physics_independent,2,R066,65,,catalase,Vmax (nM s⁻¹),122.0,51.67607662506899,2.0863598306747484,1.713289533532626,-0.3730702971421225,0.3730702971421225,0.4235743985661392
random_5fold_cv,M3_physics_independent,2,R073,72,,peroxidase,Km (mM),0.198,1.633232784703491,-0.7033348097384688,0.21304808915012105,0.9163828988885899,0.9163828988885899,8.24865042779541
random_5fold_cv,M3_physics_independent,2,R073,72,,peroxidase,Kcat (s⁻¹),387.0,0.17424944575148663,2.5877109650189114,-0.7588285946213663,-3.3465395596402776,3.3465395596402776,0.0004502569657661153
random_5fold_cv,M3_physics_independent,2,R073,72,,peroxidase,Vmax (nM s⁻¹),67.8,86.10649809410253,1.8312296938670634,1.935035927062522,0.10380623319545856,0.10380623319545856,1.2700073465206865
random_5fold_cv,M4_full_physics_chain,2,R006,5,,peroxidase,Km (mM),0.12,0.7080670711693237,-0.9208187539523752,-0.1499256021137715,0.7708931518386037,0.7708931518386037,5.900558926411031
random_5fold_cv,M4_full_physics_chain,2,R006,5,,peroxidase,Kcat (s⁻¹),0.0006,0.19629205658433618,-3.2218487496163566,-0.7070972747830353,2.5147514748333215,2.5147514748333215,327.1534276405603
random_5fold_cv,M4_full_physics_chain,2,R006,5,,peroxidase,Vmax (nM s⁻¹),0.6,295.3304000715096,-0.2218487496163564,2.4703081537167666,2.692156903333123,2.692156903333123,492.217333452516
random_5fold_cv,M4_full_physics_chain,2,R010,9,,peroxidase,Km (mM),0.098,5.0645095217536324,-1.0087739243075051,0.7045373919845018,1.7133113162920068,1.7133113162920068,51.678668589322776
random_5fold_cv,M4_full_physics_chain,2,R010,9,,peroxidase,Kcat (s⁻¹),30200.0,505.74670245507383,4.480006942957151,2.703933059786423,-1.776073883170728,1.776073883170728,0.016746579551492512
random_5fold_cv,M4_full_physics_chain,2,R010,9,,peroxidase,Vmax (nM s⁻¹),34.4,146.39070996620592,1.5365584425715302,2.1655135170336433,0.6289550744621131,0.6289550744621131,4.255543894366451
random_5fold_cv,M4_full_physics_chain,2,R012,11,,catalase,Km (mM),281.0,216.40817336697137,2.44870631990508,2.3352736593048706,-0.11343266060020918,0.11343266060020918,0.7701358482810369
random_5fold_cv,M4_full_physics_chain,2,R012,11,,catalase,Kcat (s⁻¹),74600.0,80634.78489528062,4.872738827472669,4.906522431744776,0.03378360427210669,0.03378360427210669,1.0808952398831182
random_5fold_cv,M4_full_physics_chain,2,R012,11,,catalase,Vmax (nM s⁻¹),527.0,550.5545366066383,2.7218106152125467,2.7408003456042267,0.01898973039167995,0.01898973039167995,1.0446955153826154
random_5fold_cv,M4_full_physics_chain,2,R017,16,,catalase,Km (mM),194.0,216.40817336697137,2.287801729930226,2.3352736593048706,0.04747192937464462,0.04747192937464462,1.1155060482833576
random_5fold_cv,M4_full_physics_chain,2,R017,16,,catalase,Kcat (s⁻¹),83700.0,80634.78489528062,4.92272545799326,4.906522431744776,-0.016203026248484242,0.016203026248484242,0.9633785531096849
random_5fold_cv,M4_full_physics_chain,2,R017,16,,catalase,Vmax (nM s⁻¹),646.0,550.5545366066383,2.8102325179950842,2.7408003456042267,-0.06943217239085753,0.06943217239085753,0.8522516046542389
random_5fold_cv,M4_full_physics_chain,2,R029,28,,peroxidase,Km (mM),5.55,1.6789298661422554,0.7442929831226762,0.2250325547541416,-0.5192604283685346,0.5192604283685346,0.30250988579139737
random_5fold_cv,M4_full_physics_chain,2,R029,28,,peroxidase,Kcat (s⁻¹),1062.0,7.804777979996718,3.0261245167454502,0.8923605533390221,-2.133763963406428,2.133763963406428,0.007349131807906514
random_5fold_cv,M4_full_physics_chain,2,R029,28,,peroxidase,Vmax (nM s⁻¹),1062.0,738.5637561341653,3.0261245167454502,2.8683879915127,-0.15773652523275006,0.15773652523275006,0.6954460980547695
random_5fold_cv,M4_full_physics_chain,2,R031,30,,peroxidase,Km (mM),0.0223,0.02385846835076994,-1.6516951369518393,-1.6223574403035632,0.029337696648276124,0.029337696648276124,1.069886473128697
random_5fold_cv,M4_full_physics_chain,2,R031,30,,peroxidase,Kcat (s⁻¹),23900.0,20549.29917046518,4.378397900948138,4.312797014942509,-0.06560088600562874,0.06560088600562874,0.8598033125717648
random_5fold_cv,M4_full_physics_chain,2,R031,30,,peroxidase,Vmax (nM s⁻¹),174.0,165.1363408877465,2.2405492482826,2.217842657213591,-0.02270659106900874,0.02270659106900874,0.9490594303893478
random_5fold_cv,M4_full_physics_chain,2,R032,31,,catalase,Km (mM),16.11,4.463731137493695,1.207095540419218,0.6496980279950783,-0.5573975124241398,0.5573975124241398,0.27707828289842923
random_5fold_cv,M4_full_physics_chain,2,R032,31,,catalase,Kcat (s⁻¹),0.00046,0.28972736149658407,-3.337242168318426,-0.5380104886213678,2.7992316796970584,2.7992316796970584,629.8420902099654
random_5fold_cv,M4_full_physics_chain,2,R032,31,,catalase,Vmax (nM s⁻¹),91.0,138.80807780529216,1.9590413923210936,2.1424147402123928,0.1833733478912991,0.1833733478912991,1.525363492365848
random_5fold_cv,M4_full_physics_chain,2,R035,34,,peroxidase,Km (mM),0.3,5.2632733429480645,-0.5228787452803376,0.721255925261697,1.2441346705420346,1.2441346705420346,17.54424447649355
random_5fold_cv,M4_full_physics_chain,2,R035,34,,peroxidase,Kcat (s⁻¹),0.000183,2.0183955235659345,-3.7375489102695707,0.30500627432443644,4.042555184594007,4.042555184594007,11029.483735332975
random_5fold_cv,M4_full_physics_chain,2,R035,34,,peroxidase,Vmax (nM s⁻¹),84.3,58.46508362904808,1.9258275746247424,1.7668965752372128,-0.15893099938752964,0.15893099938752964,0.6935359861097045
random_5fold_cv,M4_full_physics_chain,2,R036,35,,catalase,Km (mM),0.17,0.164260379003767,-0.769551078621726,-0.7844671794445702,-0.014916100822844225,0.014916100822844225,0.9662375235515706
random_5fold_cv,M4_full_physics_chain,2,R036,35,,catalase,Kcat (s⁻¹),366.6,54.328209066066265,2.564192460626198,1.7350253887159455,-0.8291670719102524,0.8291670719102524,0.14819478741425604
random_5fold_cv,M4_full_physics_chain,2,R036,35,,catalase,Vmax (nM s⁻¹),15.99,25.184478306697287,1.2038484637462348,1.4011329589313013,0.19728449518506652,0.19728449518506652,1.5750142780923881
random_5fold_cv,M4_full_physics_chain,2,R040,39,,unknown,Km (mM),3.43,1.5506088783453018,0.5352941200427705,0.1905022662872577,-0.34479185375551286,0.34479185375551286,0.45207255928434453
random_5fold_cv,M4_full_physics_chain,2,R040,39,,unknown,Kcat (s⁻¹),0.00511,0.005790005044845497,-2.291579099865287,-2.237321057870559,0.05425804199472806,0.05425804199472806,1.1330733942946178
random_5fold_cv,M4_full_physics_chain,2,R040,39,,unknown,Vmax (nM s⁻¹),362000.0,46623.451193878376,5.558708570533166,4.668604418025873,-0.890104152507293,0.890104152507293,0.12879406407148722
random_5fold_cv,M4_full_physics_chain,2,R041,40,,peroxidase,Km (mM),3.759,0.8081750995542246,0.5750723257138124,-0.09249453460704422,-0.6675668603208567,0.6675668603208567,0.2149973662022412
random_5fold_cv,M4_full_physics_chain,2,R041,40,,peroxidase,Kcat (s⁻¹),560.0,30880.518387793018,2.7481880270062002,4.48968458217757,1.7414965551713695,1.7414965551713695,55.14378283534467
random_5fold_cv,M4_full_physics_chain,2,R041,40,,peroxidase,Vmax (nM s⁻¹),14.11,110.27552253724089,1.1495270137543478,2.0424791243466376,0.8929521105922897,0.8929521105922897,7.815416196827845
random_5fold_cv,M4_full_physics_chain,2,R043,42,,peroxidase,Km (mM),0.148,4.084129263504823,-0.8297382846050426,0.6110994791392729,1.4408377637443155,1.4408377637443155,27.59546799665421
random_5fold_cv,M4_full_physics_chain,2,R043,42,,peroxidase,Kcat (s⁻¹),0.708,4.3139125289398415,-0.149966742310231,0.6348713348824547,0.7848380771926857,0.7848380771926857,6.093096792287912
random_5fold_cv,M4_full_physics_chain,2,R043,42,,peroxidase,Vmax (nM s⁻¹),758.0,138.80974486438095,2.8796692056320534,2.1424199559766857,-0.7372492496553678,0.7372492496553678,0.1831263124859907
random_5fold_cv,M4_full_physics_chain,2,R045,44,,catalase,Km (mM),0.13,0.164260379003767,-0.8860566476931632,-0.7844671794445702,0.10158946824859294,0.10158946824859294,1.2635413769520538
random_5fold_cv,M4_full_physics_chain,2,R045,44,,catalase,Kcat (s⁻¹),916.6,54.328209066066265,2.962179852908768,1.7350253887159455,-1.2271544641928225,1.2271544641928225,0.05927144781373147
random_5fold_cv,M4_full_physics_chain,2,R045,44,,catalase,Vmax (nM s⁻¹),39.9,25.184478306697287,1.6009728956867482,1.4011329589313013,-0.19983993675544687,0.19983993675544687,0.6311899324986788
random_5fold_cv,M4_full_physics_chain,2,R046,45,,peroxidase,Km (mM),0.217,2.3656032885403757,-0.6635402661514705,0.37394191525239756,1.0374821814038682,1.0374821814038682,10.901397643043206
random_5fold_cv,M4_full_physics_chain,2,R046,45,,peroxidase,Kcat (s⁻¹),0.0005642,6.8966052344284146,-3.2485669181806527,0.8386353674394154,4.087202285620068,4.087202285620068,12223.688823871702
random_5fold_cv,M4_full_physics_chain,2,R046,45,,peroxidase,Vmax (nM s⁻¹),82.0,67.94278417583865,1.9138138523837167,1.832143339522949,-0.08167051286076776,0.08167051286076776,0.8285705387297396
random_5fold_cv,M4_full_physics_chain,2,R055,54,,catalase,Km (mM),20.0,7.20491968874078,1.3010299956639813,0.8576291442157812,-0.4434008514482001,0.4434008514482001,0.36024598443703904
random_5fold_cv,M4_full_physics_chain,2,R055,54,,catalase,Kcat (s⁻¹),1400000.0,22.697885229242615,6.146128035678238,1.355985395692925,-4.790142639985313,4.790142639985313,1.6212775163744726e-05
random_5fold_cv,M4_full_physics_chain,2,R055,54,,catalase,Vmax (nM s⁻¹),11300000000.0,1538.5939529622483,10.05307844348342,3.18712402122516,-6.86595442225826,6.86595442225826,1.36158756899314e-07
random_5fold_cv,M4_full_physics_chain,2,R066,65,,catalase,Km (mM),153.6,5.169258465964107,2.186391215695493,0.7134282476901582,-1.4729629680053349,1.4729629680053349,0.03365402647112049
random_5fold_cv,M4_full_physics_chain,2,R066,65,,catalase,Kcat (s⁻¹),0.000840192,44.75920475562349,-3.075621457971076,1.6508823617411965,4.726503819712272,4.726503819712272,53272.590973995815
random_5fold_cv,M4_full_physics_chain,2,R066,65,,catalase,Vmax (nM s⁻¹),122.0,70.8631210076069,2.0863598306747484,1.850420275947097,-0.2359395547276515,0.2359395547276515,0.5808452541607123
random_5fold_cv,M4_full_physics_chain,2,R073,72,,peroxidase,Km (mM),0.198,1.6332327847034913,-0.7033348097384688,0.2130480891501211,0.9163828988885899,0.9163828988885899,8.248650427795411
random_5fold_cv,M4_full_physics_chain,2,R073,72,,peroxidase,Kcat (s⁻¹),387.0,0.24225960544158434,2.5877109650189114,-0.6157189944316872,-3.203429959450599,3.203429959450599,0.0006259938125105539
random_5fold_cv,M4_full_physics_chain,2,R073,72,,peroxidase,Vmax (nM s⁻¹),67.8,115.76001688553033,1.8312296938670634,2.0635585814600836,0.23232888759302028,0.23232888759302028,1.7073748803175566
random_5fold_cv,A0_physics_no_arrhenius,2,R006,5,,peroxidase,Km (mM),0.12,1.2251819762349536,-0.9208187539523752,0.08820059923535216,1.0090193531877274,1.0090193531877274,10.209849801957947
random_5fold_cv,A0_physics_no_arrhenius,2,R006,5,,peroxidase,Kcat (s⁻¹),0.0006,0.030003736644352092,-3.2218487496163566,-1.522824655181427,1.6990240944349295,1.6990240944349295,50.00622774058682
random_5fold_cv,A0_physics_no_arrhenius,2,R006,5,,peroxidase,Vmax (nM s⁻¹),0.6,6731.890602542727,-0.2218487496163564,3.828137049802588,4.049985799418945,4.049985799418945,11219.817670904546
random_5fold_cv,A0_physics_no_arrhenius,2,R010,9,,peroxidase,Km (mM),0.098,12.937538005474345,-1.0087739243075051,1.1118516385917985,2.1206255628993036,2.1206255628993036,132.01569393341168
random_5fold_cv,A0_physics_no_arrhenius,2,R010,9,,peroxidase,Kcat (s⁻¹),30200.0,1297.1812572341635,4.480006942957151,3.113000664994318,-1.3670062779628331,1.3670062779628331,0.042953021762720645
random_5fold_cv,A0_physics_no_arrhenius,2,R010,9,,peroxidase,Vmax (nM s⁻¹),34.4,136.03393234503224,1.5365584425715302,2.1336472524297614,0.5970888098582312,0.5970888098582312,3.9544747774718676
random_5fold_cv,A0_physics_no_arrhenius,2,R012,11,,catalase,Km (mM),281.0,1.328234773906375,2.44870631990508,0.12327484611661862,-2.3254314737884614,2.3254314737884614,0.004726814142015569
random_5fold_cv,A0_physics_no_arrhenius,2,R012,11,,catalase,Kcat (s⁻¹),74600.0,30175.783009543757,4.872738827472669,4.479658548108646,-0.3930802793640229,0.3930802793640229,0.4045011127284686
random_5fold_cv,A0_physics_no_arrhenius,2,R012,11,,catalase,Vmax (nM s⁻¹),527.0,238.06919501903613,2.7218106152125467,2.3767032034739177,-0.345107411738629,0.345107411738629,0.45174420307217483
random_5fold_cv,A0_physics_no_arrhenius,2,R017,16,,catalase,Km (mM),194.0,1.328234773906375,2.287801729930226,0.12327484611661862,-2.1645268838136076,2.1645268838136076,0.0068465709995173965
random_5fold_cv,A0_physics_no_arrhenius,2,R017,16,,catalase,Kcat (s⁻¹),83700.0,30175.783009543757,4.92272545799326,4.479658548108646,-0.44306690988461384,0.44306690988461384,0.36052309449873066
random_5fold_cv,A0_physics_no_arrhenius,2,R017,16,,catalase,Vmax (nM s⁻¹),646.0,238.06919501903613,2.8102325179950842,2.3767032034739177,-0.4335293145211665,0.4335293145211665,0.3685281656641426
random_5fold_cv,A0_physics_no_arrhenius,2,R029,28,,peroxidase,Km (mM),5.55,4.02210852541785,0.7442929831226762,0.6044537846481547,-0.13983919847452153,0.13983919847452153,0.724704238814027
random_5fold_cv,A0_physics_no_arrhenius,2,R029,28,,peroxidase,Kcat (s⁻¹),1062.0,13.039649004811466,3.0261245167454502,1.1152659014169806,-1.9108586153284697,1.9108586153284697,0.01227838889341946
random_5fold_cv,A0_physics_no_arrhenius,2,R029,28,,peroxidase,Vmax (nM s⁻¹),1062.0,1260.7558445156023,3.0261245167454502,3.1006309901050098,0.07450647335955951,0.07450647335955951,1.1871523959657273
random_5fold_cv,A0_physics_no_arrhenius,2,R031,30,,peroxidase,Km (mM),0.0223,1.328234773906375,-1.6516951369518393,0.12327484611661862,1.774969983068458,1.774969983068458,59.5620974845908
random_5fold_cv,A0_physics_no_arrhenius,2,R031,30,,peroxidase,Kcat (s⁻¹),23900.0,30175.783009543757,4.378397900948138,4.479658548108646,0.1012606471605082,0.1012606471605082,1.2625850631608266
random_5fold_cv,A0_physics_no_arrhenius,2,R031,30,,peroxidase,Vmax (nM s⁻¹),174.0,238.06919501903613,2.2405492482826,2.3767032034739177,0.1361539551913178,0.1361539551913178,1.3682137644772192
random_5fold_cv,A0_physics_no_arrhenius,2,R032,31,,catalase,Km (mM),16.11,3.6210677569925567,1.207095540419218,0.5588366513601388,-0.6482588890590792,0.6482588890590792,0.22477143122238094
random_5fold_cv,A0_physics_no_arrhenius,2,R032,31,,catalase,Kcat (s⁻¹),0.00046,0.07849549100171323,-3.337242168318426,-1.1051552896154728,2.2320868787029533,2.2320868787029533,170.64237174285483
random_5fold_cv,A0_physics_no_arrhenius,2,R032,31,,catalase,Vmax (nM s⁻¹),91.0,103.3182956522804,1.9590413923210936,2.014177233400283,0.05513584107918956,0.05513584107918956,1.1353658862887956
random_5fold_cv,A0_physics_no_arrhenius,2,R035,34,,peroxidase,Km (mM),0.3,6.850715265672468,-0.5228787452803376,0.8357359174366199,1.3586146627169575,1.3586146627169575,22.83571755224156
random_5fold_cv,A0_physics_no_arrhenius,2,R035,34,,peroxidase,Kcat (s⁻¹),0.000183,2.3665335974334365,-3.7375489102695707,0.3741126744817531,4.111661584751324,4.111661584751324,12931.877581603478
random_5fold_cv,A0_physics_no_arrhenius,2,R035,34,,peroxidase,Vmax (nM s⁻¹),84.3,55.8287833491264,1.9258275746247424,1.7468581635746245,-0.17896941105011788,0.17896941105011788,0.6622631476764698
random_5fold_cv,A0_physics_no_arrhenius,2,R036,35,,catalase,Km (mM),0.17,0.19575152367648804,-0.769551078621726,-0.7082948488270273,0.06125622979469869,0.06125622979469869,1.1514795510381648
random_5fold_cv,A0_physics_no_arrhenius,2,R036,35,,catalase,Kcat (s⁻¹),366.6,36.318744624362964,2.564192460626198,1.5601308285017355,-1.0040616321244624,1.0040616321244624,0.09906913427267583
random_5fold_cv,A0_physics_no_arrhenius,2,R036,35,,catalase,Vmax (nM s⁻¹),15.99,43.733143917281026,1.2038484637462348,1.6408106993171334,0.43696223557089864,0.43696223557089864,2.735030889135774
random_5fold_cv,A0_physics_no_arrhenius,2,R040,39,,unknown,Km (mM),3.43,1.112041073347045,0.5352941200427705,0.04612082825192719,-0.48917329179084335,0.48917329179084335,0.32421022546561074
random_5fold_cv,A0_physics_no_arrhenius,2,R040,39,,unknown,Kcat (s⁻¹),0.00511,0.010616650067143548,-2.291579099865287,-1.9740124970831687,0.31756660278211846,0.31756660278211846,2.077622322337289
random_5fold_cv,A0_physics_no_arrhenius,2,R040,39,,unknown,Vmax (nM s⁻¹),362000.0,12103.318903638274,5.558708570533166,4.082904476423414,-1.475804094109752,1.475804094109752,0.03343458260673556
random_5fold_cv,A0_physics_no_arrhenius,2,R041,40,,peroxidase,Km (mM),3.759,2.8818015374586956,0.5750723257138124,0.45966406872142235,-0.11540825699239005,0.11540825699239005,0.7666404728541356
random_5fold_cv,A0_physics_no_arrhenius,2,R041,40,,peroxidase,Kcat (s⁻¹),560.0,62215.54530464406,2.7481880270062002,4.793898911966008,2.045710884959808,2.045710884959808,111.09918804400725
random_5fold_cv,A0_physics_no_arrhenius,2,R041,40,,peroxidase,Vmax (nM s⁻¹),14.11,88.71446105722566,1.1495270137543478,1.9479944185403781,0.7984674047860303,0.7984674047860303,6.287346637648878
random_5fold_cv,A0_physics_no_arrhenius,2,R043,42,,peroxidase,Km (mM),0.148,8.466403186654546,-0.8297382846050426,0.9276989465818654,1.757437231186908,1.757437231186908,57.20542693685504
random_5fold_cv,A0_physics_no_arrhenius,2,R043,42,,peroxidase,Kcat (s⁻¹),0.708,9.824299726110178,-0.149966742310231,0.9923016037370422,1.1422683460472731,1.1422683460472731,13.876129556652794
random_5fold_cv,A0_physics_no_arrhenius,2,R043,42,,peroxidase,Vmax (nM s⁻¹),758.0,145.53532067955356,2.8796692056320534,2.162968407168374,-0.7167007984636795,0.7167007984636795,0.19199910379888332
random_5fold_cv,A0_physics_no_arrhenius,2,R045,44,,catalase,Km (mM),0.13,0.19575152367648804,-0.8860566476931632,-0.7082948488270273,0.17776179886613586,0.17776179886613586,1.5057809513576004
random_5fold_cv,A0_physics_no_arrhenius,2,R045,44,,catalase,Kcat (s⁻¹),916.6,36.318744624362964,2.962179852908768,1.5601308285017355,-1.4020490244070325,1.4020490244070325,0.039623330377877984
random_5fold_cv,A0_physics_no_arrhenius,2,R045,44,,catalase,Vmax (nM s⁻¹),39.9,43.733143917281026,1.6009728956867482,1.6408106993171334,0.03983780363038525,0.03983780363038525,1.0960687698566673
random_5fold_cv,A0_physics_no_arrhenius,2,R046,45,,peroxidase,Km (mM),0.217,3.2120428384633493,-0.6635402661514705,0.5067813287561398,1.1703215949076102,1.1703215949076102,14.80204073024585
random_5fold_cv,A0_physics_no_arrhenius,2,R046,45,,peroxidase,Kcat (s⁻¹),0.0005642,42.43899225271626,-3.2485669181806527,1.6277650626873446,4.876331980867997,4.876331980867997,75219.76648833083
random_5fold_cv,A0_physics_no_arrhenius,2,R046,45,,peroxidase,Vmax (nM s⁻¹),82.0,78.39115184520867,1.9138138523837167,1.8942670458265385,-0.01954680655717822,0.01954680655717822,0.9559896566488862
random_5fold_cv,A0_physics_no_arrhenius,2,R055,54,,catalase,Km (mM),20.0,4.02210852541785,1.3010299956639813,0.6044537846481547,-0.6965762110158266,0.6965762110158266,0.2011054262708925
random_5fold_cv,A0_physics_no_arrhenius,2,R055,54,,catalase,Kcat (s⁻¹),1400000.0,13.039649004811466,6.146128035678238,1.1152659014169806,-5.030862134261257,5.030862134261257,9.314035003436762e-06
random_5fold_cv,A0_physics_no_arrhenius,2,R055,54,,catalase,Vmax (nM s⁻¹),11300000000.0,1260.7558445156023,10.05307844348342,3.1006309901050098,-6.95244745337841,6.95244745337841,1.1157131367394711e-07
random_5fold_cv,A0_physics_no_arrhenius,2,R066,65,,catalase,Km (mM),153.6,3.2120428384633493,2.186391215695493,0.5067813287561398,-1.6796098869393532,1.6796098869393532,0.0209117372295791
random_5fold_cv,A0_physics_no_arrhenius,2,R066,65,,catalase,Kcat (s⁻¹),0.000840192,42.43899225271626,-3.075621457971076,1.6277650626873446,4.7033865206584204,4.7033865206584204,50511.06443850484
random_5fold_cv,A0_physics_no_arrhenius,2,R066,65,,catalase,Vmax (nM s⁻¹),122.0,78.39115184520867,2.0863598306747484,1.8942670458265385,-0.1920927848482099,0.1920927848482099,0.6425504249607268
random_5fold_cv,A0_physics_no_arrhenius,2,R073,72,,peroxidase,Km (mM),0.198,2.2754053034221275,-0.7033348097384688,0.357058765987436,1.0603935757259049,1.0603935757259049,11.491945976879432
random_5fold_cv,A0_physics_no_arrhenius,2,R073,72,,peroxidase,Kcat (s⁻¹),387.0,0.3243388965205817,2.5877109650189114,-0.4890009651990916,-3.076711930218003,3.076711930218003,0.0008380850039291516
random_5fold_cv,A0_physics_no_arrhenius,2,R073,72,,peroxidase,Vmax (nM s⁻¹),67.8,115.29671280302819,1.8312296938670634,2.0618169254052217,0.2305872315381583,0.2305872315381583,1.7005414867703272
random_5fold_cv,A1_physics_plus_activity_category,2,R006,5,,peroxidase,Km (mM),0.12,0.34320218522046597,-0.9208187539523752,-0.4644499555955676,0.4563687983568076,0.4563687983568076,2.86001821017055
random_5fold_cv,A1_physics_plus_activity_category,2,R006,5,,peroxidase,Kcat (s⁻¹),0.0006,0.42601928898352664,-3.2218487496163566,-0.37057073679057156,2.851278012825785,2.851278012825785,710.0321483058779
random_5fold_cv,A1_physics_plus_activity_category,2,R006,5,,peroxidase,Vmax (nM s⁻¹),0.6,157.87340932337727,-0.2218487496163564,2.1983089877878688,2.4201577374042254,2.4201577374042254,263.12234887229545
random_5fold_cv,A1_physics_plus_activity_category,2,R010,9,,peroxidase,Km (mM),0.098,0.33723262247637265,-1.0087739243075051,-0.47207042017959805,0.5367035041279071,0.5367035041279071,3.4411492089425777
random_5fold_cv,A1_physics_plus_activity_category,2,R010,9,,peroxidase,Kcat (s⁻¹),30200.0,47.070911574834184,4.480006942957151,1.6727526089309221,-2.807254334026229,2.807254334026229,0.0015586394561203371
random_5fold_cv,A1_physics_plus_activity_category,2,R010,9,,peroxidase,Vmax (nM s⁻¹),34.4,186.65680121655384,1.5365584425715302,2.2710438189449182,0.7344853763733881,0.7344853763733881,5.426069802806798
random_5fold_cv,A1_physics_plus_activity_category,2,R012,11,,catalase,Km (mM),281.0,177.11015064171448,2.44870631990508,2.2482434524456054,-0.2004628674594744,0.2004628674594744,0.6302852336004074
random_5fold_cv,A1_physics_plus_activity_category,2,R012,11,,catalase,Kcat (s⁻¹),74600.0,58860.82113311176,4.872738827472669,4.769826316395802,-0.10291251107686694,0.10291251107686694,0.7890190500417127
random_5fold_cv,A1_physics_plus_activity_category,2,R012,11,,catalase,Vmax (nM s⁻¹),527.0,541.8802205816029,2.7218106152125467,2.7339032989196825,0.012092683707135787,0.012092683707135787,1.0282357126785633
random_5fold_cv,A1_physics_plus_activity_category,2,R017,16,,catalase,Km (mM),194.0,177.11015064171448,2.287801729930226,2.2482434524456054,-0.039558277484620596,0.039558277484620596,0.9129389208335799
random_5fold_cv,A1_physics_plus_activity_category,2,R017,16,,catalase,Kcat (s⁻¹),83700.0,58860.82113311176,4.92272545799326,4.769826316395802,-0.15289914159745788,0.15289914159745788,0.7032356168830557
random_5fold_cv,A1_physics_plus_activity_category,2,R017,16,,catalase,Vmax (nM s⁻¹),646.0,541.8802205816029,2.8102325179950842,2.7339032989196825,-0.07632921907540169,0.07632921907540169,0.8388238708693543
random_5fold_cv,A1_physics_plus_activity_category,2,R029,28,,peroxidase,Km (mM),5.55,0.4721679476937946,0.7442929831226762,-0.3259034975880392,-1.0701964807107154,1.0701964807107154,0.0850753058907738
random_5fold_cv,A1_physics_plus_activity_category,2,R029,28,,peroxidase,Kcat (s⁻¹),1062.0,5.248030669370662,3.0261245167454502,0.7199963643819945,-2.306128152363456,2.306128152363456,0.004941648464567478
random_5fold_cv,A1_physics_plus_activity_category,2,R029,28,,peroxidase,Vmax (nM s⁻¹),1062.0,384.1147553095342,3.0261245167454502,2.5844609903894074,-0.4416635263560429,0.4416635263560429,0.3616899767509738
random_5fold_cv,A1_physics_plus_activity_category,2,R031,30,,peroxidase,Km (mM),0.0223,0.03417765579464322,-1.6516951369518393,-1.4662577283433218,0.18543740860851754,0.18543740860851754,1.5326303046925212
random_5fold_cv,A1_physics_plus_activity_category,2,R031,30,,peroxidase,Kcat (s⁻¹),23900.0,13871.037374677315,4.378397900948138,4.142108941913287,-0.2362889590348507,0.2362889590348507,0.5803781328316868
random_5fold_cv,A1_physics_plus_activity_category,2,R031,30,,peroxidase,Vmax (nM s⁻¹),174.0,165.2086233725881,2.2405492482826,2.218032712387438,-0.022516535895162004,0.022516535895162004,0.9494748469688972
random_5fold_cv,A1_physics_plus_activity_category,2,R032,31,,catalase,Km (mM),16.11,7.20091696407469,1.207095540419218,0.8573878029703275,-0.3497077374488906,0.3497077374488906,0.4469842932386524
random_5fold_cv,A1_physics_plus_activity_category,2,R032,31,,catalase,Kcat (s⁻¹),0.00046,10.551836998809106,-3.337242168318426,1.0233280737566068,4.360570242075033,4.360570242075033,22938.776084367622
random_5fold_cv,A1_physics_plus_activity_category,2,R032,31,,catalase,Vmax (nM s⁻¹),91.0,259.99048161316716,1.9590413923210936,2.4149574485148673,0.4559160561937736,0.4559160561937736,2.8570382594853534
random_5fold_cv,A1_physics_plus_activity_category,2,R035,34,,peroxidase,Km (mM),0.3,1.2367419200784802,-0.5228787452803376,0.09227908169901,0.6151578269793476,0.6151578269793476,4.122473066928268
random_5fold_cv,A1_physics_plus_activity_category,2,R035,34,,peroxidase,Kcat (s⁻¹),0.000183,2.0584755727651927,-3.7375489102695707,0.3135457177380571,4.051094628007628,4.051094628007628,11248.500397624004
random_5fold_cv,A1_physics_plus_activity_category,2,R035,34,,peroxidase,Vmax (nM s⁻¹),84.3,127.63482159886456,1.9258275746247424,2.105969175679262,0.18014160105451937,0.18014160105451937,1.5140548232368276
random_5fold_cv,A1_physics_plus_activity_category,2,R036,35,,catalase,Km (mM),0.17,0.1956457178114948,-0.769551078621726,-0.7085296532638915,0.0610214253578345,0.0610214253578345,1.1508571635970282
random_5fold_cv,A1_physics_plus_activity_category,2,R036,35,,catalase,Kcat (s⁻¹),366.6,75.85943471748725,2.564192460626198,1.88000960214227,-0.6841828584839278,0.6841828584839278,0.20692699050051075
random_5fold_cv,A1_physics_plus_activity_category,2,R036,35,,catalase,Vmax (nM s⁻¹),15.99,22.031363310620588,1.2038484637462348,1.3430413723191847,0.13919290857294997,0.13919290857294997,1.377821345254571
random_5fold_cv,A1_physics_plus_activity_category,2,R040,39,,unknown,Km (mM),3.43,1.9253689617516618,0.5352941200427705,0.2845139664151444,-0.2507801536276261,0.2507801536276261,0.5613320588197265
random_5fold_cv,A1_physics_plus_activity_category,2,R040,39,,unknown,Kcat (s⁻¹),0.00511,0.005394547812763974,-2.291579099865287,-2.2680449533261764,0.02353414653911079,0.02353414653911079,1.0556845034763158
random_5fold_cv,A1_physics_plus_activity_category,2,R040,39,,unknown,Vmax (nM s⁻¹),362000.0,59451.79009660197,5.558708570533166,4.774164935781825,-0.7845436347513406,0.7845436347513406,0.16423146435525407
random_5fold_cv,A1_physics_plus_activity_category,2,R041,40,,peroxidase,Km (mM),3.759,0.33462364833692027,0.5750723257138124,-0.47544337007024073,-1.0505156957840531,1.0505156957840531,0.08901932650623046
random_5fold_cv,A1_physics_plus_activity_category,2,R041,40,,peroxidase,Kcat (s⁻¹),560.0,3357.781282648616,2.7481880270062002,3.5260524038829217,0.7778643768767215,0.7778643768767215,5.996038004729671
random_5fold_cv,A1_physics_plus_activity_category,2,R041,40,,peroxidase,Vmax (nM s⁻¹),14.11,149.38765083468056,1.1495270137543478,2.174314697907611,1.0247876841532633,1.0247876841532633,10.587360087503939
random_5fold_cv,A1_physics_plus_activity_category,2,R043,42,,peroxidase,Km (mM),0.148,0.47732284878826503,-0.8297382846050426,-0.32118777605664467,0.5085505085483979,0.5085505085483979,3.225154383704494
random_5fold_cv,A1_physics_plus_activity_category,2,R043,42,,peroxidase,Kcat (s⁻¹),0.708,1.0089080849007772,-0.149966742310231,0.0038516022738912486,0.15381834458412225,0.15381834458412225,1.4250114193513803
random_5fold_cv,A1_physics_plus_activity_category,2,R043,42,,peroxidase,Vmax (nM s⁻¹),758.0,167.78861797156205,2.8796692056320534,2.2247624968991158,-0.6549067087329377,0.6549067087329377,0.22135701579361747
random_5fold_cv,A1_physics_plus_activity_category,2,R045,44,,catalase,Km (mM),0.13,0.1956457178114948,-0.8860566476931632,-0.7085296532638915,0.17752699442927167,0.17752699442927167,1.5049670600884215
random_5fold_cv,A1_physics_plus_activity_category,2,R045,44,,catalase,Kcat (s⁻¹),916.6,75.85943471748725,2.962179852908768,1.88000960214227,-1.0821702507664979,1.0821702507664979,0.08276176600205896
random_5fold_cv,A1_physics_plus_activity_category,2,R045,44,,catalase,Vmax (nM s⁻¹),39.9,22.031363310620588,1.6009728956867482,1.3430413723191847,-0.2579315233675634,0.2579315233675634,0.552164494000516
random_5fold_cv,A1_physics_plus_activity_category,2,R046,45,,peroxidase,Km (mM),0.217,0.501636420313502,-0.6635402661514705,-0.2996109399465123,0.36392932620495827,0.36392932620495827,2.311688572873281
random_5fold_cv,A1_physics_plus_activity_category,2,R046,45,,peroxidase,Kcat (s⁻¹),0.0005642,1.4167196526328378,-3.2485669181806527,0.1512839184476377,3.3998508366282905,3.3998508366282905,2511.023843730659
random_5fold_cv,A1_physics_plus_activity_category,2,R046,45,,peroxidase,Vmax (nM s⁻¹),82.0,85.41213056833394,1.9138138523837167,1.9315195552881153,0.017705702904398546,0.017705702904398546,1.0416113483943163
random_5fold_cv,A1_physics_plus_activity_category,2,R055,54,,catalase,Km (mM),20.0,12.57454668853515,1.3010299956639813,1.0994923377266679,-0.20153765793731337,0.20153765793731337,0.6287273344267575
random_5fold_cv,A1_physics_plus_activity_category,2,R055,54,,catalase,Kcat (s⁻¹),1400000.0,52.36212146487735,6.146128035678238,1.7190172337882934,-4.4271108018899445,4.4271108018899445,3.740151533205525e-05
random_5fold_cv,A1_physics_plus_activity_category,2,R055,54,,catalase,Vmax (nM s⁻¹),11300000000.0,1510.92365054548,10.05307844348342,3.1792425192797613,-6.873835924203659,6.873835924203659,1.3371005757039648e-07
random_5fold_cv,A1_physics_plus_activity_category,2,R066,65,,catalase,Km (mM),153.6,13.127711033495983,2.186391215695493,1.1181890084823196,-1.0682022072131734,1.0682022072131734,0.08546686870765614
random_5fold_cv,A1_physics_plus_activity_category,2,R066,65,,catalase,Kcat (s⁻¹),0.000840192,485.71165910028185,-3.075621457971076,2.6863785284723023,5.761999986443378,5.761999986443378,578096.0293602913
random_5fold_cv,A1_physics_plus_activity_category,2,R066,65,,catalase,Vmax (nM s⁻¹),122.0,102.28540782866514,2.0863598306747484,2.00981368110696,-0.07654614956778838,0.07654614956778838,0.8384049822021733
random_5fold_cv,A1_physics_plus_activity_category,2,R073,72,,peroxidase,Km (mM),0.198,0.5750432158342226,-0.7033348097384688,-0.24029951584415793,0.4630352938943109,0.4630352938943109,2.9042586658294067
random_5fold_cv,A1_physics_plus_activity_category,2,R073,72,,peroxidase,Kcat (s⁻¹),387.0,0.33019978632521657,2.5877109650189114,-0.4812232121083838,-3.068934177127295,3.068934177127295,0.0008532294220289834
random_5fold_cv,A1_physics_plus_activity_category,2,R073,72,,peroxidase,Vmax (nM s⁻¹),67.8,116.94976846625653,1.8312296938670634,2.067999366342464,0.23676967247540048,0.23676967247540048,1.724922838735347
random_5fold_cv,A2_physics_plus_arrhenius,2,R006,5,,peroxidase,Km (mM),0.12,0.7080670711693237,-0.9208187539523752,-0.1499256021137715,0.7708931518386037,0.7708931518386037,5.900558926411031
random_5fold_cv,A2_physics_plus_arrhenius,2,R006,5,,peroxidase,Kcat (s⁻¹),0.0006,0.19629205658433618,-3.2218487496163566,-0.7070972747830353,2.5147514748333215,2.5147514748333215,327.1534276405603
random_5fold_cv,A2_physics_plus_arrhenius,2,R006,5,,peroxidase,Vmax (nM s⁻¹),0.6,295.3304000715096,-0.2218487496163564,2.4703081537167666,2.692156903333123,2.692156903333123,492.217333452516
random_5fold_cv,A2_physics_plus_arrhenius,2,R010,9,,peroxidase,Km (mM),0.098,5.0645095217536324,-1.0087739243075051,0.7045373919845018,1.7133113162920068,1.7133113162920068,51.678668589322776
random_5fold_cv,A2_physics_plus_arrhenius,2,R010,9,,peroxidase,Kcat (s⁻¹),30200.0,505.74670245507383,4.480006942957151,2.703933059786423,-1.776073883170728,1.776073883170728,0.016746579551492512
random_5fold_cv,A2_physics_plus_arrhenius,2,R010,9,,peroxidase,Vmax (nM s⁻¹),34.4,146.39070996620575,1.5365584425715302,2.165513517033643,0.6289550744621126,0.6289550744621126,4.255543894366446
random_5fold_cv,A2_physics_plus_arrhenius,2,R012,11,,catalase,Km (mM),281.0,216.40817336697137,2.44870631990508,2.3352736593048706,-0.11343266060020918,0.11343266060020918,0.7701358482810369
random_5fold_cv,A2_physics_plus_arrhenius,2,R012,11,,catalase,Kcat (s⁻¹),74600.0,80634.78489528062,4.872738827472669,4.906522431744776,0.03378360427210669,0.03378360427210669,1.0808952398831182
random_5fold_cv,A2_physics_plus_arrhenius,2,R012,11,,catalase,Vmax (nM s⁻¹),527.0,550.5545366066389,2.7218106152125467,2.740800345604227,0.018989730391680393,0.018989730391680393,1.0446955153826165
random_5fold_cv,A2_physics_plus_arrhenius,2,R017,16,,catalase,Km (mM),194.0,216.40817336697137,2.287801729930226,2.3352736593048706,0.04747192937464462,0.04747192937464462,1.1155060482833576
random_5fold_cv,A2_physics_plus_arrhenius,2,R017,16,,catalase,Kcat (s⁻¹),83700.0,80634.78489528062,4.92272545799326,4.906522431744776,-0.016203026248484242,0.016203026248484242,0.9633785531096849
random_5fold_cv,A2_physics_plus_arrhenius,2,R017,16,,catalase,Vmax (nM s⁻¹),646.0,550.5545366066389,2.8102325179950842,2.740800345604227,-0.06943217239085708,0.06943217239085708,0.8522516046542398
random_5fold_cv,A2_physics_plus_arrhenius,2,R029,28,,peroxidase,Km (mM),5.55,1.6789298661422558,0.7442929831226762,0.22503255475414172,-0.5192604283685345,0.5192604283685345,0.3025098857913974
random_5fold_cv,A2_physics_plus_arrhenius,2,R029,28,,peroxidase,Kcat (s⁻¹),1062.0,7.804777979996721,3.0261245167454502,0.8923605533390222,-2.133763963406428,2.133763963406428,0.007349131807906517
random_5fold_cv,A2_physics_plus_arrhenius,2,R029,28,,peroxidase,Vmax (nM s⁻¹),1062.0,738.563756134166,3.0261245167454502,2.8683879915127006,-0.1577365252327496,0.1577365252327496,0.6954460980547703
random_5fold_cv,A2_physics_plus_arrhenius,2,R031,30,,peroxidase,Km (mM),0.0223,0.023858468350769955,-1.6516951369518393,-1.622357440303563,0.029337696648276346,0.029337696648276346,1.0698864731286974
random_5fold_cv,A2_physics_plus_arrhenius,2,R031,30,,peroxidase,Kcat (s⁻¹),23900.0,20549.29917046518,4.378397900948138,4.312797014942509,-0.06560088600562874,0.06560088600562874,0.8598033125717648
random_5fold_cv,A2_physics_plus_arrhenius,2,R031,30,,peroxidase,Vmax (nM s⁻¹),174.0,165.13634088774637,2.2405492482826,2.2178426572135908,-0.022706591069009185,0.022706591069009185,0.9490594303893469
random_5fold_cv,A2_physics_plus_arrhenius,2,R032,31,,catalase,Km (mM),16.11,4.4637311374936965,1.207095540419218,0.6496980279950785,-0.5573975124241396,0.5573975124241396,0.27707828289842934
random_5fold_cv,A2_physics_plus_arrhenius,2,R032,31,,catalase,Kcat (s⁻¹),0.00046,0.2897273614965842,-3.337242168318426,-0.5380104886213677,2.7992316796970584,2.7992316796970584,629.8420902099656
random_5fold_cv,A2_physics_plus_arrhenius,2,R032,31,,catalase,Vmax (nM s⁻¹),91.0,138.80807780529187,1.9590413923210936,2.142414740212392,0.18337334789129822,0.18337334789129822,1.5253634923658448
random_5fold_cv,A2_physics_plus_arrhenius,2,R035,34,,peroxidase,Km (mM),0.3,5.2632733429480645,-0.5228787452803376,0.721255925261697,1.2441346705420346,1.2441346705420346,17.54424447649355
random_5fold_cv,A2_physics_plus_arrhenius,2,R035,34,,peroxidase,Kcat (s⁻¹),0.000183,2.018395523565934,-3.7375489102695707,0.30500627432443633,4.042555184594007,4.042555184594007,11029.483735332973
random_5fold_cv,A2_physics_plus_arrhenius,2,R035,34,,peroxidase,Vmax (nM s⁻¹),84.3,58.465083629048145,1.9258275746247424,1.7668965752372132,-0.1589309993875292,0.1589309993875292,0.6935359861097052
random_5fold_cv,A2_physics_plus_arrhenius,2,R036,35,,catalase,Km (mM),0.17,0.16426037900376705,-0.769551078621726,-0.7844671794445701,-0.014916100822844114,0.014916100822844114,0.9662375235515709
random_5fold_cv,A2_physics_plus_arrhenius,2,R036,35,,catalase,Kcat (s⁻¹),366.6,54.328209066066265,2.564192460626198,1.7350253887159455,-0.8291670719102524,0.8291670719102524,0.14819478741425604
random_5fold_cv,A2_physics_plus_arrhenius,2,R036,35,,catalase,Vmax (nM s⁻¹),15.99,25.184478306697287,1.2038484637462348,1.4011329589313013,0.19728449518506652,0.19728449518506652,1.5750142780923881
random_5fold_cv,A2_physics_plus_arrhenius,2,R040,39,,unknown,Km (mM),3.43,1.5506088783453018,0.5352941200427705,0.1905022662872577,-0.34479185375551286,0.34479185375551286,0.45207255928434453
random_5fold_cv,A2_physics_plus_arrhenius,2,R040,39,,unknown,Kcat (s⁻¹),0.00511,0.005790005044845491,-2.291579099865287,-2.2373210578705596,0.05425804199472761,0.05425804199472761,1.1330733942946167
random_5fold_cv,A2_physics_plus_arrhenius,2,R040,39,,unknown,Vmax (nM s⁻¹),362000.0,46623.451193878376,5.558708570533166,4.668604418025873,-0.890104152507293,0.890104152507293,0.12879406407148722
random_5fold_cv,A2_physics_plus_arrhenius,2,R041,40,,peroxidase,Km (mM),3.759,0.8081750995542246,0.5750723257138124,-0.09249453460704422,-0.6675668603208567,0.6675668603208567,0.2149973662022412
random_5fold_cv,A2_physics_plus_arrhenius,2,R041,40,,peroxidase,Kcat (s⁻¹),560.0,30880.518387793018,2.7481880270062002,4.48968458217757,1.7414965551713695,1.7414965551713695,55.14378283534467
random_5fold_cv,A2_physics_plus_arrhenius,2,R041,40,,peroxidase,Vmax (nM s⁻¹),14.11,110.275522537241,1.1495270137543478,2.042479124346638,0.8929521105922902,0.8929521105922902,7.8154161968278535
random_5fold_cv,A2_physics_plus_arrhenius,2,R043,42,,peroxidase,Km (mM),0.148,4.084129263504823,-0.8297382846050426,0.6110994791392729,1.4408377637443155,1.4408377637443155,27.59546799665421
random_5fold_cv,A2_physics_plus_arrhenius,2,R043,42,,peroxidase,Kcat (s⁻¹),0.708,4.31391252893984,-0.149966742310231,0.6348713348824546,0.7848380771926856,0.7848380771926856,6.093096792287909
random_5fold_cv,A2_physics_plus_arrhenius,2,R043,42,,peroxidase,Vmax (nM s⁻¹),758.0,138.8097448643808,2.8796692056320534,2.142419955976685,-0.7372492496553682,0.7372492496553682,0.1831263124859905
random_5fold_cv,A2_physics_plus_arrhenius,2,R045,44,,catalase,Km (mM),0.13,0.16426037900376705,-0.8860566476931632,-0.7844671794445701,0.10158946824859305,0.10158946824859305,1.2635413769520543
random_5fold_cv,A2_physics_plus_arrhenius,2,R045,44,,catalase,Kcat (s⁻¹),916.6,54.328209066066265,2.962179852908768,1.7350253887159455,-1.2271544641928225,1.2271544641928225,0.05927144781373147
random_5fold_cv,A2_physics_plus_arrhenius,2,R045,44,,catalase,Vmax (nM s⁻¹),39.9,25.184478306697287,1.6009728956867482,1.4011329589313013,-0.19983993675544687,0.19983993675544687,0.6311899324986788
random_5fold_cv,A2_physics_plus_arrhenius,2,R046,45,,peroxidase,Km (mM),0.217,2.3656032885403757,-0.6635402661514705,0.37394191525239756,1.0374821814038682,1.0374821814038682,10.901397643043206
random_5fold_cv,A2_physics_plus_arrhenius,2,R046,45,,peroxidase,Kcat (s⁻¹),0.0005642,6.896605234428413,-3.2485669181806527,0.8386353674394152,4.087202285620068,4.087202285620068,12223.688823871698
random_5fold_cv,A2_physics_plus_arrhenius,2,R046,45,,peroxidase,Vmax (nM s⁻¹),82.0,67.94278417583865,1.9138138523837167,1.832143339522949,-0.08167051286076776,0.08167051286076776,0.8285705387297396
random_5fold_cv,A2_physics_plus_arrhenius,2,R055,54,,catalase,Km (mM),20.0,7.20491968874078,1.3010299956639813,0.8576291442157812,-0.4434008514482001,0.4434008514482001,0.36024598443703904
random_5fold_cv,A2_physics_plus_arrhenius,2,R055,54,,catalase,Kcat (s⁻¹),1400000.0,22.697885229242615,6.146128035678238,1.355985395692925,-4.790142639985313,4.790142639985313,1.6212775163744726e-05
random_5fold_cv,A2_physics_plus_arrhenius,2,R055,54,,catalase,Vmax (nM s⁻¹),11300000000.0,1538.5939529622467,10.05307844348342,3.1871240212251597,-6.865954422258261,6.865954422258261,1.3615875689931387e-07
random_5fold_cv,A2_physics_plus_arrhenius,2,R066,65,,catalase,Km (mM),153.6,5.169258465964107,2.186391215695493,0.7134282476901582,-1.4729629680053349,1.4729629680053349,0.03365402647112049
random_5fold_cv,A2_physics_plus_arrhenius,2,R066,65,,catalase,Kcat (s⁻¹),0.000840192,44.75920475562347,-3.075621457971076,1.6508823617411963,4.726503819712272,4.726503819712272,53272.59097399579
random_5fold_cv,A2_physics_plus_arrhenius,2,R066,65,,catalase,Vmax (nM s⁻¹),122.0,70.8631210076069,2.0863598306747484,1.850420275947097,-0.2359395547276515,0.2359395547276515,0.5808452541607123
random_5fold_cv,A2_physics_plus_arrhenius,2,R073,72,,peroxidase,Km (mM),0.198,1.633232784703491,-0.7033348097384688,0.21304808915012105,0.9163828988885899,0.9163828988885899,8.24865042779541
random_5fold_cv,A2_physics_plus_arrhenius,2,R073,72,,peroxidase,Kcat (s⁻¹),387.0,0.24225960544158434,2.5877109650189114,-0.6157189944316872,-3.203429959450599,3.203429959450599,0.0006259938125105539
random_5fold_cv,A2_physics_plus_arrhenius,2,R073,72,,peroxidase,Vmax (nM s⁻¹),67.8,115.76001688553046,1.8312296938670634,2.063558581460084,0.23232888759302073,0.23232888759302073,1.7073748803175586
random_5fold_cv,A3_physics_plus_activity_and_arrhenius,2,R006,5,,peroxidase,Km (mM),0.12,0.27374048265601064,-0.9208187539523752,-0.5626609713365903,0.3581577826157849,0.3581577826157849,2.281170688800089
random_5fold_cv,A3_physics_plus_activity_and_arrhenius,2,R006,5,,peroxidase,Kcat (s⁻¹),0.0006,0.599973774972325,-3.2218487496163566,-0.22186773233922313,2.9999810172771335,2.9999810172771335,999.9562916205417
random_5fold_cv,A3_physics_plus_activity_and_arrhenius,2,R006,5,,peroxidase,Vmax (nM s⁻¹),0.6,90.39222175404487,-0.2218487496163564,1.9561310610657006,2.177979810682057,2.177979810682057,150.65370292340813
random_5fold_cv,A3_physics_plus_activity_and_arrhenius,2,R010,9,,peroxidase,Km (mM),0.098,0.3038272603605047,-1.0087739243075051,-0.5173732624251471,0.491400661882358,0.491400661882358,3.1002781669439257
random_5fold_cv,A3_physics_plus_activity_and_arrhenius,2,R010,9,,peroxidase,Kcat (s⁻¹),30200.0,69.83601471554755,4.480006942957151,1.8440794478162075,-2.6359274951409435,2.6359274951409435,0.002312450818395614
random_5fold_cv,A3_physics_plus_activity_and_arrhenius,2,R010,9,,peroxidase,Vmax (nM s⁻¹),34.4,177.91431684477982,1.5365584425715302,2.250210897361653,0.7136524547901228,0.7136524547901228,5.171927815255228
random_5fold_cv,A3_physics_plus_activity_and_arrhenius,2,R012,11,,catalase,Km (mM),281.0,153.50778816635193,2.44870631990508,2.186130414157622,-0.2625759057474579,0.2625759057474579,0.5462910610902204
random_5fold_cv,A3_physics_plus_activity_and_arrhenius,2,R012,11,,catalase,Kcat (s⁻¹),74600.0,64255.248116948394,4.872738827472669,4.807908604923944,-0.06483022254872495,0.06483022254872495,0.861330403712445
random_5fold_cv,A3_physics_plus_activity_and_arrhenius,2,R012,11,,catalase,Vmax (nM s⁻¹),527.0,526.8406221634522,2.7218106152125467,2.7216792539535053,-0.00013136125904145146,0.00013136125904145146,0.9996975752627176
random_5fold_cv,A3_physics_plus_activity_and_arrhenius,2,R017,16,,catalase,Km (mM),194.0,153.50778816635193,2.287801729930226,2.186130414157622,-0.10167131577260413,0.10167131577260413,0.791277258589443
random_5fold_cv,A3_physics_plus_activity_and_arrhenius,2,R017,16,,catalase,Kcat (s⁻¹),83700.0,64255.248116948394,4.92272545799326,4.807908604923944,-0.11481685306931588,0.11481685306931588,0.7676851626875555
random_5fold_cv,A3_physics_plus_activity_and_arrhenius,2,R017,16,,catalase,Vmax (nM s⁻¹),646.0,526.8406221634522,2.8102325179950842,2.7216792539535053,-0.08855326404157893,0.08855326404157893,0.8155427587669538
random_5fold_cv,A3_physics_plus_activity_and_arrhenius,2,R029,28,,peroxidase,Km (mM),5.55,0.5007072963479153,0.7442929831226762,-0.30041607998006065,-1.044709063102737,1.044709063102737,0.09021753087349826
random_5fold_cv,A3_physics_plus_activity_and_arrhenius,2,R029,28,,peroxidase,Kcat (s⁻¹),1062.0,3.2050636028489614,3.0261245167454502,0.5058366522923587,-2.5202878644530915,2.5202878644530915,0.003017950661816348
random_5fold_cv,A3_physics_plus_activity_and_arrhenius,2,R029,28,,peroxidase,Vmax (nM s⁻¹),1062.0,386.8548932187252,3.0261245167454502,2.5875480944970985,-0.4385764222483517,0.4385764222483517,0.36427014427375254
random_5fold_cv,A3_physics_plus_activity_and_arrhenius,2,R031,30,,peroxidase,Km (mM),0.0223,0.03592268011803004,-1.6516951369518393,-1.444631268968824,0.20706386798301524,0.20706386798301524,1.6108825165035894
random_5fold_cv,A3_physics_plus_activity_and_arrhenius,2,R031,30,,peroxidase,Kcat (s⁻¹),23900.0,16608.19515669216,4.378397900948138,4.220322439430439,-0.1580754615176989,0.1580754615176989,0.694903563041513
random_5fold_cv,A3_physics_plus_activity_and_arrhenius,2,R031,30,,peroxidase,Vmax (nM s⁻¹),174.0,166.55948529272194,2.2405492482826,2.221569370098281,-0.0189798781843189,0.0189798781843189,0.9572384212225399
random_5fold_cv,A3_physics_plus_activity_and_arrhenius,2,R032,31,,catalase,Km (mM),16.11,7.463637422073405,1.207095540419218,0.872950533549604,-0.3341450068696141,0.3341450068696141,0.46329220497041623
random_5fold_cv,A3_physics_plus_activity_and_arrhenius,2,R032,31,,catalase,Kcat (s⁻¹),0.00046,6.575787559616563,-3.337242168318426,0.8179477742435864,4.1551899425620125,4.1551899425620125,14295.190346992527
random_5fold_cv,A3_physics_plus_activity_and_arrhenius,2,R032,31,,catalase,Vmax (nM s⁻¹),91.0,241.871634407715,1.9590413923210936,2.3835849392898,0.42454354696870644,0.42454354696870644,2.6579300484364285
random_5fold_cv,A3_physics_plus_activity_and_arrhenius,2,R035,34,,peroxidase,Km (mM),0.3,1.124222294679563,-0.5228787452803376,0.050852193623972884,0.5737309389043105,0.5737309389043105,3.747407648931877
random_5fold_cv,A3_physics_plus_activity_and_arrhenius,2,R035,34,,peroxidase,Kcat (s⁻¹),0.000183,2.405552860103877,-3.7375489102695707,0.3812149046180033,4.118763814887574,4.118763814887574,13145.09759619605
random_5fold_cv,A3_physics_plus_activity_and_arrhenius,2,R035,34,,peroxidase,Vmax (nM s⁻¹),84.3,105.46886414308578,1.9258275746247424,2.0231242688601556,0.0972966942354132,0.0972966942354132,1.2511134536546356
random_5fold_cv,A3_physics_plus_activity_and_arrhenius,2,R036,35,,catalase,Km (mM),0.17,0.2210357539198406,-0.769551078621726,-0.6555374707756514,0.11401360784607462,0.11401360784607462,1.3002103171755328
random_5fold_cv,A3_physics_plus_activity_and_arrhenius,2,R036,35,,catalase,Kcat (s⁻¹),366.6,81.59288689535265,2.564192460626198,1.9116522994799887,-0.6525401611462092,0.6525401611462092,0.22256652180947256
random_5fold_cv,A3_physics_plus_activity_and_arrhenius,2,R036,35,,catalase,Vmax (nM s⁻¹),15.99,22.293924069974143,1.2038484637462348,1.348186517647794,0.1443380539015593,0.1443380539015593,1.394241655408014
random_5fold_cv,A3_physics_plus_activity_and_arrhenius,2,R040,39,,unknown,Km (mM),3.43,2.0451941956848727,0.5352941200427705,0.3107345515170419,-0.22455956852572867,0.22455956852572867,0.5962665293541902
random_5fold_cv,A3_physics_plus_activity_and_arrhenius,2,R040,39,,unknown,Kcat (s⁻¹),0.00511,0.005101073928380193,-2.291579099865287,-2.292338382319643,-0.0007592824543558585,0.0007592824543558585,0.9982532149472002
random_5fold_cv,A3_physics_plus_activity_and_arrhenius,2,R040,39,,unknown,Vmax (nM s⁻¹),362000.0,68072.38442387828,5.558708570533166,4.832970963238597,-0.7257376072945689,0.7257376072945689,0.18804526083944276
random_5fold_cv,A3_physics_plus_activity_and_arrhenius,2,R041,40,,peroxidase,Km (mM),3.759,0.24422352753097368,0.5750723257138124,-0.6122125001590155,-1.187284825872828,1.187284825872828,0.06497034517982807
random_5fold_cv,A3_physics_plus_activity_and_arrhenius,2,R041,40,,peroxidase,Kcat (s⁻¹),560.0,9390.647161606947,2.7481880270062002,3.9726955229402234,1.2245074959340232,1.2245074959340232,16.769012788583833
random_5fold_cv,A3_physics_plus_activity_and_arrhenius,2,R041,40,,peroxidase,Vmax (nM s⁻¹),14.11,146.67317127564513,1.1495270137543478,2.1663506821288854,1.0168236683745375,1.0168236683745375,10.394980246324957
random_5fold_cv,A3_physics_plus_activity_and_arrhenius,2,R043,42,,peroxidase,Km (mM),0.148,0.3850683824047133,-0.8297382846050426,-0.41446213941643406,0.41527614518860856,0.41527614518860856,2.6018133946264412
random_5fold_cv,A3_physics_plus_activity_and_arrhenius,2,R043,42,,peroxidase,Kcat (s⁻¹),0.708,0.7981759732560965,-0.149966742310231,-0.0979013495153463,0.05206539279488469,0.05206539279488469,1.127367193864543
random_5fold_cv,A3_physics_plus_activity_and_arrhenius,2,R043,42,,peroxidase,Vmax (nM s⁻¹),758.0,150.24686165564128,2.8796692056320534,2.17680540926132,-0.7028637963707336,0.7028637963707336,0.19821485706548983
random_5fold_cv,A3_physics_plus_activity_and_arrhenius,2,R045,44,,catalase,Km (mM),0.13,0.2210357539198406,-0.8860566476931632,-0.6555374707756514,0.23051917691751178,0.23051917691751178,1.70027503015262
random_5fold_cv,A3_physics_plus_activity_and_arrhenius,2,R045,44,,catalase,Kcat (s⁻¹),916.6,81.59288689535265,2.962179852908768,1.9116522994799887,-1.0505275534287792,1.0505275534287792,0.08901689602373189
random_5fold_cv,A3_physics_plus_activity_and_arrhenius,2,R045,44,,catalase,Vmax (nM s⁻¹),39.9,22.293924069974143,1.6009728956867482,1.348186517647794,-0.2527863780389541,0.2527863780389541,0.5587449641597529
random_5fold_cv,A3_physics_plus_activity_and_arrhenius,2,R046,45,,peroxidase,Km (mM),0.217,0.47728868140907466,-0.6635402661514705,-0.3212188645230636,0.34232140162840696,0.34232140162840696,2.1994870111017266
random_5fold_cv,A3_physics_plus_activity_and_arrhenius,2,R046,45,,peroxidase,Kcat (s⁻¹),0.0005642,1.3637701215375555,-3.2485669181806527,0.13474117137514127,3.383308089555794,3.383308089555794,2417.1749761388787
random_5fold_cv,A3_physics_plus_activity_and_arrhenius,2,R046,45,,peroxidase,Vmax (nM s⁻¹),82.0,90.7009198929475,1.9138138523837167,1.9576116917172632,0.04379783933354653,0.04379783933354653,1.1061087791822866
random_5fold_cv,A3_physics_plus_activity_and_arrhenius,2,R055,54,,catalase,Km (mM),20.0,13.473949906331615,1.3010299956639813,1.129494928392628,-0.17153506727135315,0.17153506727135315,0.6736974953165807
random_5fold_cv,A3_physics_plus_activity_and_arrhenius,2,R055,54,,catalase,Kcat (s⁻¹),1400000.0,47.51922096044891,6.146128035678238,1.676869312121463,-4.469258723556775,4.469258723556775,3.394230068603494e-05
random_5fold_cv,A3_physics_plus_activity_and_arrhenius,2,R055,54,,catalase,Vmax (nM s⁻¹),11300000000.0,1620.41211978105,10.05307844348342,3.209625482804779,-6.843452960678641,6.843452960678641,1.4339930263549116e-07
random_5fold_cv,A3_physics_plus_activity_and_arrhenius,2,R066,65,,catalase,Km (mM),153.6,15.185794416041137,2.186391215695493,1.1814375161409194,-1.0049536995545736,1.0049536995545736,0.09886584906276782
random_5fold_cv,A3_physics_plus_activity_and_arrhenius,2,R066,65,,catalase,Kcat (s⁻¹),0.000840192,498.0776003330706,-3.075621457971076,2.69729701097453,5.772918468945607,5.772918468945607,592814.0238577261
random_5fold_cv,A3_physics_plus_activity_and_arrhenius,2,R066,65,,catalase,Vmax (nM s⁻¹),122.0,90.86320064228829,2.0863598306747484,1.9583880307044759,-0.12797179997027253,0.12797179997027253,0.7447803331335106
random_5fold_cv,A3_physics_plus_activity_and_arrhenius,2,R073,72,,peroxidase,Km (mM),0.198,0.5957976995815839,-0.7033348097384688,-0.2249011779604396,0.4784336317780292,0.4784336317780292,3.0090792908160804
random_5fold_cv,A3_physics_plus_activity_and_arrhenius,2,R073,72,,peroxidase,Kcat (s⁻¹),387.0,0.2811198161161405,2.5877109650189114,-0.5511085399259417,-3.138819504944853,3.138819504944853,0.0007264077935817585
random_5fold_cv,A3_physics_plus_activity_and_arrhenius,2,R073,72,,peroxidase,Vmax (nM s⁻¹),67.8,110.51050920405797,1.8312296938670634,2.043403580032979,0.2121738861659157,0.2121738861659157,1.6299485133341884
random_5fold_cv,M1_raw_independent,3,R004,3,,catalase,Km (mM),11.63,2.534783020797342,1.0655797147284485,0.4039407893484527,-0.6616389253799958,0.6616389253799958,0.21795210840905777
random_5fold_cv,M1_raw_independent,3,R004,3,,catalase,Kcat (s⁻¹),1100.0,50400.320738602684,3.041392685158225,4.702433300226518,1.6610406150682935,1.6610406150682935,45.818473398729715
random_5fold_cv,M1_raw_independent,3,R004,3,,catalase,Vmax (nM s⁻¹),27.58,96.67478178882946,1.4405942618398309,1.9853132004708418,0.544718938631011,0.544718938631011,3.5052495209872903
random_5fold_cv,M1_raw_independent,3,R007,6,,peroxidase,Km (mM),6.22,0.9946546184983076,0.7937903846908186,-0.002327696459974999,-0.7961180811507936,0.7961180811507936,0.15991231808654463
random_5fold_cv,M1_raw_independent,3,R007,6,,peroxidase,Kcat (s⁻¹),1.8256,6.2890565677452726,0.2614056270741394,0.7985855010648714,0.537179873990732,0.537179873990732,3.4449258149349653
random_5fold_cv,M1_raw_independent,3,R007,6,,peroxidase,Vmax (nM s⁻¹),157.0,81.01650669592023,2.1958996524092336,1.9085735131577033,-0.2873261392515303,0.2873261392515303,0.5160287050695556
random_5fold_cv,M1_raw_independent,3,R008,7,,catalase,Km (mM),2.5118,1.055917641230153,0.3999850561024504,0.023630045703335573,-0.3763550103991148,0.3763550103991148,0.42038284944269166
random_5fold_cv,M1_raw_independent,3,R008,7,,catalase,Kcat (s⁻¹),1532.198,19.613734347977612,3.1853148911132174,1.2925602888395744,-1.892754602273643,1.892754602273643,0.012801044217508188
random_5fold_cv,M1_raw_independent,3,R008,7,,catalase,Vmax (nM s⁻¹),264.4,268.28805458822546,2.4222614508136027,2.428601336324906,0.006339885511303489,0.006339885511303489,1.0147051988964655
random_5fold_cv,M1_raw_independent,3,R009,8,,catalase,Km (mM),37.99,1.6795448096606156,1.5796692935547203,0.22519159515519913,-1.3544776983995213,1.3544776983995213,0.04421018188103752
random_5fold_cv,M1_raw_independent,3,R009,8,,catalase,Kcat (s⁻¹),539000.0,3.4524012496132146,5.731588765186738,0.538121265132953,-5.193467500053785,5.193467500053785,6.405197123586669e-06
random_5fold_cv,M1_raw_independent,3,R009,8,,catalase,Vmax (nM s⁻¹),5.28,56.53215741752443,0.7226339225338123,1.752295559609198,1.0296616370753857,1.0296616370753857,10.706847995743264
random_5fold_cv,M1_raw_independent,3,R014,13,,catalase,Km (mM),154.0,0.25685242895021937,2.187520720836463,-0.5903163229718056,-2.777837043808269,2.777837043808269,0.0016678729152611647
random_5fold_cv,M1_raw_independent,3,R014,13,,catalase,Kcat (s⁻¹),85800.0,31.73173698376464,4.933487287848705,1.501493845873403,-3.431993441975302,3.431993441975302,0.0003698337643795413
random_5fold_cv,M1_raw_independent,3,R014,13,,catalase,Vmax (nM s⁻¹),97.8,169.66288600683026,1.9903388547876015,2.2295868501829204,0.23924799539531882,0.23924799539531882,1.7347943354481623
random_5fold_cv,M1_raw_independent,3,R018,17,,peroxidase,Km (mM),0.52,26.810261636491585,-0.28399665636520083,1.4283010522048163,1.712297708570017,1.712297708570017,51.55819545479151
random_5fold_cv,M1_raw_independent,3,R018,17,,peroxidase,Kcat (s⁻¹),820000.0,118477.56573983758,5.913813852383717,5.073636122516726,-0.8401777298669906,0.8401777298669906,0.1444848362680946
random_5fold_cv,M1_raw_independent,3,R018,17,,peroxidase,Vmax (nM s⁻¹),22000.0,6964.810334957583,4.342422680822207,3.8429092942556213,-0.4995133865665853,0.4995133865665853,0.3165822879526174
random_5fold_cv,M1_raw_independent,3,R020,19,,unknown,Km (mM),3.18,0.7061399105223979,0.5024271199844327,-0.15110924179821605,-0.6535363617826487,0.6535363617826487,0.22205657563597417
random_5fold_cv,M1_raw_independent,3,R020,19,,unknown,Kcat (s⁻¹),0.00033,0.0733191984614564,-3.4814860601221125,-1.13478229146854,2.3467037686535726,2.3467037686535726,222.17938927714061
random_5fold_cv,M1_raw_independent,3,R020,19,,unknown,Vmax (nM s⁻¹),868000.0,1679.0344455179945,5.938519725176492,3.2250596058134167,-2.713460119363075,2.713460119363075,0.0019343714810115145
random_5fold_cv,M1_raw_independent,3,R025,24,,catalase,Km (mM),16.11,2.224611845455029,1.207095540419218,0.3472542453921619,-0.8598412950270562,0.8598412950270562,0.13808887929578081
random_5fold_cv,M1_raw_independent,3,R025,24,,catalase,Kcat (s⁻¹),0.00046,0.6029287998037676,-3.337242168318426,-0.2197339709080272,3.117508197410399,3.117508197410399,1310.7147821821034
random_5fold_cv,M1_raw_independent,3,R025,24,,catalase,Vmax (nM s⁻¹),91.0,263.4098377006089,1.9590413923210936,2.4206319907446154,0.4615905984235218,0.4615905984235218,2.894613601105592
random_5fold_cv,M1_raw_independent,3,R026,25,,catalase,Km (mM),214.0,2.234106165909852,2.330413773349191,0.34910380717407397,-1.981309966175117,1.981309966175117,0.010439748438831083
random_5fold_cv,M1_raw_independent,3,R026,25,,catalase,Kcat (s⁻¹),60500.0,30695.72523767724,4.781755374652469,4.48707789876862,-0.29467747588384885,0.29467747588384885,0.5073673593004503
random_5fold_cv,M1_raw_independent,3,R026,25,,catalase,Vmax (nM s⁻¹),506.0,309.2931405190358,2.7041505168397992,2.4903702883582852,-0.213780228481514,0.213780228481514,0.6112512658478968
random_5fold_cv,M1_raw_independent,3,R037,36,,peroxidase,Km (mM),0.0213,2.234106165909852,-1.6716203965612624,0.34910380717407397,2.0207242037353366,2.0207242037353366,104.88761342299775
random_5fold_cv,M1_raw_independent,3,R037,36,,peroxidase,Kcat (s⁻¹),16500.0,30695.72523767724,4.217483944213907,4.48707789876862,0.269593954554713,0.269593954554713,1.860346984101651
random_5fold_cv,M1_raw_independent,3,R037,36,,peroxidase,Vmax (nM s⁻¹),138.0,309.2931405190358,2.1398790864012365,2.4903702883582852,0.35049120195704875,0.35049120195704875,2.2412546414422883
random_5fold_cv,M1_raw_independent,3,R039,38,,peroxidase,Km (mM),0.24,1.055917641230153,-0.619788758288394,0.023630045703335573,0.6434188039917296,0.6434188039917296,4.399656838458971
random_5fold_cv,M1_raw_independent,3,R039,38,,peroxidase,Kcat (s⁻¹),2.64e-05,19.613734347977612,-4.578396073130169,1.2925602888395744,5.870956361969744,5.870956361969744,742944.4828779398
random_5fold_cv,M1_raw_independent,3,R039,38,,peroxidase,Vmax (nM s⁻¹),4.0,268.28805458822546,0.6020599913279624,2.428601336324906,1.8265413449969436,1.8265413449969436,67.07201364705637
random_5fold_cv,M1_raw_independent,3,R048,47,,catalase,Km (mM),1110.0,0.2413715896614735,3.0453229787866576,-0.6173138493147409,-3.6626368281013986,3.6626368281013986,0.00021745188257790406
random_5fold_cv,M1_raw_independent,3,R048,47,,catalase,Kcat (s⁻¹),3.68,7.228256583566058,0.5658478186735176,0.8590335604424472,0.29318574176892953,0.29318574176892953,1.964200158577733
random_5fold_cv,M1_raw_independent,3,R048,47,,catalase,Vmax (nM s⁻¹),593.0,192.0419118841153,2.7730546933642626,2.283396020961928,-0.4896586724023346,0.4896586724023346,0.3238480807489297
random_5fold_cv,M1_raw_independent,3,R050,49,,catalase,Km (mM),154.0,0.25685242895021937,2.187520720836463,-0.5903163229718056,-2.777837043808269,2.777837043808269,0.0016678729152611647
random_5fold_cv,M1_raw_independent,3,R050,49,,catalase,Kcat (s⁻¹),85800.0,31.73173698376464,4.933487287848705,1.501493845873403,-3.431993441975302,3.431993441975302,0.0003698337643795413
random_5fold_cv,M1_raw_independent,3,R050,49,,catalase,Vmax (nM s⁻¹),97.8,169.66288600683026,1.9903388547876015,2.2295868501829204,0.23924799539531882,0.23924799539531882,1.7347943354481623
random_5fold_cv,M1_raw_independent,3,R056,55,,catalase,Km (mM),0.27,1.2165987604451693,-0.5686362358410126,0.08514736963792109,0.6537836054789338,0.6537836054789338,4.505921334982109
random_5fold_cv,M1_raw_independent,3,R056,55,,catalase,Kcat (s⁻¹),440.0,81.99865882111959,2.6434526764861874,1.9138067490745652,-0.7296459274116223,0.7296459274116223,0.18636058822981724
random_5fold_cv,M1_raw_independent,3,R056,55,,catalase,Vmax (nM s⁻¹),1500.0,616.2324044010354,3.1760912590556813,2.7897445318298977,-0.38634672722578367,0.38634672722578367,0.4108216029340236
random_5fold_cv,M1_raw_independent,3,R069,68,,catalase,Km (mM),10.35,2.280687998173894,1.0149403497929366,0.3580658771489173,-0.6568744726440192,0.6568744726440192,0.22035632832598012
random_5fold_cv,M1_raw_independent,3,R069,68,,catalase,Kcat (s⁻¹),3000.0,0.043285885002385685,3.4771212547196626,-1.363653698679823,-4.840774953399485,4.840774953399485,1.4428628334128561e-05
random_5fold_cv,M1_raw_independent,3,R069,68,,catalase,Vmax (nM s⁻¹),0.689,157.10756472833822,-0.1617807780923742,2.1961970968202347,2.357977874912609,2.357977874912609,228.0225903168915
random_5fold_cv,M1_raw_independent,3,R083,82,,peroxidase,Km (mM),0.434,5.920193643549835,-0.3625102704874893,0.7723359122887558,1.134846182776245,1.134846182776245,13.640999178686256
random_5fold_cv,M1_raw_independent,3,R083,82,,peroxidase,Kcat (s⁻¹),4000.0,1271.9600330020987,3.6020599913279625,3.104473465306622,-0.49758652602134035,0.49758652602134035,0.3179900082505247
random_5fold_cv,M1_raw_independent,3,R083,82,,peroxidase,Vmax (nM s⁻¹),100.0,2844.6670749539594,2.0,3.4540314461367356,1.4540314461367356,1.4540314461367356,28.446670749539592
random_5fold_cv,M1_raw_independent,3,R084,83,,catalase,Km (mM),0.14,0.3107868082242754,-0.8538719643217619,-0.5075374237095792,0.3463345406121827,0.3463345406121827,2.2199057730305385
random_5fold_cv,M1_raw_independent,3,R084,83,,catalase,Kcat (s⁻¹),266.6,11.963076933876396,2.4258601450778405,1.0778428956674149,-1.3480172494104257,1.3480172494104257,0.044872756691209284
random_5fold_cv,M1_raw_independent,3,R084,83,,catalase,Vmax (nM s⁻¹),11.6,108.77218676355282,1.0644579892269184,2.036517859706746,0.9720598704798278,0.9720598704798278,9.376912652030416
random_5fold_cv,M2_raw_chain,3,R004,3,,catalase,Km (mM),11.63,2.534783020797342,1.0655797147284485,0.4039407893484527,-0.6616389253799958,0.6616389253799958,0.21795210840905777
random_5fold_cv,M2_raw_chain,3,R004,3,,catalase,Kcat (s⁻¹),1100.0,4425.000224616521,3.041392685158225,3.645913297078977,0.6045206119207522,0.6045206119207522,4.022727476924111
random_5fold_cv,M2_raw_chain,3,R004,3,,catalase,Vmax (nM s⁻¹),27.58,214.25035127925713,1.4405942618398309,2.3309215426536625,0.8903272808138316,0.8903272808138316,7.76832310657205
random_5fold_cv,M2_raw_chain,3,R007,6,,peroxidase,Km (mM),6.22,0.9946546184983076,0.7937903846908186,-0.002327696459974999,-0.7961180811507936,0.7961180811507936,0.15991231808654463
random_5fold_cv,M2_raw_chain,3,R007,6,,peroxidase,Kcat (s⁻¹),1.8256,2.950507466333893,0.2614056270741394,0.46989671796959753,0.20849109089545814,0.20849109089545814,1.6161850713923602
random_5fold_cv,M2_raw_chain,3,R007,6,,peroxidase,Vmax (nM s⁻¹),157.0,120.08583152605874,2.1958996524092336,2.07949176965905,-0.11640788275018377,0.11640788275018377,0.7648779078092913
random_5fold_cv,M2_raw_chain,3,R008,7,,catalase,Km (mM),2.5118,1.055917641230153,0.3999850561024504,0.023630045703335573,-0.3763550103991148,0.3763550103991148,0.42038284944269166
random_5fold_cv,M2_raw_chain,3,R008,7,,catalase,Kcat (s⁻¹),1532.198,2.588238018438761,3.1853148911132174,0.41300421223675593,-2.7723106788764613,2.7723106788764613,0.0016892320825629328
random_5fold_cv,M2_raw_chain,3,R008,7,,catalase,Vmax (nM s⁻¹),264.4,260.4807477628041,2.4222614508136027,2.415775629941269,-0.006485820872333736,0.006485820872333736,0.9851768069697585
random_5fold_cv,M2_raw_chain,3,R009,8,,catalase,Km (mM),37.99,1.6795448096606156,1.5796692935547203,0.22519159515519913,-1.3544776983995213,1.3544776983995213,0.04421018188103752
random_5fold_cv,M2_raw_chain,3,R009,8,,catalase,Kcat (s⁻¹),539000.0,1.499704186017751,5.731588765186738,0.1760056036892782,-5.55558316149746,5.55558316149746,2.782382534355753e-06
random_5fold_cv,M2_raw_chain,3,R009,8,,catalase,Vmax (nM s⁻¹),5.28,97.14129678369481,0.7226339225338123,1.98740389677181,1.2647699742379976,1.2647699742379976,18.397972875699775
random_5fold_cv,M2_raw_chain,3,R014,13,,catalase,Km (mM),154.0,0.25685242895021937,2.187520720836463,-0.5903163229718056,-2.777837043808269,2.777837043808269,0.0016678729152611647
random_5fold_cv,M2_raw_chain,3,R014,13,,catalase,Kcat (s⁻¹),85800.0,30.674336102953273,4.933487287848705,1.4867751718898614,-3.446712115958844,3.446712115958844,0.00035750974478966516
random_5fold_cv,M2_raw_chain,3,R014,13,,catalase,Vmax (nM s⁻¹),97.8,180.76687688605477,1.9903388547876015,2.257118854770562,0.26677999998296054,0.26677999998296054,1.8483320744995375
random_5fold_cv,M2_raw_chain,3,R018,17,,peroxidase,Km (mM),0.52,26.810261636491585,-0.28399665636520083,1.4283010522048163,1.712297708570017,1.712297708570017,51.55819545479151
random_5fold_cv,M2_raw_chain,3,R018,17,,peroxidase,Kcat (s⁻¹),820000.0,1769.3038665909492,5.913813852383717,3.2478024266071466,-2.66601142577657,2.66601142577657,0.0021576876421840843
random_5fold_cv,M2_raw_chain,3,R018,17,,peroxidase,Vmax (nM s⁻¹),22000.0,4683.497113253825,4.342422680822207,3.670570256882012,-0.6718524239401944,0.6718524239401944,0.2128862324206284
random_5fold_cv,M2_raw_chain,3,R020,19,,unknown,Km (mM),3.18,0.7061399105223979,0.5024271199844327,-0.15110924179821605,-0.6535363617826487,0.6535363617826487,0.22205657563597417
random_5fold_cv,M2_raw_chain,3,R020,19,,unknown,Kcat (s⁻¹),0.00033,0.07770058581876148,-3.4814860601221125,-1.1095757068503544,2.3719103532717583,2.3719103532717583,235.45632066291358
random_5fold_cv,M2_raw_chain,3,R020,19,,unknown,Vmax (nM s⁻¹),868000.0,1105.6852124628458,5.938519725176492,3.0436315013365047,-2.894888223839987,2.894888223839987,0.0012738308899341542
random_5fold_cv,M2_raw_chain,3,R025,24,,catalase,Km (mM),16.11,2.22461184545503,1.207095540419218,0.34725424539216204,-0.859841295027056,0.859841295027056,0.13808887929578087
random_5fold_cv,M2_raw_chain,3,R025,24,,catalase,Kcat (s⁻¹),0.00046,1.620022506317317,-3.337242168318426,0.20952104806208943,3.5467632163805156,3.5467632163805156,3521.7880572115587
random_5fold_cv,M2_raw_chain,3,R025,24,,catalase,Vmax (nM s⁻¹),91.0,316.4713234146976,1.9590413923210936,2.500334363178038,0.5412929708569443,0.5412929708569443,3.477706850710963
random_5fold_cv,M2_raw_chain,3,R026,25,,catalase,Km (mM),214.0,2.234106165909852,2.330413773349191,0.34910380717407397,-1.981309966175117,1.981309966175117,0.010439748438831083
random_5fold_cv,M2_raw_chain,3,R026,25,,catalase,Kcat (s⁻¹),60500.0,5174.421251711123,4.781755374652469,3.7138617819078776,-1.067893592744591,1.067893592744591,0.08552762399522516
random_5fold_cv,M2_raw_chain,3,R026,25,,catalase,Vmax (nM s⁻¹),506.0,287.0261803902198,2.7041505168397992,2.4579215116484434,-0.24622900519135582,0.24622900519135582,0.5672454157909482
random_5fold_cv,M2_raw_chain,3,R037,36,,peroxidase,Km (mM),0.0213,2.234106165909852,-1.6716203965612624,0.34910380717407397,2.0207242037353366,2.0207242037353366,104.88761342299775
random_5fold_cv,M2_raw_chain,3,R037,36,,peroxidase,Kcat (s⁻¹),16500.0,5174.421251711123,4.217483944213907,3.7138617819078776,-0.5036221623060291,0.5036221623060291,0.31360128798249226
random_5fold_cv,M2_raw_chain,3,R037,36,,peroxidase,Vmax (nM s⁻¹),138.0,287.0261803902198,2.1398790864012365,2.4579215116484434,0.31804242524720694,0.31804242524720694,2.0798998579001435
random_5fold_cv,M2_raw_chain,3,R039,38,,peroxidase,Km (mM),0.24,1.055917641230153,-0.619788758288394,0.023630045703335573,0.6434188039917296,0.6434188039917296,4.399656838458971
random_5fold_cv,M2_raw_chain,3,R039,38,,peroxidase,Kcat (s⁻¹),2.64e-05,2.588238018438761,-4.578396073130169,0.41300421223675593,4.991400285366925,4.991400285366925,98039.31888025609
random_5fold_cv,M2_raw_chain,3,R039,38,,peroxidase,Vmax (nM s⁻¹),4.0,260.4807477628041,0.6020599913279624,2.415775629941269,1.8137156386133064,1.8137156386133064,65.12018694070103
random_5fold_cv,M2_raw_chain,3,R048,47,,catalase,Km (mM),1110.0,0.2413715896614735,3.0453229787866576,-0.6173138493147409,-3.6626368281013986,3.6626368281013986,0.00021745188257790406
random_5fold_cv,M2_raw_chain,3,R048,47,,catalase,Kcat (s⁻¹),3.68,5.770352352309926,0.5658478186735176,0.7612023330849784,0.1953545144114608,0.1953545144114608,1.5680305305190017
random_5fold_cv,M2_raw_chain,3,R048,47,,catalase,Vmax (nM s⁻¹),593.0,215.41215034978595,2.7730546933642626,2.333270196088436,-0.4397844972758267,0.4397844972758267,0.3632582636589982
random_5fold_cv,M2_raw_chain,3,R050,49,,catalase,Km (mM),154.0,0.25685242895021937,2.187520720836463,-0.5903163229718056,-2.777837043808269,2.777837043808269,0.0016678729152611647
random_5fold_cv,M2_raw_chain,3,R050,49,,catalase,Kcat (s⁻¹),85800.0,30.674336102953273,4.933487287848705,1.4867751718898614,-3.446712115958844,3.446712115958844,0.00035750974478966516
random_5fold_cv,M2_raw_chain,3,R050,49,,catalase,Vmax (nM s⁻¹),97.8,180.76687688605477,1.9903388547876015,2.257118854770562,0.26677999998296054,0.26677999998296054,1.8483320744995375
random_5fold_cv,M2_raw_chain,3,R056,55,,catalase,Km (mM),0.27,1.2165987604451693,-0.5686362358410126,0.08514736963792109,0.6537836054789338,0.6537836054789338,4.505921334982109
random_5fold_cv,M2_raw_chain,3,R056,55,,catalase,Kcat (s⁻¹),440.0,8.032988921410976,2.6434526764861874,0.9048771680124027,-1.7385755084737848,1.7385755084737848,0.01825679300320676
random_5fold_cv,M2_raw_chain,3,R056,55,,catalase,Vmax (nM s⁻¹),1500.0,327.40056637552175,3.1760912590556813,2.5150794263696032,-0.6610118326860781,0.6610118326860781,0.21826704425034782
random_5fold_cv,M2_raw_chain,3,R069,68,,catalase,Km (mM),10.35,2.280687998173894,1.0149403497929366,0.3580658771489173,-0.6568744726440192,0.6568744726440192,0.22035632832598012
random_5fold_cv,M2_raw_chain,3,R069,68,,catalase,Kcat (s⁻¹),3000.0,0.3147825651407887,3.4771212547196626,-0.5019893299115618,-3.9791105846312242,3.9791105846312242,0.00010492752171359623
random_5fold_cv,M2_raw_chain,3,R069,68,,catalase,Vmax (nM s⁻¹),0.689,387.3193081372605,-0.1617807780923742,2.5880691474081203,2.7498499255004947,2.7498499255004947,562.1470364836873
random_5fold_cv,M2_raw_chain,3,R083,82,,peroxidase,Km (mM),0.434,5.920193643549835,-0.3625102704874893,0.7723359122887558,1.134846182776245,1.134846182776245,13.640999178686256
random_5fold_cv,M2_raw_chain,3,R083,82,,peroxidase,Kcat (s⁻¹),4000.0,682.6166232064738,3.6020599913279625,2.83417686009108,-0.7678831312368826,0.7678831312368826,0.17065415580161847
random_5fold_cv,M2_raw_chain,3,R083,82,,peroxidase,Vmax (nM s⁻¹),100.0,1126.5047363317956,2.0,3.0517330220327206,1.0517330220327206,1.0517330220327206,11.265047363317956
random_5fold_cv,M2_raw_chain,3,R084,83,,catalase,Km (mM),0.14,0.3107868082242754,-0.8538719643217619,-0.5075374237095792,0.3463345406121827,0.3463345406121827,2.2199057730305385
random_5fold_cv,M2_raw_chain,3,R084,83,,catalase,Kcat (s⁻¹),266.6,2.8974004724928895,2.4258601450778405,0.46200852660646463,-1.963851618471376,1.963851618471376,0.010867968764039344
random_5fold_cv,M2_raw_chain,3,R084,83,,catalase,Vmax (nM s⁻¹),11.6,123.6043165041393,1.0644579892269184,2.092033637429136,1.0275756482022176,1.0275756482022176,10.655544526218906
random_5fold_cv,M3_physics_independent,3,R004,3,,catalase,Km (mM),11.63,13.013195659888963,1.0655797147284485,1.1143839596694483,0.048804244940999775,0.048804244940999775,1.1189334187350783
random_5fold_cv,M3_physics_independent,3,R004,3,,catalase,Kcat (s⁻¹),1100.0,95075.38727772293,3.041392685158225,4.978068103131587,1.9366754179733623,1.9366754179733623,86.43217025247539
random_5fold_cv,M3_physics_independent,3,R004,3,,catalase,Vmax (nM s⁻¹),27.58,265.9076742042022,1.4405942618398309,2.42473087142876,0.9841366095889292,0.9841366095889292,9.64132248746201
random_5fold_cv,M3_physics_independent,3,R007,6,,peroxidase,Km (mM),6.22,0.430914357756051,0.7937903846908186,-0.36560903529120237,-1.159399419982021,1.159399419982021,0.06927883565209823
random_5fold_cv,M3_physics_independent,3,R007,6,,peroxidase,Kcat (s⁻¹),1.8256,5.262420686143021,0.2614056270741394,0.7211855633178339,0.4597799362436945,0.4597799362436945,2.882570489780358
random_5fold_cv,M3_physics_independent,3,R007,6,,peroxidase,Vmax (nM s⁻¹),157.0,116.99501311688022,2.1958996524092336,2.0681673504472045,-0.12773230196202912,0.12773230196202912,0.7451911663495555
random_5fold_cv,M3_physics_independent,3,R008,7,,catalase,Km (mM),2.5118,9.416644593038406,0.3999850561024504,0.9738961794039876,0.5739111233015373,0.5739111233015373,3.748962733115059
random_5fold_cv,M3_physics_independent,3,R008,7,,catalase,Kcat (s⁻¹),1532.198,7.1252779224302465,3.1853148911132174,0.8528018087260018,-2.3325130823872158,2.3325130823872158,0.004650363675210545
random_5fold_cv,M3_physics_independent,3,R008,7,,catalase,Vmax (nM s⁻¹),264.4,384.9551223712486,2.4222614508136027,2.585410102904473,0.16314865209087026,0.16314865209087026,1.4559573463360387
random_5fold_cv,M3_physics_independent,3,R009,8,,catalase,Km (mM),37.99,18.875998736023703,1.5796692935547203,1.2759099395896472,-0.30375935396507314,0.30375935396507314,0.4968675634646934
random_5fold_cv,M3_physics_independent,3,R009,8,,catalase,Kcat (s⁻¹),539000.0,1.2062292323162547,5.731588765186738,0.081429849155501,-5.650158916031238,5.650158916031238,2.2379021007722723e-06
random_5fold_cv,M3_physics_independent,3,R009,8,,catalase,Vmax (nM s⁻¹),5.28,63.417544742924505,0.7226339225338123,1.802209423984973,1.0795755014511608,1.0795755014511608,12.010898625553883
random_5fold_cv,M3_physics_independent,3,R014,13,,catalase,Km (mM),154.0,3.302453976181555,2.187520720836463,0.5188367738930253,-1.6686839469434378,1.6686839469434378,0.021444506338841266
random_5fold_cv,M3_physics_independent,3,R014,13,,catalase,Kcat (s⁻¹),85800.0,376.78264011905225,4.933487287848705,2.5760908849006108,-2.3573964029480945,2.3573964029480945,0.004391406061993616
random_5fold_cv,M3_physics_independent,3,R014,13,,catalase,Vmax (nM s⁻¹),97.8,320.3208013855963,1.9903388547876015,2.50558514232803,0.5152462875404287,0.5152462875404287,3.275263817848633
random_5fold_cv,M3_physics_independent,3,R018,17,,peroxidase,Km (mM),0.52,2.4930315728388366,-0.28399665636520083,0.39672777863327907,0.6807244349984799,0.6807244349984799,4.7942914862285315
random_5fold_cv,M3_physics_independent,3,R018,17,,peroxidase,Kcat (s⁻¹),820000.0,18881.747070895533,5.913813852383717,4.27604217577488,-1.6377716766088364,1.6377716766088364,0.023026520818165284
random_5fold_cv,M3_physics_independent,3,R018,17,,peroxidase,Vmax (nM s⁻¹),22000.0,1127.8060251886427,4.342422680822207,3.0522344104324994,-1.2901882703897072,1.2901882703897072,0.05126391023584739
random_5fold_cv,M3_physics_independent,3,R020,19,,unknown,Km (mM),3.18,1.5548488633981274,0.5024271199844327,0.19168818051255926,-0.3107389394718734,0.3107389394718734,0.48894618345853064
random_5fold_cv,M3_physics_independent,3,R020,19,,unknown,Kcat (s⁻¹),0.00033,0.010123032805157358,-3.4814860601221125,-1.9946893557548881,1.4867967043672243,1.4867967043672243,30.67585698532533
random_5fold_cv,M3_physics_independent,3,R020,19,,unknown,Vmax (nM s⁻¹),868000.0,35204.33332034231,5.938519725176492,4.54659612431006,-1.3919236008664315,1.3919236008664315,0.040557987696246904
random_5fold_cv,M3_physics_independent,3,R025,24,,catalase,Km (mM),16.11,7.165387028374094,1.207095540419218,0.8552396531768676,-0.3518558872423505,0.3518558872423505,0.44477883478423924
random_5fold_cv,M3_physics_independent,3,R025,24,,catalase,Kcat (s⁻¹),0.00046,0.7206150988746296,-3.337242168318426,-0.14229664245042403,3.194945525868002,3.194945525868002,1566.554562770934
random_5fold_cv,M3_physics_independent,3,R025,24,,catalase,Vmax (nM s⁻¹),91.0,1673.0666404806648,1.9590413923210936,3.2235132398366475,1.2644718475155539,1.2644718475155539,18.385347697589722
random_5fold_cv,M3_physics_independent,3,R026,25,,catalase,Km (mM),214.0,204.78695391176072,2.330413773349191,2.311302286168041,-0.01911148718115019,0.01911148718115019,0.956948382765237
random_5fold_cv,M3_physics_independent,3,R026,25,,catalase,Kcat (s⁻¹),60500.0,88131.11409162769,4.781755374652469,4.945129260202546,0.1633738855500777,0.1633738855500777,1.456712629613681
random_5fold_cv,M3_physics_independent,3,R026,25,,catalase,Vmax (nM s⁻¹),506.0,619.7850677245362,2.7041505168397992,2.7922411087168233,0.08809059187702406,0.08809059187702406,1.2248716753449334
random_5fold_cv,M3_physics_independent,3,R037,36,,peroxidase,Km (mM),0.0213,0.027532185092187973,-1.6716203965612624,-1.5601593194522547,0.11146107710900766,0.11146107710900766,1.2925908493984963
random_5fold_cv,M3_physics_independent,3,R037,36,,peroxidase,Kcat (s⁻¹),16500.0,21065.506405950946,4.217483944213907,4.323571903845804,0.1060879596318971,0.1060879596318971,1.276697357936421
random_5fold_cv,M3_physics_independent,3,R037,36,,peroxidase,Vmax (nM s⁻¹),138.0,146.59992307285117,2.1398790864012365,2.1661337424125784,0.026254656011341915,0.026254656011341915,1.0623182831366027
random_5fold_cv,M3_physics_independent,3,R039,38,,peroxidase,Km (mM),0.24,0.47292128932038413,-0.619788758288394,-0.32521113507263666,0.2945776232157573,0.2945776232157573,1.9705053721682673
random_5fold_cv,M3_physics_independent,3,R039,38,,peroxidase,Kcat (s⁻¹),2.64e-05,4.700083625046338,-4.578396073130169,0.6721055850789266,5.250501658209096,5.250501658209096,178033.4706456946
random_5fold_cv,M3_physics_independent,3,R039,38,,peroxidase,Vmax (nM s⁻¹),4.0,182.01536861819002,0.6020599913279624,2.260108059547068,1.6580480682191054,1.6580480682191054,45.503842154547506
random_5fold_cv,M3_physics_independent,3,R048,47,,catalase,Km (mM),1110.0,3.2144099807045903,3.0453229787866576,0.5071012678854456,-2.5382217109012117,2.5382217109012117,0.002895864847481613
random_5fold_cv,M3_physics_independent,3,R048,47,,catalase,Kcat (s⁻¹),3.68,19.560101847492927,0.5658478186735176,1.291371111785377,0.7255232931118594,0.7255232931118594,5.315245067253512
random_5fold_cv,M3_physics_independent,3,R048,47,,catalase,Vmax (nM s⁻¹),593.0,2592.549544961372,2.7730546933642626,3.413727064732333,0.6406723713680704,0.6406723713680704,4.371921660980391
random_5fold_cv,M3_physics_independent,3,R050,49,,catalase,Km (mM),154.0,3.302453976181555,2.187520720836463,0.5188367738930253,-1.6686839469434378,1.6686839469434378,0.021444506338841266
random_5fold_cv,M3_physics_independent,3,R050,49,,catalase,Kcat (s⁻¹),85800.0,376.78264011905225,4.933487287848705,2.5760908849006108,-2.3573964029480945,2.3573964029480945,0.004391406061993616
random_5fold_cv,M3_physics_independent,3,R050,49,,catalase,Vmax (nM s⁻¹),97.8,320.3208013855963,1.9903388547876015,2.50558514232803,0.5152462875404287,0.5152462875404287,3.275263817848633
random_5fold_cv,M3_physics_independent,3,R056,55,,catalase,Km (mM),0.27,10.455482220956355,-0.5686362358410126,1.019344067863478,1.5879803037044906,1.5879803037044906,38.72400822576428
random_5fold_cv,M3_physics_independent,3,R056,55,,catalase,Kcat (s⁻¹),440.0,51.26226818741848,2.6434526764861874,1.7097978183813227,-0.9336548581048647,0.9336548581048647,0.11650515497140564
random_5fold_cv,M3_physics_independent,3,R056,55,,catalase,Vmax (nM s⁻¹),1500.0,1418.0119187201055,3.1760912590556813,3.1516798812085565,-0.024411377847124882,0.024411377847124882,0.945341279146737
random_5fold_cv,M3_physics_independent,3,R069,68,,catalase,Km (mM),10.35,14.263160210541905,1.0149403497929366,1.154215760434803,0.13927541064186633,0.13927541064186633,1.3780831121296526
random_5fold_cv,M3_physics_independent,3,R069,68,,catalase,Kcat (s⁻¹),3000.0,0.4425057806800264,3.4771212547196626,-0.35408105151748015,-3.8312023062371425,3.8312023062371425,0.00014750192689334213
random_5fold_cv,M3_physics_independent,3,R069,68,,catalase,Vmax (nM s⁻¹),0.689,279.0031638837576,-0.1617807780923742,2.4456091281820793,2.6073899062744537,2.6073899062744537,404.93927994739863
random_5fold_cv,M3_physics_independent,3,R083,82,,peroxidase,Km (mM),0.434,1.1231833030938374,-0.3625102704874893,0.05045063874218538,0.41296090922967466,0.41296090922967466,2.587979961045708
random_5fold_cv,M3_physics_independent,3,R083,82,,peroxidase,Kcat (s⁻¹),4000.0,983.0001078802934,3.6020599913279625,2.9925535654942044,-0.6095064258337581,0.6095064258337581,0.24575002697007334
random_5fold_cv,M3_physics_independent,3,R083,82,,peroxidase,Vmax (nM s⁻¹),100.0,274.5443875904438,2.0,2.4386125700143846,0.4386125700143846,0.4386125700143846,2.745443875904438
random_5fold_cv,M3_physics_independent,3,R084,83,,catalase,Km (mM),0.14,0.21240986585502014,-0.8538719643217619,-0.6728253153359216,0.18104664898584033,0.18104664898584033,1.517213327535858
random_5fold_cv,M3_physics_independent,3,R084,83,,catalase,Kcat (s⁻¹),266.6,69.02893506253776,2.4258601450778405,1.8390311734023437,-0.5868289716754969,0.5868289716754969,0.25892323729384004
random_5fold_cv,M3_physics_independent,3,R084,83,,catalase,Vmax (nM s⁻¹),11.6,42.70237018422123,1.0644579892269184,1.6304519810990454,0.5659939918721271,0.5659939918721271,3.681238808984589
random_5fold_cv,M4_full_physics_chain,3,R004,3,,catalase,Km (mM),11.63,13.01319565988895,1.0655797147284485,1.1143839596694478,0.04880424494099933,0.04880424494099933,1.1189334187350772
random_5fold_cv,M4_full_physics_chain,3,R004,3,,catalase,Kcat (s⁻¹),1100.0,47964.20815430963,3.041392685158225,4.680917279056122,1.6395245938978973,1.6395245938978973,43.60382559482694
random_5fold_cv,M4_full_physics_chain,3,R004,3,,catalase,Vmax (nM s⁻¹),27.58,304.10796269369433,1.4405942618398309,2.4830277917608976,1.0424335299210667,1.0424335299210667,11.026394586428367
random_5fold_cv,M4_full_physics_chain,3,R007,6,,peroxidase,Km (mM),6.22,0.430914357756051,0.7937903846908186,-0.36560903529120237,-1.159399419982021,1.159399419982021,0.06927883565209823
random_5fold_cv,M4_full_physics_chain,3,R007,6,,peroxidase,Kcat (s⁻¹),1.8256,4.511495780309192,0.2614056270741394,0.654320555499691,0.39291492842555165,0.39291492842555165,2.471240019888909
random_5fold_cv,M4_full_physics_chain,3,R007,6,,peroxidase,Vmax (nM s⁻¹),157.0,144.64048715821733,2.1958996524092336,2.1602898758647595,-0.03560977654447406,0.03560977654447406,0.9212769882689001
random_5fold_cv,M4_full_physics_chain,3,R008,7,,catalase,Km (mM),2.5118,9.416644593038406,0.3999850561024504,0.9738961794039876,0.5739111233015373,0.5739111233015373,3.748962733115059
random_5fold_cv,M4_full_physics_chain,3,R008,7,,catalase,Kcat (s⁻¹),1532.198,6.121387874712598,3.1853148911132174,0.7868498989421476,-2.39846499217107,2.39846499217107,0.003995167644594627
random_5fold_cv,M4_full_physics_chain,3,R008,7,,catalase,Vmax (nM s⁻¹),264.4,460.57536233906734,2.4222614508136027,2.6633007024376485,0.24103925162404582,0.24103925162404582,1.7419643053671232
random_5fold_cv,M4_full_physics_chain,3,R009,8,,catalase,Km (mM),37.99,18.875998736023725,1.5796692935547203,1.2759099395896476,-0.3037593539650727,0.3037593539650727,0.49686756346469396
random_5fold_cv,M4_full_physics_chain,3,R009,8,,catalase,Kcat (s⁻¹),539000.0,2.4506591331237955,5.731588765186738,0.3892829086008052,-5.342305856585933,5.342305856585933,4.546677426945817e-06
random_5fold_cv,M4_full_physics_chain,3,R009,8,,catalase,Vmax (nM s⁻¹),5.28,103.10563610191842,0.7226339225338123,2.0132824059339613,1.290648483400149,1.290648483400149,19.527582595060306
random_5fold_cv,M4_full_physics_chain,3,R014,13,,catalase,Km (mM),154.0,3.302453976181555,2.187520720836463,0.5188367738930253,-1.6686839469434378,1.6686839469434378,0.021444506338841266
random_5fold_cv,M4_full_physics_chain,3,R014,13,,catalase,Kcat (s⁻¹),85800.0,404.68833078608117,4.933487287848705,2.6071206816629315,-2.3263666061857737,2.3263666061857737,0.004716647211958988
random_5fold_cv,M4_full_physics_chain,3,R014,13,,catalase,Vmax (nM s⁻¹),97.8,243.63991584266472,1.9903388547876015,2.3867484408167723,0.39640958602917076,0.39640958602917076,2.4912056834628293
random_5fold_cv,M4_full_physics_chain,3,R018,17,,peroxidase,Km (mM),0.52,2.4930315728388366,-0.28399665636520083,0.39672777863327907,0.6807244349984799,0.6807244349984799,4.7942914862285315
random_5fold_cv,M4_full_physics_chain,3,R018,17,,peroxidase,Kcat (s⁻¹),820000.0,1415.9427750929935,5.913813852383717,3.1510457018258293,-2.7627681505578874,2.7627681505578874,0.0017267594818207237
random_5fold_cv,M4_full_physics_chain,3,R018,17,,peroxidase,Vmax (nM s⁻¹),22000.0,1094.6460158702273,4.342422680822207,3.0392737007208557,-1.303148980101351,1.303148980101351,0.04975663708501033
random_5fold_cv,M4_full_physics_chain,3,R020,19,,unknown,Km (mM),3.18,1.5548488633981274,0.5024271199844327,0.19168818051255926,-0.3107389394718734,0.3107389394718734,0.48894618345853064
random_5fold_cv,M4_full_physics_chain,3,R020,19,,unknown,Kcat (s⁻¹),0.00033,0.00941155569635163,-3.4814860601221125,-2.026338583321062,1.4551474768010504,1.4551474768010504,28.51986574652009
random_5fold_cv,M4_full_physics_chain,3,R020,19,,unknown,Vmax (nM s⁻¹),868000.0,27539.19575214534,5.938519725176492,4.439951253077569,-1.4985684720989223,1.4985684720989223,0.03172718404625039
random_5fold_cv,M4_full_physics_chain,3,R025,24,,catalase,Km (mM),16.11,7.165387028374094,1.207095540419218,0.8552396531768676,-0.3518558872423505,0.3518558872423505,0.44477883478423924
random_5fold_cv,M4_full_physics_chain,3,R025,24,,catalase,Kcat (s⁻¹),0.00046,1.4600977201615803,-3.337242168318426,0.16438192284384942,3.5016240911622756,3.5016240911622756,3174.1254786121312
random_5fold_cv,M4_full_physics_chain,3,R025,24,,catalase,Vmax (nM s⁻¹),91.0,1010.5304107419387,1.9590413923210936,3.004549387637255,1.0455079953161615,1.0455079953161615,11.104729788372952
random_5fold_cv,M4_full_physics_chain,3,R026,25,,catalase,Km (mM),214.0,204.78695391176072,2.330413773349191,2.311302286168041,-0.01911148718115019,0.01911148718115019,0.956948382765237
random_5fold_cv,M4_full_physics_chain,3,R026,25,,catalase,Kcat (s⁻¹),60500.0,85095.23801357552,4.781755374652469,4.9299052573549496,0.14814988270248097,0.14814988270248097,1.406532859728521
random_5fold_cv,M4_full_physics_chain,3,R026,25,,catalase,Vmax (nM s⁻¹),506.0,628.4150990406445,2.7041505168397992,2.7982466113635676,0.09409609452376833,0.09409609452376833,1.2419270732028547
random_5fold_cv,M4_full_physics_chain,3,R037,36,,peroxidase,Km (mM),0.0213,0.027532185092187973,-1.6716203965612624,-1.5601593194522547,0.11146107710900766,0.11146107710900766,1.2925908493984963
random_5fold_cv,M4_full_physics_chain,3,R037,36,,peroxidase,Kcat (s⁻¹),16500.0,19918.708691115604,4.217483944213907,4.299261180146875,0.08177723593296804,0.08177723593296804,1.2071944661282183
random_5fold_cv,M4_full_physics_chain,3,R037,36,,peroxidase,Vmax (nM s⁻¹),138.0,149.68692946217698,2.1398790864012365,2.175183879766721,0.03530479336548442,0.03530479336548442,1.0846878946534564
random_5fold_cv,M4_full_physics_chain,3,R039,38,,peroxidase,Km (mM),0.24,0.47292128932038413,-0.619788758288394,-0.32521113507263666,0.2945776232157573,0.2945776232157573,1.9705053721682673
random_5fold_cv,M4_full_physics_chain,3,R039,38,,peroxidase,Kcat (s⁻¹),2.64e-05,4.606986496106444,-4.578396073130169,0.6634169392604828,5.241813012390652,5.241813012390652,174507.0642464562
random_5fold_cv,M4_full_physics_chain,3,R039,38,,peroxidase,Vmax (nM s⁻¹),4.0,170.90186490077804,0.6020599913279624,2.2327468018178593,1.6306868104898968,1.6306868104898968,42.72546622519451
random_5fold_cv,M4_full_physics_chain,3,R048,47,,catalase,Km (mM),1110.0,3.2144099807045903,3.0453229787866576,0.5071012678854456,-2.5382217109012117,2.5382217109012117,0.002895864847481613
random_5fold_cv,M4_full_physics_chain,3,R048,47,,catalase,Kcat (s⁻¹),3.68,28.256032393044652,0.5658478186735176,1.4511111797780125,0.8852633611044949,0.8852633611044949,7.678269672023003
random_5fold_cv,M4_full_physics_chain,3,R048,47,,catalase,Vmax (nM s⁻¹),593.0,854.2816024795442,2.7730546933642626,2.9316010536441883,0.15854636027992575,0.15854636027992575,1.4406097849570727
random_5fold_cv,M4_full_physics_chain,3,R050,49,,catalase,Km (mM),154.0,3.302453976181555,2.187520720836463,0.5188367738930253,-1.6686839469434378,1.6686839469434378,0.021444506338841266
random_5fold_cv,M4_full_physics_chain,3,R050,49,,catalase,Kcat (s⁻¹),85800.0,404.68833078608117,4.933487287848705,2.6071206816629315,-2.3263666061857737,2.3263666061857737,0.004716647211958988
random_5fold_cv,M4_full_physics_chain,3,R050,49,,catalase,Vmax (nM s⁻¹),97.8,243.63991584266472,1.9903388547876015,2.3867484408167723,0.39640958602917076,0.39640958602917076,2.4912056834628293
random_5fold_cv,M4_full_physics_chain,3,R056,55,,catalase,Km (mM),0.27,10.455482220956355,-0.5686362358410126,1.019344067863478,1.5879803037044906,1.5879803037044906,38.72400822576428
random_5fold_cv,M4_full_physics_chain,3,R056,55,,catalase,Kcat (s⁻¹),440.0,32.91805031634819,2.6434526764861874,1.517434104732019,-1.1260185717541684,1.1260185717541684,0.07481375071897317
random_5fold_cv,M4_full_physics_chain,3,R056,55,,catalase,Vmax (nM s⁻¹),1500.0,1212.8184617710579,3.1760912590556813,3.0837957992578593,-0.09229545979782205,0.09229545979782205,0.8085456411807053
random_5fold_cv,M4_full_physics_chain,3,R069,68,,catalase,Km (mM),10.35,14.263160210541905,1.0149403497929366,1.154215760434803,0.13927541064186633,0.13927541064186633,1.3780831121296526
random_5fold_cv,M4_full_physics_chain,3,R069,68,,catalase,Kcat (s⁻¹),3000.0,0.9846280023413206,3.4771212547196626,-0.0067278172638683825,-3.483849071983531,3.483849071983531,0.00032820933411377353
random_5fold_cv,M4_full_physics_chain,3,R069,68,,catalase,Vmax (nM s⁻¹),0.689,371.4389053700728,-0.1617807780923742,2.5698873907947815,2.731668168887156,2.731668168887156,539.0985564152
random_5fold_cv,M4_full_physics_chain,3,R083,82,,peroxidase,Km (mM),0.434,1.1231833030938374,-0.3625102704874893,0.05045063874218538,0.41296090922967466,0.41296090922967466,2.587979961045708
random_5fold_cv,M4_full_physics_chain,3,R083,82,,peroxidase,Kcat (s⁻¹),4000.0,1061.2075134844702,3.6020599913279625,3.0258003161814693,-0.5762596751464932,0.5762596751464932,0.2653018783711175
random_5fold_cv,M4_full_physics_chain,3,R083,82,,peroxidase,Vmax (nM s⁻¹),100.0,257.01127593366095,2.0,2.409952177682813,0.409952177682813,0.409952177682813,2.5701127593366095
random_5fold_cv,M4_full_physics_chain,3,R084,83,,catalase,Km (mM),0.14,0.21240986585502014,-0.8538719643217619,-0.6728253153359216,0.18104664898584033,0.18104664898584033,1.517213327535858
random_5fold_cv,M4_full_physics_chain,3,R084,83,,catalase,Kcat (s⁻¹),266.6,53.43940109530627,2.4258601450778405,1.727861582280716,-0.6979985627971246,0.6979985627971246,0.20044786607391699
random_5fold_cv,M4_full_physics_chain,3,R084,83,,catalase,Vmax (nM s⁻¹),11.6,41.0447179976225,1.0644579892269184,1.613257276142858,0.5487992869159397,0.5487992869159397,3.5383377584157327
random_5fold_cv,A0_physics_no_arrhenius,3,R004,3,,catalase,Km (mM),11.63,2.343724497959589,1.0655797147284485,0.3699065595440359,-0.6956731551844126,0.6956731551844126,0.20152403249867487
random_5fold_cv,A0_physics_no_arrhenius,3,R004,3,,catalase,Kcat (s⁻¹),1100.0,93391.38343322022,3.041392685158225,4.970306808777952,1.9289141236197271,1.9289141236197271,84.90125766656384
random_5fold_cv,A0_physics_no_arrhenius,3,R004,3,,catalase,Vmax (nM s⁻¹),27.58,119.48333841765674,1.4405942618398309,2.0773073484827402,0.6367130866429094,0.6367130866429094,4.332245772938968
random_5fold_cv,A0_physics_no_arrhenius,3,R007,6,,peroxidase,Km (mM),6.22,3.4865343605082937,0.7937903846908186,0.5423939496228573,-0.2513964350679614,0.2513964350679614,0.5605360708212691
random_5fold_cv,A0_physics_no_arrhenius,3,R007,6,,peroxidase,Kcat (s⁻¹),1.8256,6.290750006024689,0.2614056270741394,0.7987024266948998,0.5372967996207604,0.5372967996207604,3.445853421354453
random_5fold_cv,A0_physics_no_arrhenius,3,R007,6,,peroxidase,Vmax (nM s⁻¹),157.0,140.71906990153488,2.1958996524092336,2.148352955940835,-0.0475466964683986,0.0475466964683986,0.8962998082900311
random_5fold_cv,A0_physics_no_arrhenius,3,R008,7,,catalase,Km (mM),2.5118,0.9444923134258276,0.3999850561024504,-0.02480157215223927,-0.42478662825468966,0.42478662825468966,0.3760221010533592
random_5fold_cv,A0_physics_no_arrhenius,3,R008,7,,catalase,Kcat (s⁻¹),1532.198,4.168607233220711,3.1853148911132174,0.6199909777646911,-2.5653239133485264,2.5653239133485264,0.0027206713709459944
random_5fold_cv,A0_physics_no_arrhenius,3,R008,7,,catalase,Vmax (nM s⁻¹),264.4,201.51224020065476,2.4222614508136027,2.3043014310734136,-0.1179600197401891,0.1179600197401891,0.7621491686862889
random_5fold_cv,A0_physics_no_arrhenius,3,R009,8,,catalase,Km (mM),37.99,5.3864077530078225,1.5796692935547203,0.7312992265686986,-0.8483700669860217,0.8483700669860217,0.14178488425922142
random_5fold_cv,A0_physics_no_arrhenius,3,R009,8,,catalase,Kcat (s⁻¹),539000.0,0.16461027668104114,5.731588765186738,-0.7835430551106939,-6.515131820297432,6.515131820297432,3.053994001503546e-07
random_5fold_cv,A0_physics_no_arrhenius,3,R009,8,,catalase,Vmax (nM s⁻¹),5.28,72.30662399346897,0.7226339225338123,1.8591780847362718,1.1365441622024595,1.1365441622024595,13.694436362399426
random_5fold_cv,A0_physics_no_arrhenius,3,R014,13,,catalase,Km (mM),154.0,0.2295644640100426,2.187520720836463,-0.6390953387426476,-2.8266160595791106,2.8266160595791106,0.0014906783377275493
random_5fold_cv,A0_physics_no_arrhenius,3,R014,13,,catalase,Kcat (s⁻¹),85800.0,369.20928223462147,4.933487287848705,2.567272611022892,-2.3662146768258134,2.3662146768258134,0.004303138487583001
random_5fold_cv,A0_physics_no_arrhenius,3,R014,13,,catalase,Vmax (nM s⁻¹),97.8,162.17061067621253,1.9903388547876015,2.209972152109294,0.21963329732169257,0.21963329732169257,1.658186203233257
random_5fold_cv,A0_physics_no_arrhenius,3,R018,17,,peroxidase,Km (mM),0.52,34.533712036718526,-0.28399665636520083,1.5382432632732004,1.8222399196384012,1.8222399196384012,66.41098468599716
random_5fold_cv,A0_physics_no_arrhenius,3,R018,17,,peroxidase,Kcat (s⁻¹),820000.0,20341.227759568792,5.913813852383717,4.308377162604117,-1.6054366897795997,1.6054366897795997,0.024806375316547308
random_5fold_cv,A0_physics_no_arrhenius,3,R018,17,,peroxidase,Vmax (nM s⁻¹),22000.0,7526.556113630532,4.342422680822207,3.876596303826838,-0.46582637699536855,0.46582637699536855,0.342116186983206
random_5fold_cv,A0_physics_no_arrhenius,3,R020,19,,unknown,Km (mM),3.18,1.2360917605830368,0.5024271199844327,0.09205071155835517,-0.4103764084260775,0.4103764084260775,0.3887081008122757
random_5fold_cv,A0_physics_no_arrhenius,3,R020,19,,unknown,Kcat (s⁻¹),0.00033,0.010273307172007,-3.4814860601221125,-1.9882897262815318,1.4931963338405807,1.4931963338405807,31.131233854566666
random_5fold_cv,A0_physics_no_arrhenius,3,R020,19,,unknown,Vmax (nM s⁻¹),868000.0,12311.3494565379,5.938519725176492,4.090305658894556,-1.848214066281936,1.848214066281936,0.014183582323200347
random_5fold_cv,A0_physics_no_arrhenius,3,R025,24,,catalase,Km (mM),16.11,2.274044185342225,1.207095540419218,0.3567988989022348,-0.8502966415169833,0.8502966415169833,0.14115730511124924
random_5fold_cv,A0_physics_no_arrhenius,3,R025,24,,catalase,Kcat (s⁻¹),0.00046,0.08622910152343341,-3.337242168318426,-1.0643461390698155,2.272896029248611,2.272896029248611,187.45456852920307
random_5fold_cv,A0_physics_no_arrhenius,3,R025,24,,catalase,Vmax (nM s⁻¹),91.0,111.14265997310432,1.9590413923210936,2.0458807865272557,0.08683939420616205,0.08683939420616205,1.2213479117923551
random_5fold_cv,A0_physics_no_arrhenius,3,R026,25,,catalase,Km (mM),214.0,2.2712733961102307,2.330413773349191,0.35626941395362005,-1.974144359395571,1.974144359395571,0.010613427084627246
random_5fold_cv,A0_physics_no_arrhenius,3,R026,25,,catalase,Kcat (s⁻¹),60500.0,34988.582501573605,4.781755374652469,4.543926348192689,-0.23782902645977977,0.23782902645977977,0.5783236777119604
random_5fold_cv,A0_physics_no_arrhenius,3,R026,25,,catalase,Vmax (nM s⁻¹),506.0,266.107845595853,2.7041505168397992,2.4250576789435625,-0.27909283789623673,0.27909283789623673,0.5259048331933854
random_5fold_cv,A0_physics_no_arrhenius,3,R037,36,,peroxidase,Km (mM),0.0213,2.2712733961102307,-1.6716203965612624,0.35626941395362005,2.0278898105148824,2.0278898105148824,106.63255380799205
random_5fold_cv,A0_physics_no_arrhenius,3,R037,36,,peroxidase,Kcat (s⁻¹),16500.0,34988.582501573605,4.217483944213907,4.543926348192689,0.3264424039787821,0.3264424039787821,2.1205201516105214
random_5fold_cv,A0_physics_no_arrhenius,3,R037,36,,peroxidase,Vmax (nM s⁻¹),138.0,266.107845595853,2.1398790864012365,2.4250576789435625,0.285178592542326,0.285178592542326,1.9283177217090797
random_5fold_cv,A0_physics_no_arrhenius,3,R039,38,,peroxidase,Km (mM),0.24,0.9444923134258276,-0.619788758288394,-0.02480157215223927,0.5949871861361546,0.5949871861361546,3.935384639274282
random_5fold_cv,A0_physics_no_arrhenius,3,R039,38,,peroxidase,Kcat (s⁻¹),2.64e-05,4.168607233220711,-4.578396073130169,0.6199909777646911,5.19838705089486,5.19838705089486,157901.78913714812
random_5fold_cv,A0_physics_no_arrhenius,3,R039,38,,peroxidase,Vmax (nM s⁻¹),4.0,201.51224020065476,0.6020599913279624,2.3043014310734136,1.702241439745451,1.702241439745451,50.37806005016369
random_5fold_cv,A0_physics_no_arrhenius,3,R048,47,,catalase,Km (mM),1110.0,0.17826720259468312,3.0453229787866576,-0.7489285505001511,-3.7942515292868086,3.7942515292868086,0.00016060108341863345
random_5fold_cv,A0_physics_no_arrhenius,3,R048,47,,catalase,Kcat (s⁻¹),3.68,5.559402237368837,0.5658478186735176,0.7450280975229866,0.17918027884946897,0.17918027884946897,1.5107071297197925
random_5fold_cv,A0_physics_no_arrhenius,3,R048,47,,catalase,Vmax (nM s⁻¹),593.0,369.2598058750287,2.7730546933642626,2.567332037039829,-0.20572265632443365,0.20572265632443365,0.6226978176644666
random_5fold_cv,A0_physics_no_arrhenius,3,R050,49,,catalase,Km (mM),154.0,0.2295644640100426,2.187520720836463,-0.6390953387426476,-2.8266160595791106,2.8266160595791106,0.0014906783377275493
random_5fold_cv,A0_physics_no_arrhenius,3,R050,49,,catalase,Kcat (s⁻¹),85800.0,369.20928223462147,4.933487287848705,2.567272611022892,-2.3662146768258134,2.3662146768258134,0.004303138487583001
random_5fold_cv,A0_physics_no_arrhenius,3,R050,49,,catalase,Vmax (nM s⁻¹),97.8,162.17061067621253,1.9903388547876015,2.209972152109294,0.21963329732169257,0.21963329732169257,1.658186203233257
random_5fold_cv,A0_physics_no_arrhenius,3,R056,55,,catalase,Km (mM),0.27,1.1397054312698505,-0.5686362358410126,0.056792617911046304,0.6254288537520589,0.6254288537520589,4.221131226925372
random_5fold_cv,A0_physics_no_arrhenius,3,R056,55,,catalase,Kcat (s⁻¹),440.0,34.20721317335313,2.6434526764861874,1.5341176940992833,-1.109334982386904,1.109334982386904,0.0777436663030753
random_5fold_cv,A0_physics_no_arrhenius,3,R056,55,,catalase,Vmax (nM s⁻¹),1500.0,535.227509897553,3.1760912590556813,2.728538427423557,-0.44755283163212445,0.44755283163212445,0.356818339931702
random_5fold_cv,A0_physics_no_arrhenius,3,R069,68,,catalase,Km (mM),10.35,3.766867194350648,1.0149403497929366,0.5759803088739869,-0.4389600409189497,0.4389600409189497,0.36394852119329935
random_5fold_cv,A0_physics_no_arrhenius,3,R069,68,,catalase,Kcat (s⁻¹),3000.0,0.03445657966086002,3.4771212547196626,-1.4627278350754036,-4.939849089795066,4.939849089795066,1.1485526553620007e-05
random_5fold_cv,A0_physics_no_arrhenius,3,R069,68,,catalase,Vmax (nM s⁻¹),0.689,146.9507767662036,-0.1617807780923742,2.167171886049219,2.3289526641415934,2.3289526641415934,213.28124349231294
random_5fold_cv,A0_physics_no_arrhenius,3,R083,82,,peroxidase,Km (mM),0.434,6.345445629570487,-0.3625102704874893,0.8024621272451417,1.164972397732631,1.164972397732631,14.620842464448128
random_5fold_cv,A0_physics_no_arrhenius,3,R083,82,,peroxidase,Kcat (s⁻¹),4000.0,2719.3579817091468,3.6020599913279625,3.4344663827428143,-0.16759360858514816,0.16759360858514816,0.6798394954272867
random_5fold_cv,A0_physics_no_arrhenius,3,R083,82,,peroxidase,Vmax (nM s⁻¹),100.0,971.2716491820499,2.0,2.987340712133827,0.9873407121338271,0.9873407121338271,9.7127164918205
random_5fold_cv,A0_physics_no_arrhenius,3,R084,83,,catalase,Km (mM),0.14,0.190432270075691,-0.8538719643217619,-0.720259455487834,0.13361250883392795,0.13361250883392795,1.3602305005406499
random_5fold_cv,A0_physics_no_arrhenius,3,R084,83,,catalase,Kcat (s⁻¹),266.6,56.61416810189725,2.4258601450778405,1.7529251301012838,-0.6729350149765567,0.6729350149765567,0.21235621943697391
random_5fold_cv,A0_physics_no_arrhenius,3,R084,83,,catalase,Vmax (nM s⁻¹),11.6,36.54239131490762,1.0644579892269184,1.562796963949402,0.49833897472248356,0.49833897472248356,3.150206147836864
random_5fold_cv,A1_physics_plus_activity_category,3,R004,3,,catalase,Km (mM),11.63,15.51540541581813,1.0655797147284485,1.1907631281349655,0.12518341340651706,0.12518341340651706,1.3340847305088674
random_5fold_cv,A1_physics_plus_activity_category,3,R004,3,,catalase,Kcat (s⁻¹),1100.0,17717.455794347185,3.041392685158225,4.248401357855451,1.2070086726972264,1.2070086726972264,16.106777994861076
random_5fold_cv,A1_physics_plus_activity_category,3,R004,3,,catalase,Vmax (nM s⁻¹),27.58,524.5439652170438,1.4405942618398309,2.7197818949146093,1.2791876330747785,1.2791876330747785,19.018998013670917
random_5fold_cv,A1_physics_plus_activity_category,3,R007,6,,peroxidase,Km (mM),6.22,0.2136420432078819,0.7937903846908186,-0.6703132772219731,-1.4641036619127918,1.4641036619127918,0.03434759537104211
random_5fold_cv,A1_physics_plus_activity_category,3,R007,6,,peroxidase,Kcat (s⁻¹),1.8256,3.1590014967024076,0.2614056270741394,0.499549831669455,0.2381442045953156,0.2381442045953156,1.7303908286056133
random_5fold_cv,A1_physics_plus_activity_category,3,R007,6,,peroxidase,Vmax (nM s⁻¹),157.0,159.6480825208057,2.1958996524092336,2.203163706742459,0.0072640543332256335,0.0072640543332256335,1.016866767648444
random_5fold_cv,A1_physics_plus_activity_category,3,R008,7,,catalase,Km (mM),2.5118,14.863886043384905,0.3999850561024504,1.1721323670667607,0.7721473109643103,0.7721473109643103,5.917623235681545
random_5fold_cv,A1_physics_plus_activity_category,3,R008,7,,catalase,Kcat (s⁻¹),1532.198,14.404728276554982,3.1853148911132174,1.158505070384166,-2.0268098207290515,2.0268098207290515,0.0094013490923203
random_5fold_cv,A1_physics_plus_activity_category,3,R008,7,,catalase,Vmax (nM s⁻¹),264.4,426.5899803227803,2.4222614508136027,2.630010650593883,0.2077491997802805,0.2077491997802805,1.6134265519015898
random_5fold_cv,A1_physics_plus_activity_category,3,R009,8,,catalase,Km (mM),37.99,23.462074510486243,1.5796692935547203,1.3703664096816774,-0.20930288387304286,0.20930288387304286,0.6175855359433072
random_5fold_cv,A1_physics_plus_activity_category,3,R009,8,,catalase,Kcat (s⁻¹),539000.0,9.601933222246243,5.731588765186738,0.9823586812925079,-4.74923008389423,4.74923008389423,1.7814347351106204e-05
random_5fold_cv,A1_physics_plus_activity_category,3,R009,8,,catalase,Vmax (nM s⁻¹),5.28,119.29920192874539,0.7226339225338123,2.07663753839707,1.3540036158632576,1.3540036158632576,22.594545819838142
random_5fold_cv,A1_physics_plus_activity_category,3,R014,13,,catalase,Km (mM),154.0,7.917820972505717,2.187520720836463,0.8986056778238812,-1.2889150430125818,1.2889150430125818,0.05141442189938777
random_5fold_cv,A1_physics_plus_activity_category,3,R014,13,,catalase,Kcat (s⁻¹),85800.0,428.353576885595,4.933487287848705,2.6318023977460063,-2.301684890102699,2.301684890102699,0.0049924659310675405
random_5fold_cv,A1_physics_plus_activity_category,3,R014,13,,catalase,Vmax (nM s⁻¹),97.8,533.5928839423611,1.9903388547876015,2.7272100291446755,0.7368711743570739,0.7368711743570739,5.45595995851085
random_5fold_cv,A1_physics_plus_activity_category,3,R018,17,,peroxidase,Km (mM),0.52,0.8180503150293712,-0.28399665636520083,-0.08721998377660099,0.19677667258859982,0.19677667258859982,1.5731736827487908
random_5fold_cv,A1_physics_plus_activity_category,3,R018,17,,peroxidase,Kcat (s⁻¹),820000.0,220.90471985980426,5.913813852383717,2.3442049951252604,-3.5696088572584563,3.5696088572584563,0.0002693959998290296
random_5fold_cv,A1_physics_plus_activity_category,3,R018,17,,peroxidase,Vmax (nM s⁻¹),22000.0,592.3489703458987,4.342422680822207,2.7725776378779297,-1.569845042944277,1.569845042944277,0.02692495319754085
random_5fold_cv,A1_physics_plus_activity_category,3,R020,19,,unknown,Km (mM),3.18,1.963004951364735,0.5024271199844327,0.29292139503947145,-0.20950572494496122,0.20950572494496122,0.6172971545172122
random_5fold_cv,A1_physics_plus_activity_category,3,R020,19,,unknown,Kcat (s⁻¹),0.00033,0.007578475619728603,-3.4814860601221125,-2.1204181421935497,1.3610679179285627,1.3610679179285627,22.96507763554122
random_5fold_cv,A1_physics_plus_activity_category,3,R020,19,,unknown,Vmax (nM s⁻¹),868000.0,72677.37646401982,5.938519725176492,4.861399241589161,-1.077120483587331,1.077120483587331,0.0837296963871196
random_5fold_cv,A1_physics_plus_activity_category,3,R025,24,,catalase,Km (mM),16.11,9.651263445655903,1.207095540419218,0.9845841705002033,-0.22251136991901477,0.22251136991901477,0.5990852542306582
random_5fold_cv,A1_physics_plus_activity_category,3,R025,24,,catalase,Kcat (s⁻¹),0.00046,9.203253568644277,-3.337242168318426,0.9639413879013726,4.301183556219799,4.301183556219799,20007.072975313644
random_5fold_cv,A1_physics_plus_activity_category,3,R025,24,,catalase,Vmax (nM s⁻¹),91.0,1465.7051113849082,1.9590413923210936,3.1660466023783385,1.2070052100572448,1.2070052100572448,16.10664957565833
random_5fold_cv,A1_physics_plus_activity_category,3,R026,25,,catalase,Km (mM),214.0,162.85635436926842,2.330413773349191,2.2118047086403445,-0.11860906470884647,0.11860906470884647,0.7610110017255534
random_5fold_cv,A1_physics_plus_activity_category,3,R026,25,,catalase,Kcat (s⁻¹),60500.0,72314.80773017004,4.781755374652469,4.859227235842744,0.0774718611902756,0.0774718611902756,1.1952860781846288
random_5fold_cv,A1_physics_plus_activity_category,3,R026,25,,catalase,Vmax (nM s⁻¹),506.0,699.219489645643,2.7041505168397992,2.8446135250719875,0.14046300823218827,0.14046300823218827,1.3818566989044327
random_5fold_cv,A1_physics_plus_activity_category,3,R037,36,,peroxidase,Km (mM),0.0213,0.037771584726498234,-1.6716203965612624,-1.4228347937391783,0.24878560282208406,0.24878560282208406,1.7733138369247998
random_5fold_cv,A1_physics_plus_activity_category,3,R037,36,,peroxidase,Kcat (s⁻¹),16500.0,16353.541491093098,4.217483944213907,4.213611817148529,-0.003872127065378095,0.003872127065378095,0.991123726732915
random_5fold_cv,A1_physics_plus_activity_category,3,R037,36,,peroxidase,Vmax (nM s⁻¹),138.0,153.25248587896348,2.1398790864012365,2.1854075278544687,0.045528441453232205,0.045528441453232205,1.110525259992489
random_5fold_cv,A1_physics_plus_activity_category,3,R039,38,,peroxidase,Km (mM),0.24,0.40577157531461544,-0.619788758288394,-0.3917183789793133,0.2280703793090807,0.2280703793090807,1.690714897144231
random_5fold_cv,A1_physics_plus_activity_category,3,R039,38,,peroxidase,Kcat (s⁻¹),2.64e-05,3.0967197603939822,-4.578396073130169,0.490901905382201,5.06929797851237,5.06929797851237,117299.99092401448
random_5fold_cv,A1_physics_plus_activity_category,3,R039,38,,peroxidase,Vmax (nM s⁻¹),4.0,167.2494063171335,0.6020599913279624,2.2233645848335795,1.621304593505617,1.621304593505617,41.81235157928337
random_5fold_cv,A1_physics_plus_activity_category,3,R048,47,,catalase,Km (mM),1110.0,8.1694722897493,3.0453229787866576,0.912194004016895,-2.133128974769763,2.133128974769763,0.0073598849457200905
random_5fold_cv,A1_physics_plus_activity_category,3,R048,47,,catalase,Kcat (s⁻¹),3.68,75.24622814645265,0.5658478186735176,1.8764847350135525,1.3106369163400349,1.3106369163400349,20.447344605014308
random_5fold_cv,A1_physics_plus_activity_category,3,R048,47,,catalase,Vmax (nM s⁻¹),593.0,1574.4457496984414,2.7730546933642626,3.197127700849022,0.4240730074847594,0.4240730074847594,2.6550518544661745
random_5fold_cv,A1_physics_plus_activity_category,3,R050,49,,catalase,Km (mM),154.0,7.917820972505717,2.187520720836463,0.8986056778238812,-1.2889150430125818,1.2889150430125818,0.05141442189938777
random_5fold_cv,A1_physics_plus_activity_category,3,R050,49,,catalase,Kcat (s⁻¹),85800.0,428.353576885595,4.933487287848705,2.6318023977460063,-2.301684890102699,2.301684890102699,0.0049924659310675405
random_5fold_cv,A1_physics_plus_activity_category,3,R050,49,,catalase,Vmax (nM s⁻¹),97.8,533.5928839423611,1.9903388547876015,2.7272100291446755,0.7368711743570739,0.7368711743570739,5.45595995851085
random_5fold_cv,A1_physics_plus_activity_category,3,R056,55,,catalase,Km (mM),0.27,15.808391283030224,-0.5686362358410126,1.1988876768613304,1.767523912702343,1.767523912702343,58.54959734455638
random_5fold_cv,A1_physics_plus_activity_category,3,R056,55,,catalase,Kcat (s⁻¹),440.0,49.705125881085166,2.6434526764861874,1.6964011780105936,-0.9470514984755938,0.9470514984755938,0.11296619518428447
random_5fold_cv,A1_physics_plus_activity_category,3,R056,55,,catalase,Vmax (nM s⁻¹),1500.0,1037.7880393381818,3.1760912590556813,3.0161086610791235,-0.1599825979765579,0.1599825979765579,0.6918586928921212
random_5fold_cv,A1_physics_plus_activity_category,3,R069,68,,catalase,Km (mM),10.35,19.123364772746154,1.0149403497929366,1.2815643091571456,0.266623959364209,0.266623959364209,1.8476680939851358
random_5fold_cv,A1_physics_plus_activity_category,3,R069,68,,catalase,Kcat (s⁻¹),3000.0,14.314125544871654,3.4771212547196626,1.1557648219603522,-2.3213564327593104,2.3213564327593104,0.004771375181623885
random_5fold_cv,A1_physics_plus_activity_category,3,R069,68,,catalase,Vmax (nM s⁻¹),0.689,387.9367175714124,-0.1617807780923742,2.58876088680291,2.7505416648952843,2.7505416648952843,563.0431314534287
random_5fold_cv,A1_physics_plus_activity_category,3,R083,82,,peroxidase,Km (mM),0.434,0.70544817986334,-0.3625102704874893,-0.15153488272602653,0.21097538776146277,0.21097538776146277,1.6254566356298157
random_5fold_cv,A1_physics_plus_activity_category,3,R083,82,,peroxidase,Kcat (s⁻¹),4000.0,259.7571872585825,3.6020599913279625,2.41456757295129,-1.1874924183766726,1.1874924183766726,0.06493929681464564
random_5fold_cv,A1_physics_plus_activity_category,3,R083,82,,peroxidase,Vmax (nM s⁻¹),100.0,304.4120561310204,2.0,2.4834618485173614,0.4834618485173614,0.4834618485173614,3.044120561310204
random_5fold_cv,A1_physics_plus_activity_category,3,R084,83,,catalase,Km (mM),0.14,0.2042347363849779,-0.8538719643217619,-0.6898703908615421,0.16400157346021982,0.16400157346021982,1.458819545606985
random_5fold_cv,A1_physics_plus_activity_category,3,R084,83,,catalase,Kcat (s⁻¹),266.6,74.66654680284373,2.4258601450778405,1.8731260664327325,-0.552734078645108,0.552734078645108,0.2800695679026396
random_5fold_cv,A1_physics_plus_activity_category,3,R084,83,,catalase,Vmax (nM s⁻¹),11.6,26.663001827545624,1.0644579892269184,1.4259090424427818,0.36145105321586346,0.36145105321586346,2.2985346403056575
random_5fold_cv,A2_physics_plus_arrhenius,3,R004,3,,catalase,Km (mM),11.63,13.013195659888956,1.0655797147284485,1.114383959669448,0.04880424494099955,0.04880424494099955,1.1189334187350777
random_5fold_cv,A2_physics_plus_arrhenius,3,R004,3,,catalase,Kcat (s⁻¹),1100.0,47964.20815430973,3.041392685158225,4.680917279056123,1.6395245938978982,1.6395245938978982,43.60382559482703
random_5fold_cv,A2_physics_plus_arrhenius,3,R004,3,,catalase,Vmax (nM s⁻¹),27.58,304.1079626936946,1.4405942618398309,2.483027791760898,1.0424335299210672,1.0424335299210672,11.026394586428378
random_5fold_cv,A2_physics_plus_arrhenius,3,R007,6,,peroxidase,Km (mM),6.22,0.430914357756051,0.7937903846908186,-0.36560903529120237,-1.159399419982021,1.159399419982021,0.06927883565209823
random_5fold_cv,A2_physics_plus_arrhenius,3,R007,6,,peroxidase,Kcat (s⁻¹),1.8256,4.5114957803091915,0.2614056270741394,0.6543205554996909,0.39291492842555154,0.39291492842555154,2.4712400198889086
random_5fold_cv,A2_physics_plus_arrhenius,3,R007,6,,peroxidase,Vmax (nM s⁻¹),157.0,144.64048715821733,2.1958996524092336,2.1602898758647595,-0.03560977654447406,0.03560977654447406,0.9212769882689001
random_5fold_cv,A2_physics_plus_arrhenius,3,R008,7,,catalase,Km (mM),2.5118,9.416644593038406,0.3999850561024504,0.9738961794039876,0.5739111233015373,0.5739111233015373,3.748962733115059
random_5fold_cv,A2_physics_plus_arrhenius,3,R008,7,,catalase,Kcat (s⁻¹),1532.198,6.121387874712598,3.1853148911132174,0.7868498989421476,-2.39846499217107,2.39846499217107,0.003995167644594627
random_5fold_cv,A2_physics_plus_arrhenius,3,R008,7,,catalase,Vmax (nM s⁻¹),264.4,460.57536233906734,2.4222614508136027,2.6633007024376485,0.24103925162404582,0.24103925162404582,1.7419643053671232
random_5fold_cv,A2_physics_plus_arrhenius,3,R009,8,,catalase,Km (mM),37.99,18.875998736023703,1.5796692935547203,1.2759099395896472,-0.30375935396507314,0.30375935396507314,0.4968675634646934
random_5fold_cv,A2_physics_plus_arrhenius,3,R009,8,,catalase,Kcat (s⁻¹),539000.0,2.450659133123796,5.731588765186738,0.3892829086008053,-5.342305856585933,5.342305856585933,4.546677426945818e-06
random_5fold_cv,A2_physics_plus_arrhenius,3,R009,8,,catalase,Vmax (nM s⁻¹),5.28,103.10563610191831,0.7226339225338123,2.013282405933961,1.2906484834001486,1.2906484834001486,19.527582595060284
random_5fold_cv,A2_physics_plus_arrhenius,3,R014,13,,catalase,Km (mM),154.0,3.302453976181555,2.187520720836463,0.5188367738930253,-1.6686839469434378,1.6686839469434378,0.021444506338841266
random_5fold_cv,A2_physics_plus_arrhenius,3,R014,13,,catalase,Kcat (s⁻¹),85800.0,404.68833078608117,4.933487287848705,2.6071206816629315,-2.3263666061857737,2.3263666061857737,0.004716647211958988
random_5fold_cv,A2_physics_plus_arrhenius,3,R014,13,,catalase,Vmax (nM s⁻¹),97.8,243.63991584266472,1.9903388547876015,2.3867484408167723,0.39640958602917076,0.39640958602917076,2.4912056834628293
random_5fold_cv,A2_physics_plus_arrhenius,3,R018,17,,peroxidase,Km (mM),0.52,2.493031572838836,-0.28399665636520083,0.396727778633279,0.6807244349984798,0.6807244349984798,4.794291486228531
random_5fold_cv,A2_physics_plus_arrhenius,3,R018,17,,peroxidase,Kcat (s⁻¹),820000.0,1415.9427750929935,5.913813852383717,3.1510457018258293,-2.7627681505578874,2.7627681505578874,0.0017267594818207237
random_5fold_cv,A2_physics_plus_arrhenius,3,R018,17,,peroxidase,Vmax (nM s⁻¹),22000.0,1094.646015870225,4.342422680822207,3.039273700720855,-1.3031489801013518,1.3031489801013518,0.04975663708501023
random_5fold_cv,A2_physics_plus_arrhenius,3,R020,19,,unknown,Km (mM),3.18,1.5548488633981274,0.5024271199844327,0.19168818051255926,-0.3107389394718734,0.3107389394718734,0.48894618345853064
random_5fold_cv,A2_physics_plus_arrhenius,3,R020,19,,unknown,Kcat (s⁻¹),0.00033,0.00941155569635163,-3.4814860601221125,-2.026338583321062,1.4551474768010504,1.4551474768010504,28.51986574652009
random_5fold_cv,A2_physics_plus_arrhenius,3,R020,19,,unknown,Vmax (nM s⁻¹),868000.0,27539.19575214534,5.938519725176492,4.439951253077569,-1.4985684720989223,1.4985684720989223,0.03172718404625039
random_5fold_cv,A2_physics_plus_arrhenius,3,R025,24,,catalase,Km (mM),16.11,7.165387028374094,1.207095540419218,0.8552396531768676,-0.3518558872423505,0.3518558872423505,0.44477883478423924
random_5fold_cv,A2_physics_plus_arrhenius,3,R025,24,,catalase,Kcat (s⁻¹),0.00046,1.4600977201615803,-3.337242168318426,0.16438192284384942,3.5016240911622756,3.5016240911622756,3174.1254786121312
random_5fold_cv,A2_physics_plus_arrhenius,3,R025,24,,catalase,Vmax (nM s⁻¹),91.0,1010.5304107419407,1.9590413923210936,3.004549387637256,1.0455079953161623,1.0455079953161623,11.104729788372975
random_5fold_cv,A2_physics_plus_arrhenius,3,R026,25,,catalase,Km (mM),214.0,204.78695391176072,2.330413773349191,2.311302286168041,-0.01911148718115019,0.01911148718115019,0.956948382765237
random_5fold_cv,A2_physics_plus_arrhenius,3,R026,25,,catalase,Kcat (s⁻¹),60500.0,85095.23801357552,4.781755374652469,4.9299052573549496,0.14814988270248097,0.14814988270248097,1.406532859728521
random_5fold_cv,A2_physics_plus_arrhenius,3,R026,25,,catalase,Vmax (nM s⁻¹),506.0,628.4150990406445,2.7041505168397992,2.7982466113635676,0.09409609452376833,0.09409609452376833,1.2419270732028547
random_5fold_cv,A2_physics_plus_arrhenius,3,R037,36,,peroxidase,Km (mM),0.0213,0.027532185092187973,-1.6716203965612624,-1.5601593194522547,0.11146107710900766,0.11146107710900766,1.2925908493984963
random_5fold_cv,A2_physics_plus_arrhenius,3,R037,36,,peroxidase,Kcat (s⁻¹),16500.0,19918.708691115604,4.217483944213907,4.299261180146875,0.08177723593296804,0.08177723593296804,1.2071944661282183
random_5fold_cv,A2_physics_plus_arrhenius,3,R037,36,,peroxidase,Vmax (nM s⁻¹),138.0,149.68692946217698,2.1398790864012365,2.175183879766721,0.03530479336548442,0.03530479336548442,1.0846878946534564
random_5fold_cv,A2_physics_plus_arrhenius,3,R039,38,,peroxidase,Km (mM),0.24,0.47292128932038413,-0.619788758288394,-0.32521113507263666,0.2945776232157573,0.2945776232157573,1.9705053721682673
random_5fold_cv,A2_physics_plus_arrhenius,3,R039,38,,peroxidase,Kcat (s⁻¹),2.64e-05,4.606986496106444,-4.578396073130169,0.6634169392604828,5.241813012390652,5.241813012390652,174507.0642464562
random_5fold_cv,A2_physics_plus_arrhenius,3,R039,38,,peroxidase,Vmax (nM s⁻¹),4.0,170.90186490077838,0.6020599913279624,2.2327468018178602,1.6306868104898977,1.6306868104898977,42.725466225194594
random_5fold_cv,A2_physics_plus_arrhenius,3,R048,47,,catalase,Km (mM),1110.0,3.2144099807045903,3.0453229787866576,0.5071012678854456,-2.5382217109012117,2.5382217109012117,0.002895864847481613
random_5fold_cv,A2_physics_plus_arrhenius,3,R048,47,,catalase,Kcat (s⁻¹),3.68,28.256032393044638,0.5658478186735176,1.4511111797780123,0.8852633611044947,0.8852633611044947,7.678269672022999
random_5fold_cv,A2_physics_plus_arrhenius,3,R048,47,,catalase,Vmax (nM s⁻¹),593.0,854.281602479546,2.7730546933642626,2.931601053644189,0.15854636027992663,0.15854636027992663,1.4406097849570758
random_5fold_cv,A2_physics_plus_arrhenius,3,R050,49,,catalase,Km (mM),154.0,3.302453976181555,2.187520720836463,0.5188367738930253,-1.6686839469434378,1.6686839469434378,0.021444506338841266
random_5fold_cv,A2_physics_plus_arrhenius,3,R050,49,,catalase,Kcat (s⁻¹),85800.0,404.68833078608117,4.933487287848705,2.6071206816629315,-2.3263666061857737,2.3263666061857737,0.004716647211958988
random_5fold_cv,A2_physics_plus_arrhenius,3,R050,49,,catalase,Vmax (nM s⁻¹),97.8,243.63991584266472,1.9903388547876015,2.3867484408167723,0.39640958602917076,0.39640958602917076,2.4912056834628293
random_5fold_cv,A2_physics_plus_arrhenius,3,R056,55,,catalase,Km (mM),0.27,10.455482220956355,-0.5686362358410126,1.019344067863478,1.5879803037044906,1.5879803037044906,38.72400822576428
random_5fold_cv,A2_physics_plus_arrhenius,3,R056,55,,catalase,Kcat (s⁻¹),440.0,32.91805031634817,2.6434526764861874,1.5174341047320188,-1.1260185717541686,1.1260185717541686,0.07481375071897312
random_5fold_cv,A2_physics_plus_arrhenius,3,R056,55,,catalase,Vmax (nM s⁻¹),1500.0,1212.8184617710579,3.1760912590556813,3.0837957992578593,-0.09229545979782205,0.09229545979782205,0.8085456411807053
random_5fold_cv,A2_physics_plus_arrhenius,3,R069,68,,catalase,Km (mM),10.35,14.263160210541912,1.0149403497929366,1.1542157604348031,0.13927541064186655,0.13927541064186655,1.3780831121296533
random_5fold_cv,A2_physics_plus_arrhenius,3,R069,68,,catalase,Kcat (s⁻¹),3000.0,0.9846280023413206,3.4771212547196626,-0.0067278172638683825,-3.483849071983531,3.483849071983531,0.00032820933411377353
random_5fold_cv,A2_physics_plus_arrhenius,3,R069,68,,catalase,Vmax (nM s⁻¹),0.689,371.4389053700728,-0.1617807780923742,2.5698873907947815,2.731668168887156,2.731668168887156,539.0985564152
random_5fold_cv,A2_physics_plus_arrhenius,3,R083,82,,peroxidase,Km (mM),0.434,1.1231833030938374,-0.3625102704874893,0.05045063874218538,0.41296090922967466,0.41296090922967466,2.587979961045708
random_5fold_cv,A2_physics_plus_arrhenius,3,R083,82,,peroxidase,Kcat (s⁻¹),4000.0,1061.2075134844702,3.6020599913279625,3.0258003161814693,-0.5762596751464932,0.5762596751464932,0.2653018783711175
random_5fold_cv,A2_physics_plus_arrhenius,3,R083,82,,peroxidase,Vmax (nM s⁻¹),100.0,257.01127593366095,2.0,2.409952177682813,0.409952177682813,0.409952177682813,2.5701127593366095
random_5fold_cv,A2_physics_plus_arrhenius,3,R084,83,,catalase,Km (mM),0.14,0.21240986585502014,-0.8538719643217619,-0.6728253153359216,0.18104664898584033,0.18104664898584033,1.517213327535858
random_5fold_cv,A2_physics_plus_arrhenius,3,R084,83,,catalase,Kcat (s⁻¹),266.6,53.43940109530627,2.4258601450778405,1.727861582280716,-0.6979985627971246,0.6979985627971246,0.20044786607391699
random_5fold_cv,A2_physics_plus_arrhenius,3,R084,83,,catalase,Vmax (nM s⁻¹),11.6,41.04471799762248,1.0644579892269184,1.6132572761428579,0.5487992869159395,0.5487992869159395,3.538337758415731
random_5fold_cv,A3_physics_plus_activity_and_arrhenius,3,R004,3,,catalase,Km (mM),11.63,17.12736497871111,1.0655797147284485,1.233690552502509,0.16811083777406055,0.16811083777406055,1.472688304274386
random_5fold_cv,A3_physics_plus_activity_and_arrhenius,3,R004,3,,catalase,Kcat (s⁻¹),1100.0,28389.967813873987,3.041392685158225,4.453164900160065,1.41177221500184,1.41177221500184,25.809061648976353
random_5fold_cv,A3_physics_plus_activity_and_arrhenius,3,R004,3,,catalase,Vmax (nM s⁻¹),27.58,559.1532537356314,1.4405942618398309,2.7475308564191896,1.3069365945793587,1.3069365945793587,20.273867068006943
random_5fold_cv,A3_physics_plus_activity_and_arrhenius,3,R007,6,,peroxidase,Km (mM),6.22,0.1798658013405904,0.7937903846908186,-0.7450514030854961,-1.5388417877763148,1.5388417877763148,0.028917331405239617
random_5fold_cv,A3_physics_plus_activity_and_arrhenius,3,R007,6,,peroxidase,Kcat (s⁻¹),1.8256,1.615707744978122,0.2614056270741394,0.20836280679629024,-0.05304282027784915,0.05304282027784915,0.8850283440940634
random_5fold_cv,A3_physics_plus_activity_and_arrhenius,3,R007,6,,peroxidase,Vmax (nM s⁻¹),157.0,174.8566532986886,2.1958996524092336,2.2426821618722217,0.04678250946298812,0.04678250946298812,1.1137366452145772
random_5fold_cv,A3_physics_plus_activity_and_arrhenius,3,R008,7,,catalase,Km (mM),2.5118,15.991671042220556,0.3999850561024504,1.2038938475171526,0.8039087914147022,0.8039087914147022,6.366617980022516
random_5fold_cv,A3_physics_plus_activity_and_arrhenius,3,R008,7,,catalase,Kcat (s⁻¹),1532.198,15.809844958298575,3.1853148911132174,1.1989276109767661,-1.9863872801364513,1.9863872801364513,0.010318408559663029
random_5fold_cv,A3_physics_plus_activity_and_arrhenius,3,R008,7,,catalase,Vmax (nM s⁻¹),264.4,504.2224578325258,2.4222614508136027,2.7026221850443823,0.2803607342307797,0.2803607342307797,1.9070440916510054
random_5fold_cv,A3_physics_plus_activity_and_arrhenius,3,R009,8,,catalase,Km (mM),37.99,29.4494668240608,1.5796692935547203,1.469077436390883,-0.11059185716383735,0.11059185716383735,0.7751899664138141
random_5fold_cv,A3_physics_plus_activity_and_arrhenius,3,R009,8,,catalase,Kcat (s⁻¹),539000.0,13.900460757276296,5.731588765186738,1.143029196011371,-4.588559569175367,4.588559569175367,2.5789352054315947e-05
random_5fold_cv,A3_physics_plus_activity_and_arrhenius,3,R009,8,,catalase,Vmax (nM s⁻¹),5.28,141.5338790174485,0.7226339225338123,2.150860409536671,1.4282264870028587,1.4282264870028587,26.80565890481979
random_5fold_cv,A3_physics_plus_activity_and_arrhenius,3,R014,13,,catalase,Km (mM),154.0,13.555898445727314,2.187520720836463,1.1321283066521033,-1.0553924141843598,1.0553924141843598,0.0880253145826449
random_5fold_cv,A3_physics_plus_activity_and_arrhenius,3,R014,13,,catalase,Kcat (s⁻¹),85800.0,521.4955421436069,4.933487287848705,2.717250600335498,-2.216236687513207,2.216236687513207,0.00607803662172036
random_5fold_cv,A3_physics_plus_activity_and_arrhenius,3,R014,13,,catalase,Vmax (nM s⁻¹),97.8,692.2937378359838,1.9903388547876015,2.840290403205287,0.8499515484176854,0.8499515484176854,7.078668076032555
random_5fold_cv,A3_physics_plus_activity_and_arrhenius,3,R018,17,,peroxidase,Km (mM),0.52,0.6860888069862869,-0.28399665636520083,-0.16361966579783263,0.1203769905673682,0.1203769905673682,1.3194015518967055
random_5fold_cv,A3_physics_plus_activity_and_arrhenius,3,R018,17,,peroxidase,Kcat (s⁻¹),820000.0,111.76698407861576,5.913813852383717,2.048313532082813,-3.8655003203009035,3.8655003203009035,0.0001363012000958729
random_5fold_cv,A3_physics_plus_activity_and_arrhenius,3,R018,17,,peroxidase,Vmax (nM s⁻¹),22000.0,448.0458879009515,4.342422680822207,2.651322495787427,-1.6911001850347795,1.6911001850347795,0.020365722177315977
random_5fold_cv,A3_physics_plus_activity_and_arrhenius,3,R020,19,,unknown,Km (mM),3.18,2.0580527902428742,0.5024271199844327,0.31345651047361384,-0.18897060951081884,0.18897060951081884,0.6471864120260611
random_5fold_cv,A3_physics_plus_activity_and_arrhenius,3,R020,19,,unknown,Kcat (s⁻¹),0.00033,0.00676725824525636,-3.4814860601221125,-2.1695872500940654,1.311898810028047,1.311898810028047,20.506843167443517
random_5fold_cv,A3_physics_plus_activity_and_arrhenius,3,R020,19,,unknown,Vmax (nM s⁻¹),868000.0,75175.24921346831,5.938519725176492,4.8760748765045765,-1.0624448486719151,1.0624448486719151,0.08660742996943353
random_5fold_cv,A3_physics_plus_activity_and_arrhenius,3,R025,24,,catalase,Km (mM),16.11,10.088021746763285,1.207095540419218,1.0038060097752863,-0.20328953064393174,0.20328953064393174,0.6261962598859891
random_5fold_cv,A3_physics_plus_activity_and_arrhenius,3,R025,24,,catalase,Kcat (s⁻¹),0.00046,10.101076852467893,-3.337242168318426,1.004367675382155,4.3416098437005815,4.3416098437005815,21958.862722756287
random_5fold_cv,A3_physics_plus_activity_and_arrhenius,3,R025,24,,catalase,Vmax (nM s⁻¹),91.0,1381.428019518357,1.9590413923210936,3.1403282605587903,1.1812868682376967,1.1812868682376967,15.18052768701491
random_5fold_cv,A3_physics_plus_activity_and_arrhenius,3,R026,25,,catalase,Km (mM),214.0,164.1388638491031,2.330413773349191,2.215211422959697,-0.11520235038949389,0.11520235038949389,0.7670040366780518
random_5fold_cv,A3_physics_plus_activity_and_arrhenius,3,R026,25,,catalase,Kcat (s⁻¹),60500.0,75756.11852874683,4.781755374652469,4.879417714876806,0.09766234022433729,0.09766234022433729,1.2521672484090385
random_5fold_cv,A3_physics_plus_activity_and_arrhenius,3,R026,25,,catalase,Vmax (nM s⁻¹),506.0,721.5873872197453,2.7041505168397992,2.8582889334741037,0.1541384166343045,0.1541384166343045,1.426062030078548
random_5fold_cv,A3_physics_plus_activity_and_arrhenius,3,R037,36,,peroxidase,Km (mM),0.0213,0.0355274479161073,-1.6716203965612624,-1.4494359885635824,0.22218440799768002,0.22218440799768002,1.6679553012256947
random_5fold_cv,A3_physics_plus_activity_and_arrhenius,3,R037,36,,peroxidase,Kcat (s⁻¹),16500.0,16818.43572651304,4.217483944213907,4.225785599848586,0.008301655634679328,0.008301655634679328,1.019299134940184
random_5fold_cv,A3_physics_plus_activity_and_arrhenius,3,R037,36,,peroxidase,Vmax (nM s⁻¹),138.0,149.98432825605047,2.1398790864012365,2.176045882339072,0.03616679593783534,0.03616679593783534,1.0868429583771773
random_5fold_cv,A3_physics_plus_activity_and_arrhenius,3,R039,38,,peroxidase,Km (mM),0.24,0.3923883981340753,-0.619788758288394,-0.4062838420179796,0.21350491627041435,0.21350491627041435,1.6349516588919804
random_5fold_cv,A3_physics_plus_activity_and_arrhenius,3,R039,38,,peroxidase,Kcat (s⁻¹),2.64e-05,3.2568628546939697,-4.578396073130169,0.5127994709678004,5.091195544097969,5.091195544097969,123366.01722325642
random_5fold_cv,A3_physics_plus_activity_and_arrhenius,3,R039,38,,peroxidase,Vmax (nM s⁻¹),4.0,195.61115016264628,0.6020599913279624,2.291393606668827,1.6893336153408645,1.6893336153408645,48.90278754066157
random_5fold_cv,A3_physics_plus_activity_and_arrhenius,3,R048,47,,catalase,Km (mM),1110.0,13.618008533434754,3.0453229787866576,1.1341136019837887,-1.9112093768028688,1.9112093768028688,0.012268476156247526
random_5fold_cv,A3_physics_plus_activity_and_arrhenius,3,R048,47,,catalase,Kcat (s⁻¹),3.68,105.57498093241979,0.5658478186735176,2.0235610116603304,1.4577131929868128,1.4577131929868128,28.688853514244506
random_5fold_cv,A3_physics_plus_activity_and_arrhenius,3,R048,47,,catalase,Vmax (nM s⁻¹),593.0,3483.3773394263585,2.7730546933642626,3.5420005222774535,0.768945828913191,0.768945828913191,5.87416077474934
random_5fold_cv,A3_physics_plus_activity_and_arrhenius,3,R050,49,,catalase,Km (mM),154.0,13.555898445727314,2.187520720836463,1.1321283066521033,-1.0553924141843598,1.0553924141843598,0.0880253145826449
random_5fold_cv,A3_physics_plus_activity_and_arrhenius,3,R050,49,,catalase,Kcat (s⁻¹),85800.0,521.4955421436069,4.933487287848705,2.717250600335498,-2.216236687513207,2.216236687513207,0.00607803662172036
random_5fold_cv,A3_physics_plus_activity_and_arrhenius,3,R050,49,,catalase,Vmax (nM s⁻¹),97.8,692.2937378359838,1.9903388547876015,2.840290403205287,0.8499515484176854,0.8499515484176854,7.078668076032555
random_5fold_cv,A3_physics_plus_activity_and_arrhenius,3,R056,55,,catalase,Km (mM),0.27,17.197843802174326,-0.5686362358410126,1.2354740001914004,1.804110236032413,1.804110236032413,63.69571778583083
random_5fold_cv,A3_physics_plus_activity_and_arrhenius,3,R056,55,,catalase,Kcat (s⁻¹),440.0,31.22672900669349,2.6434526764861874,1.4945264943568974,-1.14892618212929,1.14892618212929,0.0709698386515761
random_5fold_cv,A3_physics_plus_activity_and_arrhenius,3,R056,55,,catalase,Vmax (nM s⁻¹),1500.0,1217.5839023042124,3.1760912590556813,3.085498897650326,-0.09059236140535543,0.09059236140535543,0.8117226015361416
random_5fold_cv,A3_physics_plus_activity_and_arrhenius,3,R069,68,,catalase,Km (mM),10.35,19.885265655139325,1.0149403497929366,1.298531397272738,0.28359104747980135,0.28359104747980135,1.921281705810563
random_5fold_cv,A3_physics_plus_activity_and_arrhenius,3,R069,68,,catalase,Kcat (s⁻¹),3000.0,16.27285255613005,3.4771212547196626,1.2114636894333528,-2.26565756528631,2.26565756528631,0.005424284185376683
random_5fold_cv,A3_physics_plus_activity_and_arrhenius,3,R069,68,,catalase,Vmax (nM s⁻¹),0.689,377.0465711090437,-0.1617807780923742,2.57639499563427,2.7381757737266446,2.7381757737266446,547.2374036415729
random_5fold_cv,A3_physics_plus_activity_and_arrhenius,3,R083,82,,peroxidase,Km (mM),0.434,0.6314662622183845,-0.3625102704874893,-0.19964984783833384,0.16286042264915546,0.16286042264915546,1.4549913875999643
random_5fold_cv,A3_physics_plus_activity_and_arrhenius,3,R083,82,,peroxidase,Kcat (s⁻¹),4000.0,264.6171427544146,3.6020599913279625,2.4226179757641275,-1.179442015563835,1.179442015563835,0.06615428568860365
random_5fold_cv,A3_physics_plus_activity_and_arrhenius,3,R083,82,,peroxidase,Vmax (nM s⁻¹),100.0,204.12709091219233,2.0,2.3099006463275855,0.3099006463275855,0.3099006463275855,2.0412709091219234
random_5fold_cv,A3_physics_plus_activity_and_arrhenius,3,R084,83,,catalase,Km (mM),0.14,0.21990675799540174,-0.8538719643217619,-0.6577614240497879,0.19611054027197405,0.19611054027197405,1.5707625571100123
random_5fold_cv,A3_physics_plus_activity_and_arrhenius,3,R084,83,,catalase,Kcat (s⁻¹),266.6,94.42240798475979,2.4258601450778405,1.9750750717270806,-0.4507850733507599,0.4507850733507599,0.3541725730861207
random_5fold_cv,A3_physics_plus_activity_and_arrhenius,3,R084,83,,catalase,Vmax (nM s⁻¹),11.6,27.303563286415347,1.0644579892269184,1.4362193288958103,0.3717613396688919,0.3717613396688919,2.353755455725461
random_5fold_cv,M1_raw_independent,4,R016,15,,catalase,Km (mM),257.0,1.006098887798348,2.4099331233312946,0.0026406689053105675,-2.407292454425984,2.407292454425984,0.003914781664585012
random_5fold_cv,M1_raw_independent,4,R016,15,,catalase,Kcat (s⁻¹),93800.0,18751.973761310364,4.972202838379064,4.2730469866520915,-0.6991558517269727,0.6991558517269727,0.19991443242335144
random_5fold_cv,M1_raw_independent,4,R016,15,,catalase,Vmax (nM s⁻¹),684.0,245.3636680908708,2.835056101720116,2.3898102555556022,-0.4452458461645139,0.4452458461645139,0.3587188129983491
random_5fold_cv,M1_raw_independent,4,R027,26,,unknown,Km (mM),2.33,0.9276058651521643,0.367355921026019,-0.03263651402804811,-0.3999924350540671,0.3999924350540671,0.39811410521552115
random_5fold_cv,M1_raw_independent,4,R027,26,,unknown,Kcat (s⁻¹),0.00052,0.007848090088747688,-3.283996656365201,-2.105236020304275,1.1787606360609262,1.1787606360609262,15.092480939899401
random_5fold_cv,M1_raw_independent,4,R027,26,,unknown,Vmax (nM s⁻¹),868000.0,4397.14259040385,5.938519725176492,3.643170549136077,-2.2953491760404146,2.2953491760404146,0.00506583247742379
random_5fold_cv,M1_raw_independent,4,R028,27,,peroxidase,Km (mM),0.3,4.4182347541742635,-0.5228787452803376,0.6452487875277017,1.1681275328080392,1.1681275328080392,14.727449180580878
random_5fold_cv,M1_raw_independent,4,R028,27,,peroxidase,Kcat (s⁻¹),0.000183,0.3918013832050522,-3.7375489102695707,-0.4069340351170325,3.330614875152538,3.330614875152538,2140.99116505493
random_5fold_cv,M1_raw_independent,4,R028,27,,peroxidase,Vmax (nM s⁻¹),84.3,63.46461168070101,1.9258275746247424,1.8025316270885483,-0.1232959475361941,0.1232959475361941,0.7528423686915897
random_5fold_cv,M1_raw_independent,4,R033,32,,catalase,Km (mM),214.0,1.006098887798348,2.330413773349191,0.0026406689053105675,-2.3277731044438803,2.3277731044438803,0.004701396671954898
random_5fold_cv,M1_raw_independent,4,R033,32,,catalase,Kcat (s⁻¹),60500.0,18751.973761310364,4.781755374652469,4.2730469866520915,-0.5087083880003771,0.5087083880003771,0.3099499795257911
random_5fold_cv,M1_raw_independent,4,R033,32,,catalase,Vmax (nM s⁻¹),506.0,245.3636680908708,2.7041505168397992,2.3898102555556022,-0.314340261284197,0.314340261284197,0.4849084349621952
random_5fold_cv,M1_raw_independent,4,R042,41,,unknown,Km (mM),4.3,0.9276058651521643,0.6334684555795865,-0.03263651402804811,-0.6661049696076347,0.6661049696076347,0.21572229422143355
random_5fold_cv,M1_raw_independent,4,R042,41,,unknown,Kcat (s⁻¹),0.00501,0.007848090088747688,-2.300162274132754,-2.105236020304275,0.19492625382847928,0.19492625382847928,1.5664850476542294
random_5fold_cv,M1_raw_independent,4,R042,41,,unknown,Vmax (nM s⁻¹),225000.0,4397.14259040385,5.352182518111363,3.643170549136077,-1.7090119689752856,1.7090119689752856,0.019542855957350443
random_5fold_cv,M1_raw_independent,4,R044,43,,catalase,Km (mM),4.766,1.3591883353264282,0.6781540380104373,0.1332796387236265,-0.5448743992868108,0.5448743992868108,0.2851842919274923
random_5fold_cv,M1_raw_independent,4,R044,43,,catalase,Kcat (s⁻¹),47.6476,0.3910685966615873,1.6780410301998117,-0.40774705708330317,-2.085788087283115,2.085788087283115,0.008207519301320262
random_5fold_cv,M1_raw_independent,4,R044,43,,catalase,Vmax (nM s⁻¹),297.9,120.00275630838992,2.4740705032150436,2.079191221345764,-0.39487928186927945,0.39487928186927945,0.4028289906290364
random_5fold_cv,M1_raw_independent,4,R047,46,,catalase,Km (mM),0.62,0.8847330959231802,-0.20760831050174613,-0.0531877264213517,0.15442058408039444,0.15442058408039444,1.4269888643922262
random_5fold_cv,M1_raw_independent,4,R047,46,,catalase,Kcat (s⁻¹),6.76e-05,0.011867899860966591,-4.170053304058364,-1.9256261268322021,2.2444271772261617,2.2444271772261617,175.5606488308667
random_5fold_cv,M1_raw_independent,4,R047,46,,catalase,Vmax (nM s⁻¹),31.3,3725.2325030854545,1.4955443375464486,3.571153383569117,2.0756090460226684,2.0756090460226684,119.01701287812953
random_5fold_cv,M1_raw_independent,4,R049,48,,unknown,Km (mM),6.97,0.25853982518504576,0.8432327780980095,-0.587472549181565,-1.4307053272795744,1.4307053272795744,0.037093231733865965
random_5fold_cv,M1_raw_independent,4,R049,48,,unknown,Kcat (s⁻¹),18.52,377.95944832140606,1.2676409823459156,2.5774452064113444,1.3098042240654288,1.3098042240654288,20.408177555151514
random_5fold_cv,M1_raw_independent,4,R049,48,,unknown,Vmax (nM s⁻¹),630.0,84.07917263591447,2.7993405494535817,1.9246884294542395,-0.8746521199993422,0.8746521199993422,0.13345900418399123
random_5fold_cv,M1_raw_independent,4,R051,50,,catalase,Km (mM),3.7,2.473578678837899,0.568201724066995,0.3933257288266222,-0.17487599524037278,0.17487599524037278,0.6685347780642971
random_5fold_cv,M1_raw_independent,4,R051,50,,catalase,Kcat (s⁻¹),3480.0,682.2911412233439,3.5415792439465807,2.8339697324952153,-0.7076095114513654,0.7076095114513654,0.19606067276532868
random_5fold_cv,M1_raw_independent,4,R051,50,,catalase,Vmax (nM s⁻¹),87.1,215.88181410003688,1.9400181550076632,2.3342160588758767,0.3941979038682135,0.3941979038682135,2.478551252583661
random_5fold_cv,M1_raw_independent,4,R058,57,,catalase,Km (mM),0.13,0.2232198116846068,-0.8860566476931632,-0.6512672625863154,0.23478938510684777,0.23478938510684777,1.7170754744969754
random_5fold_cv,M1_raw_independent,4,R058,57,,catalase,Kcat (s⁻¹),433.33,661.3733837192763,2.6368187568475414,2.820446713201754,0.1836279563542127,0.1836279563542127,1.526258010567642
random_5fold_cv,M1_raw_independent,4,R058,57,,catalase,Vmax (nM s⁻¹),19.98,56.305912995520345,1.3005954838899636,1.7505540049131991,0.4499585210232355,0.4499585210232355,2.818113763539557
random_5fold_cv,M1_raw_independent,4,R059,58,,peroxidase,Km (mM),0.224,4.789842748293221,-0.6497519816658371,0.6803212556547389,1.3300732373205761,1.3300732373205761,21.38322655488045
random_5fold_cv,M1_raw_independent,4,R059,58,,peroxidase,Kcat (s⁻¹),4970000.0,3468.194302162327,6.696356388733332,3.540103420405413,-3.1562529683279195,3.1562529683279195,0.0006978258153244118
random_5fold_cv,M1_raw_independent,4,R059,58,,peroxidase,Vmax (nM s⁻¹),121.5,68.78058169727896,2.084576277934331,1.8374658444556096,-0.2471104334787213,0.2471104334787213,0.5660953226113494
random_5fold_cv,M1_raw_independent,4,R070,69,,catalase,Km (mM),70.0,4.4581196401276655,1.845098040014257,0.6491517192249849,-1.195946320789272,1.195946320789272,0.06368742343039523
random_5fold_cv,M1_raw_independent,4,R070,69,,catalase,Kcat (s⁻¹),810.0,7201.3921052730875,2.90848501887865,3.8574164582643737,0.9489314393857238,0.9489314393857238,8.890607537374182
random_5fold_cv,M1_raw_independent,4,R070,69,,catalase,Vmax (nM s⁻¹),9200000000.0,1620.9498447682026,9.963787827345556,3.209769577169678,-6.754018250175878,6.754018250175878,1.761902005182829e-07
random_5fold_cv,M1_raw_independent,4,R077,76,,peroxidase,Km (mM),0.12,0.8847330959231802,-0.9208187539523752,-0.0531877264213517,0.8676310275310235,0.8676310275310235,7.372775799359835
random_5fold_cv,M1_raw_independent,4,R077,76,,peroxidase,Kcat (s⁻¹),70.6,0.011867899860966591,1.8488047010518038,-1.9256261268322021,-3.774430827884006,3.774430827884006,0.00016810056460292623
random_5fold_cv,M1_raw_independent,4,R077,76,,peroxidase,Vmax (nM s⁻¹),35.0,3725.2325030854545,1.5440680443502757,3.571153383569117,2.0270853392188415,2.0270853392188415,106.43521437387012
random_5fold_cv,M1_raw_independent,4,R078,77,,catalase,Km (mM),0.072,0.2232198116846068,-1.1426675035687315,-0.6512672625863154,0.4914002409824161,0.4914002409824161,3.1002751622862057
random_5fold_cv,M1_raw_independent,4,R078,77,,catalase,Kcat (s⁻¹),163.33,661.3733837192763,2.2130659620657176,2.820446713201754,0.6073807511360365,0.6073807511360365,4.049307437208573
random_5fold_cv,M1_raw_independent,4,R078,77,,catalase,Vmax (nM s⁻¹),7.16,56.305912995520345,0.8549130223078556,1.7505540049131991,0.8956409826053435,0.8956409826053435,7.863954328983288
random_5fold_cv,M1_raw_independent,4,R082,81,,catalase,Km (mM),6.49,1.2773301966989887,0.8122446968003693,0.10630317922703736,-0.7059415175733319,0.7059415175733319,0.19681513046209378
random_5fold_cv,M1_raw_independent,4,R082,81,,catalase,Kcat (s⁻¹),4.75,5.574594787439518,0.6766936096248666,0.746213304370452,0.06951969474558539,0.06951969474558539,1.173598902618846
random_5fold_cv,M1_raw_independent,4,R082,81,,catalase,Vmax (nM s⁻¹),325.0,309.86104814641845,2.5118833609788744,2.4911669856026393,-0.020716375376235163,0.020716375376235163,0.9534186096812876
random_5fold_cv,M1_raw_independent,4,R085,84,,peroxidase,Km (mM),0.236,1.3591883353264282,-0.6270879970298935,0.1332796387236265,0.76036763575352,0.76036763575352,5.759272607315374
random_5fold_cv,M1_raw_independent,4,R085,84,,peroxidase,Kcat (s⁻¹),2950.0,0.3910685966615873,3.469822015978163,-0.40774705708330317,-3.877569073061466,3.877569073061466,0.00013256562598697874
random_5fold_cv,M1_raw_independent,4,R085,84,,peroxidase,Vmax (nM s⁻¹),87.8,120.00275630838992,1.9434945159061026,2.079191221345764,0.1356967054396616,0.1356967054396616,1.3667739898449878
random_5fold_cv,M1_raw_independent,4,R086,85,,peroxidase,Km (mM),3.28,2.1189613190751464,0.5158738437116791,0.3261230288837313,-0.1897508148279478,0.1897508148279478,0.6460247924009593
random_5fold_cv,M1_raw_independent,4,R086,85,,peroxidase,Kcat (s⁻¹),0.00013,0.49890568184323963,-3.886056647693163,-0.30198155002130195,3.584075097671861,3.584075097671861,3837.7360141787667
random_5fold_cv,M1_raw_independent,4,R086,85,,peroxidase,Vmax (nM s⁻¹),25.0,112.64790543175651,1.3979400086720377,2.051723120889968,0.6537831122179305,0.6537831122179305,4.5059162172702605
random_5fold_cv,M2_raw_chain,4,R016,15,,catalase,Km (mM),257.0,1.006098887798348,2.4099331233312946,0.0026406689053105675,-2.407292454425984,2.407292454425984,0.003914781664585012
random_5fold_cv,M2_raw_chain,4,R016,15,,catalase,Kcat (s⁻¹),93800.0,4666.339378929427,4.972202838379064,3.6689763214779663,-1.303226516901098,1.303226516901098,0.04974775457280839
random_5fold_cv,M2_raw_chain,4,R016,15,,catalase,Vmax (nM s⁻¹),684.0,169.27986365794368,2.835056101720116,2.228605300564056,-0.6064508011560603,0.6064508011560603,0.24748518078646736
random_5fold_cv,M2_raw_chain,4,R027,26,,unknown,Km (mM),2.33,0.9276058651521641,0.367355921026019,-0.032636514028048166,-0.3999924350540672,0.3999924350540672,0.3981141052155211
random_5fold_cv,M2_raw_chain,4,R027,26,,unknown,Kcat (s⁻¹),0.00052,0.012839522857909005,-3.283996656365201,-1.891451115210118,1.3925455411550829,1.3925455411550829,24.691390111363475
random_5fold_cv,M2_raw_chain,4,R027,26,,unknown,Vmax (nM s⁻¹),868000.0,2423.7663382473447,5.938519725176492,3.3844907496109498,-2.554028975565542,2.554028975565542,0.002792357532543024
random_5fold_cv,M2_raw_chain,4,R028,27,,peroxidase,Km (mM),0.3,4.418234754174262,-0.5228787452803376,0.6452487875277015,1.1681275328080392,1.1681275328080392,14.727449180580873
random_5fold_cv,M2_raw_chain,4,R028,27,,peroxidase,Kcat (s⁻¹),0.000183,0.6547346367789351,-3.7375489102695707,-0.18393468341882438,3.5536142268507462,3.5536142268507462,3577.784900431339
random_5fold_cv,M2_raw_chain,4,R028,27,,peroxidase,Vmax (nM s⁻¹),84.3,172.13212066622935,1.9258275746247424,2.2358619192901728,0.31003434466543034,0.31003434466543034,2.0418994147832663
random_5fold_cv,M2_raw_chain,4,R033,32,,catalase,Km (mM),214.0,1.006098887798348,2.330413773349191,0.0026406689053105675,-2.3277731044438803,2.3277731044438803,0.004701396671954898
random_5fold_cv,M2_raw_chain,4,R033,32,,catalase,Kcat (s⁻¹),60500.0,4666.339378929427,4.781755374652469,3.6689763214779663,-1.1127790531745023,1.1127790531745023,0.0771295765112302
random_5fold_cv,M2_raw_chain,4,R033,32,,catalase,Vmax (nM s⁻¹),506.0,169.27986365794368,2.7041505168397992,2.228605300564056,-0.4755452162757434,0.4755452162757434,0.33454518509475034
random_5fold_cv,M2_raw_chain,4,R042,41,,unknown,Km (mM),4.3,0.9276058651521641,0.6334684555795865,-0.032636514028048166,-0.6661049696076347,0.6661049696076347,0.21572229422143352
random_5fold_cv,M2_raw_chain,4,R042,41,,unknown,Kcat (s⁻¹),0.00501,0.012839522857909005,-2.300162274132754,-1.891451115210118,0.408711158922636,0.408711158922636,2.562779013554692
random_5fold_cv,M2_raw_chain,4,R042,41,,unknown,Vmax (nM s⁻¹),225000.0,2423.7663382473447,5.352182518111363,3.3844907496109498,-1.967691768500413,1.967691768500413,0.010772294836654865
random_5fold_cv,M2_raw_chain,4,R044,43,,catalase,Km (mM),4.766,1.3591883353264282,0.6781540380104373,0.1332796387236265,-0.5448743992868108,0.5448743992868108,0.2851842919274923
random_5fold_cv,M2_raw_chain,4,R044,43,,catalase,Kcat (s⁻¹),47.6476,0.5375439258310499,1.6780410301998117,-0.26958604124197383,-1.9476270714417856,1.9476270714417856,0.01128165796033903
random_5fold_cv,M2_raw_chain,4,R044,43,,catalase,Vmax (nM s⁻¹),297.9,193.31071445952574,2.4740705032150436,2.286255925946251,-0.1878145772687927,0.1878145772687927,0.6489114281957897
random_5fold_cv,M2_raw_chain,4,R047,46,,catalase,Km (mM),0.62,0.8847330959231802,-0.20760831050174613,-0.0531877264213517,0.15442058408039444,0.15442058408039444,1.4269888643922262
random_5fold_cv,M2_raw_chain,4,R047,46,,catalase,Kcat (s⁻¹),6.76e-05,0.02159709092404714,-4.170053304058364,-1.6656047433267596,2.5044485607316043,2.5044485607316043,319.4835935509932
random_5fold_cv,M2_raw_chain,4,R047,46,,catalase,Vmax (nM s⁻¹),31.3,1786.9066307379783,1.4955443375464486,3.2521018603877607,1.7565575228413122,1.7565575228413122,57.089668713673426
random_5fold_cv,M2_raw_chain,4,R049,48,,unknown,Km (mM),6.97,0.25853982518504576,0.8432327780980095,-0.587472549181565,-1.4307053272795744,1.4307053272795744,0.037093231733865965
random_5fold_cv,M2_raw_chain,4,R049,48,,unknown,Kcat (s⁻¹),18.52,466.1582093809672,1.2676409823459156,2.668533336862043,1.4008923545161276,1.4008923545161276,25.170529664199094
random_5fold_cv,M2_raw_chain,4,R049,48,,unknown,Vmax (nM s⁻¹),630.0,51.8372585985465,2.7993405494535817,1.7146420259064212,-1.0846985235471605,1.0846985235471605,0.08228136285483571
random_5fold_cv,M2_raw_chain,4,R051,50,,catalase,Km (mM),3.7,2.473578678837898,0.568201724066995,0.39332572882662203,-0.17487599524037295,0.17487599524037295,0.6685347780642967
random_5fold_cv,M2_raw_chain,4,R051,50,,catalase,Kcat (s⁻¹),3480.0,510.50693454417217,3.5415792439465807,2.7080016457643863,-0.8335775981821945,0.8335775981821945,0.1466973949839575
random_5fold_cv,M2_raw_chain,4,R051,50,,catalase,Vmax (nM s⁻¹),87.1,216.1126705274653,1.9400181550076632,2.3346802299968323,0.39466207498916916,0.39466207498916916,2.4812017282142973
random_5fold_cv,M2_raw_chain,4,R058,57,,catalase,Km (mM),0.13,0.2232198116846068,-0.8860566476931632,-0.6512672625863154,0.23478938510684777,0.23478938510684777,1.7170754744969754
random_5fold_cv,M2_raw_chain,4,R058,57,,catalase,Kcat (s⁻¹),433.33,800.7378716046112,2.6368187568475414,2.9034903693338836,0.2666716124863422,0.2666716124863422,1.847870841170958
random_5fold_cv,M2_raw_chain,4,R058,57,,catalase,Vmax (nM s⁻¹),19.98,51.380603734440506,1.3005954838899636,1.710799203024831,0.4102037191348673,0.4102037191348673,2.571601788510536
random_5fold_cv,M2_raw_chain,4,R059,58,,peroxidase,Km (mM),0.224,4.789842748293221,-0.6497519816658371,0.6803212556547389,1.3300732373205761,1.3300732373205761,21.38322655488045
random_5fold_cv,M2_raw_chain,4,R059,58,,peroxidase,Kcat (s⁻¹),4970000.0,1824.4915259540228,6.696356388733332,3.261141850578193,-3.4352145381551393,3.4352145381551393,0.00036710091065473297
random_5fold_cv,M2_raw_chain,4,R059,58,,peroxidase,Vmax (nM s⁻¹),121.5,102.44265291532354,2.084576277934331,2.010480816687914,-0.07409546124641686,0.07409546124641686,0.8431494067104818
random_5fold_cv,M2_raw_chain,4,R070,69,,catalase,Km (mM),70.0,4.4581196401276655,1.845098040014257,0.6491517192249849,-1.195946320789272,1.195946320789272,0.06368742343039523
random_5fold_cv,M2_raw_chain,4,R070,69,,catalase,Kcat (s⁻¹),810.0,6305.809928885969,2.90848501887865,3.7997408760090865,0.8912558571304365,0.8912558571304365,7.784950529488851
random_5fold_cv,M2_raw_chain,4,R070,69,,catalase,Vmax (nM s⁻¹),9200000000.0,898.9163120854357,9.963787827345556,2.953719261375843,-7.010068565969712,7.010068565969712,9.770829479189519e-08
random_5fold_cv,M2_raw_chain,4,R077,76,,peroxidase,Km (mM),0.12,0.8847330959231802,-0.9208187539523752,-0.0531877264213517,0.8676310275310235,0.8676310275310235,7.372775799359835
random_5fold_cv,M2_raw_chain,4,R077,76,,peroxidase,Kcat (s⁻¹),70.6,0.02159709092404714,1.8488047010518038,-1.6656047433267596,-3.5144094443785634,3.5144094443785634,0.0003059078034567584
random_5fold_cv,M2_raw_chain,4,R077,76,,peroxidase,Vmax (nM s⁻¹),35.0,1786.9066307379783,1.5440680443502757,3.2521018603877607,1.708033816037485,1.708033816037485,51.054475163942236
random_5fold_cv,M2_raw_chain,4,R078,77,,catalase,Km (mM),0.072,0.2232198116846068,-1.1426675035687315,-0.6512672625863154,0.4914002409824161,0.4914002409824161,3.1002751622862057
random_5fold_cv,M2_raw_chain,4,R078,77,,catalase,Kcat (s⁻¹),163.33,800.7378716046112,2.2130659620657176,2.9034903693338836,0.690424407268166,0.690424407268166,4.902576817514303
random_5fold_cv,M2_raw_chain,4,R078,77,,catalase,Vmax (nM s⁻¹),7.16,51.380603734440506,0.8549130223078556,1.710799203024831,0.8558861807169753,0.8558861807169753,7.176061974083869
random_5fold_cv,M2_raw_chain,4,R082,81,,catalase,Km (mM),6.49,1.2773301966989887,0.8122446968003693,0.10630317922703736,-0.7059415175733319,0.7059415175733319,0.19681513046209378
random_5fold_cv,M2_raw_chain,4,R082,81,,catalase,Kcat (s⁻¹),4.75,16.19642254543035,0.6766936096248666,1.2094190984714663,0.5327254888465998,0.5327254888465998,3.4097731674590213
random_5fold_cv,M2_raw_chain,4,R082,81,,catalase,Vmax (nM s⁻¹),325.0,240.92166710960157,2.5118833609788744,2.3818758597035723,-0.13000750127530214,0.13000750127530214,0.7412974372603125
random_5fold_cv,M2_raw_chain,4,R085,84,,peroxidase,Km (mM),0.236,1.3591883353264282,-0.6270879970298935,0.1332796387236265,0.76036763575352,0.76036763575352,5.759272607315374
random_5fold_cv,M2_raw_chain,4,R085,84,,peroxidase,Kcat (s⁻¹),2950.0,0.5375439258310499,3.469822015978163,-0.26958604124197383,-3.7394080572201367,3.7394080572201367,0.0001822182799427288
random_5fold_cv,M2_raw_chain,4,R085,84,,peroxidase,Vmax (nM s⁻¹),87.8,193.31071445952574,1.9434945159061026,2.286255925946251,0.3427614100401484,0.3427614100401484,2.201716565598243
random_5fold_cv,M2_raw_chain,4,R086,85,,peroxidase,Km (mM),3.28,2.1189613190751464,0.5158738437116791,0.3261230288837313,-0.1897508148279478,0.1897508148279478,0.6460247924009593
random_5fold_cv,M2_raw_chain,4,R086,85,,peroxidase,Kcat (s⁻¹),0.00013,1.090325817750584,-3.886056647693163,0.037556295836961885,3.923612943530125,3.923612943530125,8387.121675004491
random_5fold_cv,M2_raw_chain,4,R086,85,,peroxidase,Vmax (nM s⁻¹),25.0,185.85087727377075,1.3979400086720377,2.269164615441207,0.8712246067691691,0.8712246067691691,7.43403509095083
random_5fold_cv,M3_physics_independent,4,R016,15,,catalase,Km (mM),257.0,223.31451900767638,2.4099331233312946,2.34891696006173,-0.061016163269564494,0.061016163269564494,0.8689280895240327
random_5fold_cv,M3_physics_independent,4,R016,15,,catalase,Kcat (s⁻¹),93800.0,77564.13590258555,4.972202838379064,4.889660958629733,-0.08254187974933114,0.08254187974933114,0.8269097644198886
random_5fold_cv,M3_physics_independent,4,R016,15,,catalase,Vmax (nM s⁻¹),684.0,586.8867963831002,2.835056101720116,2.7685543389862874,-0.06650176273382868,0.06650176273382868,0.8580216321390354
random_5fold_cv,M3_physics_independent,4,R027,26,,unknown,Km (mM),2.33,1.4937509947445657,0.367355921026019,0.17427820750522174,-0.19307771352079725,0.19307771352079725,0.6410948475298566
random_5fold_cv,M3_physics_independent,4,R027,26,,unknown,Kcat (s⁻¹),0.00052,0.0039040049863572953,-3.283996656365201,-2.4084896363060437,0.8755070200591573,0.8755070200591573,7.5077018968409535
random_5fold_cv,M3_physics_independent,4,R027,26,,unknown,Vmax (nM s⁻¹),868000.0,96926.65726039934,5.938519725176492,4.98644323534748,-0.9520764898290119,0.9520764898290119,0.11166665582995315
random_5fold_cv,M3_physics_independent,4,R028,27,,peroxidase,Km (mM),0.3,2.8270699328136417,-0.5228787452803376,0.4513365517011993,0.974215296981537,0.974215296981537,9.42356644271214
random_5fold_cv,M3_physics_independent,4,R028,27,,peroxidase,Kcat (s⁻¹),0.000183,0.2833126473313045,-3.7375489102695707,-0.5477340377506685,3.189814872518902,3.189814872518902,1548.1565427940136
random_5fold_cv,M3_physics_independent,4,R028,27,,peroxidase,Vmax (nM s⁻¹),84.3,53.1195667102809,1.9258275746247424,1.7252545238881702,-0.20057305073657217,0.20057305073657217,0.6301253465039253
random_5fold_cv,M3_physics_independent,4,R033,32,,catalase,Km (mM),214.0,223.31451900767638,2.330413773349191,2.34891696006173,0.018503186712539144,0.018503186712539144,1.043525789755497
random_5fold_cv,M3_physics_independent,4,R033,32,,catalase,Kcat (s⁻¹),60500.0,77564.13590258555,4.781755374652469,4.889660958629733,0.10790558397726446,0.10790558397726446,1.2820518331005877
random_5fold_cv,M3_physics_independent,4,R033,32,,catalase,Vmax (nM s⁻¹),506.0,586.8867963831002,2.7041505168397992,2.7685543389862874,0.06440382214648821,0.06440382214648821,1.1598553288203561
random_5fold_cv,M3_physics_independent,4,R042,41,,unknown,Km (mM),4.3,1.4937509947445657,0.6334684555795865,0.17427820750522174,-0.4591902480743648,0.4591902480743648,0.3473839522661781
random_5fold_cv,M3_physics_independent,4,R042,41,,unknown,Kcat (s⁻¹),0.00501,0.0039040049863572953,-2.300162274132754,-2.4084896363060437,-0.10832736217328964,0.10832736217328964,0.7792425122469652
random_5fold_cv,M3_physics_independent,4,R042,41,,unknown,Vmax (nM s⁻¹),225000.0,96926.65726039934,5.352182518111363,4.98644323534748,-0.365739282763883,0.365739282763883,0.43078514337955265
random_5fold_cv,M3_physics_independent,4,R044,43,,catalase,Km (mM),4.766,4.544792225229844,0.6781540380104373,0.6575140333228316,-0.02064000468760563,0.02064000468760563,0.9535862830948056
random_5fold_cv,M3_physics_independent,4,R044,43,,catalase,Kcat (s⁻¹),47.6476,2.7667006135593053,1.6780410301998117,0.44196216640015984,-1.2360788637996518,1.2360788637996518,0.05806589657316015
random_5fold_cv,M3_physics_independent,4,R044,43,,catalase,Vmax (nM s⁻¹),297.9,136.26450549514146,2.4740705032150436,2.1343827444986463,-0.33968775871639734,0.33968775871639734,0.4574169368752651
random_5fold_cv,M3_physics_independent,4,R047,46,,catalase,Km (mM),0.62,0.9126337052815291,-0.20760831050174613,-0.03970349595403189,0.16790481454771425,0.16790481454771425,1.4719898472282726
random_5fold_cv,M3_physics_independent,4,R047,46,,catalase,Kcat (s⁻¹),6.76e-05,0.5402251364729393,-4.170053304058364,-0.2674252121191071,3.9026280919392566,3.9026280919392566,7991.4961016707
random_5fold_cv,M3_physics_independent,4,R047,46,,catalase,Vmax (nM s⁻¹),31.3,2830.365494855613,1.4955443375464486,3.45184252108955,1.9562981835431013,1.9562981835431013,90.42701261519531
random_5fold_cv,M3_physics_independent,4,R049,48,,unknown,Km (mM),6.97,0.5030720403492015,0.8432327780980095,-0.2983698191470893,-1.1416025972450987,1.1416025972450987,0.07217676332126277
random_5fold_cv,M3_physics_independent,4,R049,48,,unknown,Kcat (s⁻¹),18.52,5.072109435351167,1.2676409823459156,0.7051886152712339,-0.5624523670746817,0.5624523670746817,0.2738719997489831
random_5fold_cv,M3_physics_independent,4,R049,48,,unknown,Vmax (nM s⁻¹),630.0,495.1577950283049,2.7993405494535817,2.6947436203265807,-0.10459692912700103,0.10459692912700103,0.7859647540131824
random_5fold_cv,M3_physics_independent,4,R051,50,,catalase,Km (mM),3.7,15.122359749695747,0.568201724066995,1.179619565391941,0.611417841324946,0.611417841324946,4.087124256674526
random_5fold_cv,M3_physics_independent,4,R051,50,,catalase,Kcat (s⁻¹),3480.0,3327.766876797972,3.5415792439465807,3.5221528946419927,-0.019426349304588086,0.019426349304588086,0.9562548496545897
random_5fold_cv,M3_physics_independent,4,R051,50,,catalase,Vmax (nM s⁻¹),87.1,141.12923334169054,1.9400181550076632,2.1496169823155693,0.20959882730790613,0.20959882730790613,1.62031266752802
random_5fold_cv,M3_physics_independent,4,R058,57,,catalase,Km (mM),0.13,0.15973524465092087,-0.8860566476931632,-0.7965992487416925,0.08945739895147065,0.08945739895147065,1.2287326511609298
random_5fold_cv,M3_physics_independent,4,R058,57,,catalase,Kcat (s⁻¹),433.33,450.0187366052188,2.6368187568475414,2.6532305960750255,0.016411839227484126,0.016411839227484126,1.0385127653410076
random_5fold_cv,M3_physics_independent,4,R058,57,,catalase,Vmax (nM s⁻¹),19.98,25.18949515089623,1.3005954838899636,1.4012194634339175,0.10062397954395386,0.10062397954395386,1.2607354930378494
random_5fold_cv,M3_physics_independent,4,R059,58,,peroxidase,Km (mM),0.224,0.8795652314741907,-0.6497519816658371,-0.05573194629321649,0.5940200353726206,0.5940200353726206,3.926630497652637
random_5fold_cv,M3_physics_independent,4,R059,58,,peroxidase,Kcat (s⁻¹),4970000.0,2596.6745148975706,6.696356388733332,3.4144175155735272,-3.281938873159805,3.281938873159805,0.0005224697213073583
random_5fold_cv,M3_physics_independent,4,R059,58,,peroxidase,Vmax (nM s⁻¹),121.5,63.31087456972727,2.084576277934331,1.8014783128609622,-0.2830979650733687,0.2830979650733687,0.5210771569524878
random_5fold_cv,M3_physics_independent,4,R070,69,,catalase,Km (mM),70.0,21.91549334610347,1.845098040014257,1.3407512516305795,-0.5043467883836774,0.5043467883836774,0.3130784763729067
random_5fold_cv,M3_physics_independent,4,R070,69,,catalase,Kcat (s⁻¹),810.0,5019.17383786298,2.90848501887865,3.7006322376261127,0.7921472187474627,0.7921472187474627,6.19651091094195
random_5fold_cv,M3_physics_independent,4,R070,69,,catalase,Vmax (nM s⁻¹),9200000000.0,6094.416958736935,9.963787827345556,3.784932163815759,-6.178855663529797,6.178855663529797,6.624366259496669e-07
random_5fold_cv,M3_physics_independent,4,R077,76,,peroxidase,Km (mM),0.12,0.7666969139134818,-0.9208187539523752,-0.11537628484999082,0.8054424691023844,0.8054424691023844,6.389140949279016
random_5fold_cv,M3_physics_independent,4,R077,76,,peroxidase,Kcat (s⁻¹),70.6,0.011461132600950118,1.8488047010518038,-1.9407724628190761,-3.78957716387088,3.78957716387088,0.000162338988682013
random_5fold_cv,M3_physics_independent,4,R077,76,,peroxidase,Vmax (nM s⁻¹),35.0,6970.548289445111,1.5440680443502757,3.843266940180544,2.2991988958302683,2.2991988958302683,199.1585225555746
random_5fold_cv,M3_physics_independent,4,R078,77,,catalase,Km (mM),0.072,0.15973524465092087,-1.1426675035687315,-0.7965992487416925,0.34606825482703896,0.34606825482703896,2.2185450645961233
random_5fold_cv,M3_physics_independent,4,R078,77,,catalase,Kcat (s⁻¹),163.33,450.0187366052188,2.2130659620657176,2.6532305960750255,0.44016463400930794,0.44016463400930794,2.7552729847867434
random_5fold_cv,M3_physics_independent,4,R078,77,,catalase,Vmax (nM s⁻¹),7.16,25.18949515089623,0.8549130223078556,1.4012194634339175,0.5463064411260619,0.5463064411260619,3.518085914929641
random_5fold_cv,M3_physics_independent,4,R082,81,,catalase,Km (mM),6.49,34.186605775324985,0.8122446968003693,1.5338559839138188,0.7216112871134496,0.7216112871134496,5.2675817835631715
random_5fold_cv,M3_physics_independent,4,R082,81,,catalase,Kcat (s⁻¹),4.75,82.52520449187547,0.6766936096248666,1.9165866091560368,1.2398929995311703,1.2398929995311703,17.373727261447467
random_5fold_cv,M3_physics_independent,4,R082,81,,catalase,Vmax (nM s⁻¹),325.0,856.3036851596364,2.5118833609788744,2.9326278130408774,0.42074445206200295,0.42074445206200295,2.634780569721958
random_5fold_cv,M3_physics_independent,4,R085,84,,peroxidase,Km (mM),0.236,0.5687204707188784,-0.6270879970298935,-0.24510113932256963,0.3819868577073239,0.3819868577073239,2.409832503046095
random_5fold_cv,M3_physics_independent,4,R085,84,,peroxidase,Kcat (s⁻¹),2950.0,0.14702239338612264,3.469822015978163,-0.832616511623653,-4.302438527601816,4.302438527601816,4.983809945292293e-05
random_5fold_cv,M3_physics_independent,4,R085,84,,peroxidase,Vmax (nM s⁻¹),87.8,84.66637939678633,1.9434945159061026,1.9277109883577304,-0.0157835275483722,0.0157835275483722,0.9643095603278625
random_5fold_cv,M3_physics_independent,4,R086,85,,peroxidase,Km (mM),3.28,0.5520918483367956,0.5158738437116791,-0.2579886651918372,-0.7738625089035163,0.7738625089035163,0.16832068546853526
random_5fold_cv,M3_physics_independent,4,R086,85,,peroxidase,Kcat (s⁻¹),0.00013,0.2589174017364307,-3.886056647693163,-0.5868387598233971,3.2992178878697658,3.2992178878697658,1991.672321049467
random_5fold_cv,M3_physics_independent,4,R086,85,,peroxidase,Vmax (nM s⁻¹),25.0,82.40249918225713,1.3979400086720377,1.9159403835976514,0.5180003749256137,0.5180003749256137,3.296099967290285
random_5fold_cv,M4_full_physics_chain,4,R016,15,,catalase,Km (mM),257.0,223.31451900767638,2.4099331233312946,2.34891696006173,-0.061016163269564494,0.061016163269564494,0.8689280895240327
random_5fold_cv,M4_full_physics_chain,4,R016,15,,catalase,Kcat (s⁻¹),93800.0,76855.77277587961,4.972202838379064,4.885676493703709,-0.08652634467535503,0.08652634467535503,0.8193579187193988
random_5fold_cv,M4_full_physics_chain,4,R016,15,,catalase,Vmax (nM s⁻¹),684.0,520.1628931348531,2.835056101720116,2.716139367695361,-0.11891673402475522,0.11891673402475522,0.7604720659866273
random_5fold_cv,M4_full_physics_chain,4,R027,26,,unknown,Km (mM),2.33,1.4937509947445657,0.367355921026019,0.17427820750522174,-0.19307771352079725,0.19307771352079725,0.6410948475298566
random_5fold_cv,M4_full_physics_chain,4,R027,26,,unknown,Kcat (s⁻¹),0.00052,0.004679576207522411,-3.283996656365201,-2.3297934757866137,0.9542031805785873,0.9542031805785873,8.999185014466176
random_5fold_cv,M4_full_physics_chain,4,R027,26,,unknown,Vmax (nM s⁻¹),868000.0,65525.601299798735,5.938519725176492,4.816411014967533,-1.1221087102089582,1.1221087102089582,0.07549032407810914
random_5fold_cv,M4_full_physics_chain,4,R028,27,,peroxidase,Km (mM),0.3,2.8270699328136417,-0.5228787452803376,0.4513365517011993,0.974215296981537,0.974215296981537,9.42356644271214
random_5fold_cv,M4_full_physics_chain,4,R028,27,,peroxidase,Kcat (s⁻¹),0.000183,0.39532485138142526,-3.7375489102695707,-0.4030458836621443,3.3345030266074263,3.3345030266074263,2160.245089515985
random_5fold_cv,M4_full_physics_chain,4,R028,27,,peroxidase,Vmax (nM s⁻¹),84.3,68.68169076211102,1.9258275746247424,1.8368409778053731,-0.08898659681936927,0.08898659681936927,0.8147294277830489
random_5fold_cv,M4_full_physics_chain,4,R033,32,,catalase,Km (mM),214.0,223.31451900767638,2.330413773349191,2.34891696006173,0.018503186712539144,0.018503186712539144,1.043525789755497
random_5fold_cv,M4_full_physics_chain,4,R033,32,,catalase,Kcat (s⁻¹),60500.0,76855.77277587961,4.781755374652469,4.885676493703709,0.10392111905124057,0.10392111905124057,1.2703433516674316
random_5fold_cv,M4_full_physics_chain,4,R033,32,,catalase,Vmax (nM s⁻¹),506.0,520.1628931348531,2.7041505168397992,2.716139367695361,0.011988850855561672,0.011988850855561672,1.0279899073811327
random_5fold_cv,M4_full_physics_chain,4,R042,41,,unknown,Km (mM),4.3,1.4937509947445657,0.6334684555795865,0.17427820750522174,-0.4591902480743648,0.4591902480743648,0.3473839522661781
random_5fold_cv,M4_full_physics_chain,4,R042,41,,unknown,Kcat (s⁻¹),0.00501,0.004679576207522411,-2.300162274132754,-2.3297934757866137,-0.029631201653859573,0.029631201653859573,0.9340471472100621
random_5fold_cv,M4_full_physics_chain,4,R042,41,,unknown,Vmax (nM s⁻¹),225000.0,65525.601299798735,5.352182518111363,4.816411014967533,-0.5357715031438293,0.5357715031438293,0.29122489466577217
random_5fold_cv,M4_full_physics_chain,4,R044,43,,catalase,Km (mM),4.766,4.544792225229844,0.6781540380104373,0.6575140333228316,-0.02064000468760563,0.02064000468760563,0.9535862830948056
random_5fold_cv,M4_full_physics_chain,4,R044,43,,catalase,Kcat (s⁻¹),47.6476,2.3066975453990546,1.6780410301998117,0.362990653482756,-1.3150503767170556,1.3150503767170556,0.048411620845521176
random_5fold_cv,M4_full_physics_chain,4,R044,43,,catalase,Vmax (nM s⁻¹),297.9,130.3284163606994,2.4740705032150436,2.1150391181158663,-0.3590313850991773,0.3590313850991773,0.437490487951324
random_5fold_cv,M4_full_physics_chain,4,R047,46,,catalase,Km (mM),0.62,0.9126337052815291,-0.20760831050174613,-0.03970349595403189,0.16790481454771425,0.16790481454771425,1.4719898472282726
random_5fold_cv,M4_full_physics_chain,4,R047,46,,catalase,Kcat (s⁻¹),6.76e-05,0.5516290400528848,-4.170053304058364,-0.25835287882188795,3.9117004252364755,3.9117004252364755,8160.192900190604
random_5fold_cv,M4_full_physics_chain,4,R047,46,,catalase,Vmax (nM s⁻¹),31.3,1770.778133627086,1.4955443375464486,3.2481641504743455,1.752619812927897,1.752619812927897,56.57438126604108
random_5fold_cv,M4_full_physics_chain,4,R049,48,,unknown,Km (mM),6.97,0.5030720403492014,0.8432327780980095,-0.2983698191470894,-1.141602597245099,1.141602597245099,0.07217676332126276
random_5fold_cv,M4_full_physics_chain,4,R049,48,,unknown,Kcat (s⁻¹),18.52,7.804764771054923,1.2676409823459156,0.8923598183308767,-0.37528116401503886,0.37528116401503886,0.4214235837502658
random_5fold_cv,M4_full_physics_chain,4,R049,48,,unknown,Vmax (nM s⁻¹),630.0,372.2762028618595,2.7993405494535817,2.570865275552007,-0.22847527390157474,0.22847527390157474,0.5909146077172373
random_5fold_cv,M4_full_physics_chain,4,R051,50,,catalase,Km (mM),3.7,15.122359749695747,0.568201724066995,1.179619565391941,0.611417841324946,0.611417841324946,4.087124256674526
random_5fold_cv,M4_full_physics_chain,4,R051,50,,catalase,Kcat (s⁻¹),3480.0,2950.0431064596196,3.5415792439465807,3.469828361998763,-0.07175088194781765,0.07175088194781765,0.8477135363389712
random_5fold_cv,M4_full_physics_chain,4,R051,50,,catalase,Vmax (nM s⁻¹),87.1,163.51509436987917,1.9400181550076632,2.2135578493447245,0.2735396943370614,0.2735396943370614,1.87732599735797
random_5fold_cv,M4_full_physics_chain,4,R058,57,,catalase,Km (mM),0.13,0.15973524465092082,-0.8860566476931632,-0.7965992487416926,0.08945739895147053,0.08945739895147053,1.2287326511609293
random_5fold_cv,M4_full_physics_chain,4,R058,57,,catalase,Kcat (s⁻¹),433.33,538.4889422826458,2.6368187568475414,2.731176789611835,0.09435803276429366,0.09435803276429366,1.2426763489318666
random_5fold_cv,M4_full_physics_chain,4,R058,57,,catalase,Vmax (nM s⁻¹),19.98,28.960645265412165,1.3005954838899636,1.461808234047413,0.1612127501574494,0.1612127501574494,1.4494817450156239
random_5fold_cv,M4_full_physics_chain,4,R059,58,,peroxidase,Km (mM),0.224,0.8795652314741907,-0.6497519816658371,-0.05573194629321649,0.5940200353726206,0.5940200353726206,3.926630497652637
random_5fold_cv,M4_full_physics_chain,4,R059,58,,peroxidase,Kcat (s⁻¹),4970000.0,860.1175526279303,6.696356388733332,2.934557810509619,-3.7617985782237136,3.7617985782237136,0.00017306188181648497
random_5fold_cv,M4_full_physics_chain,4,R059,58,,peroxidase,Vmax (nM s⁻¹),121.5,74.97022058245373,2.084576277934331,1.8748887886585912,-0.20968748927573966,0.20968748927573966,0.6170388525304834
random_5fold_cv,M4_full_physics_chain,4,R070,69,,catalase,Km (mM),70.0,21.91549334610346,1.845098040014257,1.3407512516305793,-0.5043467883836776,0.5043467883836776,0.3130784763729066
random_5fold_cv,M4_full_physics_chain,4,R070,69,,catalase,Kcat (s⁻¹),810.0,5761.96655767222,2.90848501887865,3.760570733316042,0.8520857144373921,0.8520857144373921,7.11353896008916
random_5fold_cv,M4_full_physics_chain,4,R070,69,,catalase,Vmax (nM s⁻¹),9200000000.0,3776.8138455135813,9.963787827345556,3.577125579516803,-6.3866622478287525,6.3866622478287525,4.105232440775632e-07
random_5fold_cv,M4_full_physics_chain,4,R077,76,,peroxidase,Km (mM),0.12,0.7666969139134819,-0.9208187539523752,-0.11537628484999075,0.8054424691023845,0.8054424691023845,6.3891409492790165
random_5fold_cv,M4_full_physics_chain,4,R077,76,,peroxidase,Kcat (s⁻¹),70.6,0.013227898556177708,1.8488047010518038,-1.8785091443193551,-3.727313845371159,3.727313845371159,0.00018736400221214884
random_5fold_cv,M4_full_physics_chain,4,R077,76,,peroxidase,Vmax (nM s⁻¹),35.0,4812.507991022177,1.5440680443502757,3.6823714636498464,2.1383034192995707,2.1383034192995707,137.50022831491933
random_5fold_cv,M4_full_physics_chain,4,R078,77,,catalase,Km (mM),0.072,0.15973524465092082,-1.1426675035687315,-0.7965992487416926,0.34606825482703885,0.34606825482703885,2.2185450645961224
random_5fold_cv,M4_full_physics_chain,4,R078,77,,catalase,Kcat (s⁻¹),163.33,538.4889422826458,2.2130659620657176,2.731176789611835,0.5181108275461175,0.5181108275461175,3.2969383596561914
random_5fold_cv,M4_full_physics_chain,4,R078,77,,catalase,Vmax (nM s⁻¹),7.16,28.960645265412165,0.8549130223078556,1.461808234047413,0.6068952117395574,0.6068952117395574,4.044782858297788
random_5fold_cv,M4_full_physics_chain,4,R082,81,,catalase,Km (mM),6.49,34.186605775325,0.8122446968003693,1.533855983913819,0.7216112871134498,0.7216112871134498,5.267581783563174
random_5fold_cv,M4_full_physics_chain,4,R082,81,,catalase,Kcat (s⁻¹),4.75,115.38057535391648,0.6766936096248666,2.0621327002696193,1.3854390906447527,1.3854390906447527,24.290647442929785
random_5fold_cv,M4_full_physics_chain,4,R082,81,,catalase,Vmax (nM s⁻¹),325.0,634.1718717366941,2.5118833609788744,2.8022069752810252,0.2903236143021508,0.2903236143021508,1.9512980668821358
random_5fold_cv,M4_full_physics_chain,4,R085,84,,peroxidase,Km (mM),0.236,0.5687204707188783,-0.6270879970298935,-0.24510113932256972,0.38198685770732377,0.38198685770732377,2.4098325030460948
random_5fold_cv,M4_full_physics_chain,4,R085,84,,peroxidase,Kcat (s⁻¹),2950.0,0.18819808846825986,3.469822015978163,-0.7253847920240792,-4.195206808002242,4.195206808002242,6.379596219263046e-05
random_5fold_cv,M4_full_physics_chain,4,R085,84,,peroxidase,Vmax (nM s⁻¹),87.8,98.69179389960742,1.9434945159061026,1.9942810431227291,0.050786527216626576,0.050786527216626576,1.124052322318991
random_5fold_cv,M4_full_physics_chain,4,R086,85,,peroxidase,Km (mM),3.28,0.5520918483367956,0.5158738437116791,-0.2579886651918372,-0.7738625089035163,0.7738625089035163,0.16832068546853526
random_5fold_cv,M4_full_physics_chain,4,R086,85,,peroxidase,Kcat (s⁻¹),0.00013,0.5123758255658465,-3.886056647693163,-0.2904113689176419,3.595645278775521,3.595645278775521,3941.3525043526656
random_5fold_cv,M4_full_physics_chain,4,R086,85,,peroxidase,Vmax (nM s⁻¹),25.0,103.13914078578972,1.3979400086720377,2.0134235091383266,0.6154835004662889,0.6154835004662889,4.125565631431589
random_5fold_cv,A0_physics_no_arrhenius,4,R016,15,,catalase,Km (mM),257.0,0.8919019243598643,2.4099331233312946,-0.04968289904437765,-2.4596160223756725,2.4596160223756725,0.0034704355033457752
random_5fold_cv,A0_physics_no_arrhenius,4,R016,15,,catalase,Kcat (s⁻¹),93800.0,27450.368412092645,4.972202838379064,4.438548177502512,-0.533654660876552,0.533654660876552,0.29264785087518813
random_5fold_cv,A0_physics_no_arrhenius,4,R016,15,,catalase,Vmax (nM s⁻¹),684.0,232.43969870643824,2.835056101720116,2.366310303824832,-0.46874579789528426,0.46874579789528426,0.33982412091584535
random_5fold_cv,A0_physics_no_arrhenius,4,R027,26,,unknown,Km (mM),2.33,1.7055926442719869,0.367355921026019,0.23187531436396472,-0.13548060666205428,0.13548060666205428,0.7320140104171617
random_5fold_cv,A0_physics_no_arrhenius,4,R027,26,,unknown,Kcat (s⁻¹),0.00052,0.0029670423796162447,-3.283996656365201,-2.527676250413177,0.7563204059520241,0.7563204059520241,5.705850730031241
random_5fold_cv,A0_physics_no_arrhenius,4,R027,26,,unknown,Vmax (nM s⁻¹),868000.0,72093.96199916647,5.938519725176492,4.8578988932873814,-1.0806208318891102,1.0806208318891102,0.08305755990687382
random_5fold_cv,A0_physics_no_arrhenius,4,R028,27,,peroxidase,Km (mM),0.3,9.916436955440595,-0.5228787452803376,0.9963556551627156,1.5192344004430534,1.5192344004430534,33.054789851468655
random_5fold_cv,A0_physics_no_arrhenius,4,R028,27,,peroxidase,Kcat (s⁻¹),0.000183,1.422167466280516,-3.7375489102695707,0.15295073943119467,3.8904996497007653,3.8904996497007653,7771.406919565661
random_5fold_cv,A0_physics_no_arrhenius,4,R028,27,,peroxidase,Vmax (nM s⁻¹),84.3,39.38814277355172,1.9258275746247424,1.5953655034744425,-0.3304620711502999,0.3304620711502999,0.46723775532089823
random_5fold_cv,A0_physics_no_arrhenius,4,R033,32,,catalase,Km (mM),214.0,0.8919019243598643,2.330413773349191,-0.04968289904437765,-2.380096672393569,2.380096672393569,0.004167766001681609
random_5fold_cv,A0_physics_no_arrhenius,4,R033,32,,catalase,Kcat (s⁻¹),60500.0,27450.368412092645,4.781755374652469,4.438548177502512,-0.3432071971499564,0.3432071971499564,0.4537250977205396
random_5fold_cv,A0_physics_no_arrhenius,4,R033,32,,catalase,Vmax (nM s⁻¹),506.0,232.43969870643824,2.7041505168397992,2.366310303824832,-0.33784021301496736,0.33784021301496736,0.45936699349098464
random_5fold_cv,A0_physics_no_arrhenius,4,R042,41,,unknown,Km (mM),4.3,1.7055926442719869,0.6334684555795865,0.23187531436396472,-0.40159314121562184,0.40159314121562184,0.396649452156276
random_5fold_cv,A0_physics_no_arrhenius,4,R042,41,,unknown,Kcat (s⁻¹),0.00501,0.0029670423796162447,-2.300162274132754,-2.527676250413177,-0.2275139762804228,0.2275139762804228,0.5922240278675139
random_5fold_cv,A0_physics_no_arrhenius,4,R042,41,,unknown,Vmax (nM s⁻¹),225000.0,72093.96199916647,5.352182518111363,4.8578988932873814,-0.49428362482398125,0.49428362482398125,0.3204176088851843
random_5fold_cv,A0_physics_no_arrhenius,4,R044,43,,catalase,Km (mM),4.766,1.205635895578084,0.6781540380104373,0.08121616981372015,-0.5969378681967171,0.5969378681967171,0.25296598732230047
random_5fold_cv,A0_physics_no_arrhenius,4,R044,43,,catalase,Kcat (s⁻¹),47.6476,0.3739022650553593,1.6780410301998117,-0.42724190393360023,-2.105282934133412,2.105282934133412,0.007847242359643703
random_5fold_cv,A0_physics_no_arrhenius,4,R044,43,,catalase,Vmax (nM s⁻¹),297.9,100.59964640944986,2.4740705032150436,2.002596454251771,-0.4714740489632727,0.4714740489632727,0.33769602688637085
random_5fold_cv,A0_physics_no_arrhenius,4,R047,46,,catalase,Km (mM),0.62,1.1323913207727117,-0.20760831050174613,0.053996532050391816,0.26160484255213795,0.26160484255213795,1.8264376141495349
random_5fold_cv,A0_physics_no_arrhenius,4,R047,46,,catalase,Kcat (s⁻¹),6.76e-05,0.011745912573826315,-4.170053304058364,-1.9301132359846425,2.239940068073721,2.239940068073721,173.75610316311116
random_5fold_cv,A0_physics_no_arrhenius,4,R047,46,,catalase,Vmax (nM s⁻¹),31.3,15461.86021981565,1.4955443375464486,4.189261742790638,2.6937174052441897,2.6937174052441897,493.9891444030559
random_5fold_cv,A0_physics_no_arrhenius,4,R049,48,,unknown,Km (mM),6.97,0.3059068210905197,0.8432327780980095,-0.5144108390370744,-1.3576436171350839,1.3576436171350839,0.04388907045775032
random_5fold_cv,A0_physics_no_arrhenius,4,R049,48,,unknown,Kcat (s⁻¹),18.52,56.720050636262116,1.2676409823459156,1.7537366098872704,0.4860956275413548,0.4860956275413548,3.0626377233402873
random_5fold_cv,A0_physics_no_arrhenius,4,R049,48,,unknown,Vmax (nM s⁻¹),630.0,105.3495646927813,2.7993405494535817,2.022632745431413,-0.7767078040221689,0.7767078040221689,0.16722153125838302
random_5fold_cv,A0_physics_no_arrhenius,4,R051,50,,catalase,Km (mM),3.7,3.977463333791894,0.568201724066995,0.5996061847975004,0.0314044607305054,0.0314044607305054,1.0749900902140253
random_5fold_cv,A0_physics_no_arrhenius,4,R051,50,,catalase,Kcat (s⁻¹),3480.0,3991.747489528097,3.5415792439465807,3.601163060828494,0.059583816881913165,0.059583816881913165,1.1470538763011773
random_5fold_cv,A0_physics_no_arrhenius,4,R051,50,,catalase,Vmax (nM s⁻¹),87.1,136.8998268584576,1.9400181550076632,2.1364028988683654,0.19638474386070226,0.19638474386070226,1.5717546137595593
random_5fold_cv,A0_physics_no_arrhenius,4,R058,57,,catalase,Km (mM),0.13,0.15146677614355636,-0.8860566476931632,-0.8196826181179858,0.06637402957517735,0.06637402957517735,1.1651290472581257
random_5fold_cv,A0_physics_no_arrhenius,4,R058,57,,catalase,Kcat (s⁻¹),433.33,370.124918236036,2.6368187568475414,2.5683483244577614,-0.06847043238978001,0.06847043238978001,0.8541409970139063
random_5fold_cv,A0_physics_no_arrhenius,4,R058,57,,catalase,Vmax (nM s⁻¹),19.98,24.829697642233437,1.3005954838899636,1.3949714310684955,0.09437594717853193,0.09437594717853193,1.2427276097213933
random_5fold_cv,A0_physics_no_arrhenius,4,R059,58,,peroxidase,Km (mM),0.224,8.565918122975413,-0.6497519816658371,0.9327739188919869,1.582525900557824,1.582525900557824,38.240705906140235
random_5fold_cv,A0_physics_no_arrhenius,4,R059,58,,peroxidase,Kcat (s⁻¹),4970000.0,7329.773037377654,6.696356388733332,3.8650905271458305,-2.831265861587502,2.831265861587502,0.0014748034280437936
random_5fold_cv,A0_physics_no_arrhenius,4,R059,58,,peroxidase,Vmax (nM s⁻¹),121.5,42.717762971584044,2.084576277934331,1.6306085016390672,-0.45396777629526364,0.45396777629526364,0.35158652651509503
random_5fold_cv,A0_physics_no_arrhenius,4,R070,69,,catalase,Km (mM),70.0,7.6876451156467756,1.845098040014257,0.8857933268101142,-0.9593047132041427,0.9593047132041427,0.1098235016520968
random_5fold_cv,A0_physics_no_arrhenius,4,R070,69,,catalase,Kcat (s⁻¹),810.0,5783.288460518354,2.90848501887865,3.7621748547084053,0.8536898358297553,0.8536898358297553,7.13986229693624
random_5fold_cv,A0_physics_no_arrhenius,4,R070,69,,catalase,Vmax (nM s⁻¹),9200000000.0,4131.012838076186,9.963787827345556,3.6160565446490582,-6.347731282696497,6.347731282696497,4.490231345734985e-07
random_5fold_cv,A0_physics_no_arrhenius,4,R077,76,,peroxidase,Km (mM),0.12,1.1323913207727117,-0.9208187539523752,0.053996532050391816,0.974815286002767,0.974815286002767,9.436594339772597
random_5fold_cv,A0_physics_no_arrhenius,4,R077,76,,peroxidase,Kcat (s⁻¹),70.6,0.011745912573826315,1.8488047010518038,-1.9301132359846425,-3.7789179370364465,3.7789179370364465,0.0001663726993459818
random_5fold_cv,A0_physics_no_arrhenius,4,R077,76,,peroxidase,Vmax (nM s⁻¹),35.0,15461.86021981565,1.5440680443502757,4.189261742790638,2.6451936984403623,2.6451936984403623,441.7674348518757
random_5fold_cv,A0_physics_no_arrhenius,4,R078,77,,catalase,Km (mM),0.072,0.15146677614355636,-1.1426675035687315,-0.8196826181179858,0.32298488545074566,0.32298488545074566,2.1037052242160605
random_5fold_cv,A0_physics_no_arrhenius,4,R078,77,,catalase,Kcat (s⁻¹),163.33,370.124918236036,2.2130659620657176,2.5683483244577614,0.3552823623920438,0.3552823623920438,2.2661171752650215
random_5fold_cv,A0_physics_no_arrhenius,4,R078,77,,catalase,Vmax (nM s⁻¹),7.16,24.829697642233437,0.8549130223078556,1.3949714310684955,0.5400584087606399,0.5400584087606399,3.46783486623372
random_5fold_cv,A0_physics_no_arrhenius,4,R082,81,,catalase,Km (mM),6.49,1.0514332534315771,0.8122446968003693,0.021781708228785022,-0.7904629885715843,0.7904629885715843,0.16200820545941094
random_5fold_cv,A0_physics_no_arrhenius,4,R082,81,,catalase,Kcat (s⁻¹),4.75,11.462872850373936,0.6766936096248666,1.0592934751100485,0.3825998654851819,0.3825998654851819,2.4132363895524076
random_5fold_cv,A0_physics_no_arrhenius,4,R082,81,,catalase,Vmax (nM s⁻¹),325.0,684.3236464098135,2.5118833609788744,2.8352615470515037,0.32337818607262925,0.32337818607262925,2.105611219722503
random_5fold_cv,A0_physics_no_arrhenius,4,R085,84,,peroxidase,Km (mM),0.236,1.205635895578084,-0.6270879970298935,0.08121616981372015,0.7083041668436136,0.7083041668436136,5.108626676178322
random_5fold_cv,A0_physics_no_arrhenius,4,R085,84,,peroxidase,Kcat (s⁻¹),2950.0,0.3739022650553593,3.469822015978163,-0.42724190393360023,-3.8970639199117634,3.8970639199117634,0.00012674653052724045
random_5fold_cv,A0_physics_no_arrhenius,4,R085,84,,peroxidase,Vmax (nM s⁻¹),87.8,100.59964640944986,1.9434945159061026,2.002596454251771,0.05910193834566835,0.05910193834566835,1.1457818497659438
random_5fold_cv,A0_physics_no_arrhenius,4,R086,85,,peroxidase,Km (mM),3.28,2.582184988375956,0.5158738437116791,0.41198735200981934,-0.10388649170185976,0.10388649170185976,0.7872515208463281
random_5fold_cv,A0_physics_no_arrhenius,4,R086,85,,peroxidase,Kcat (s⁻¹),0.00013,0.15648064407199894,-3.886056647693163,-0.8055393750031798,3.080517272689983,3.080517272689983,1203.6972620922995
random_5fold_cv,A0_physics_no_arrhenius,4,R086,85,,peroxidase,Vmax (nM s⁻¹),25.0,100.01930290052289,1.3979400086720377,2.0000838233419103,0.6021438146698725,0.6021438146698725,4.000772116020915
random_5fold_cv,A1_physics_plus_activity_category,4,R016,15,,catalase,Km (mM),257.0,198.73280657154038,2.4099331233312946,2.2982695658361756,-0.11166355749511903,0.11166355749511903,0.7732794030021026
random_5fold_cv,A1_physics_plus_activity_category,4,R016,15,,catalase,Kcat (s⁻¹),93800.0,67630.15428252002,4.972202838379064,4.830140378168662,-0.14206246021040236,0.14206246021040236,0.7210037769991473
random_5fold_cv,A1_physics_plus_activity_category,4,R016,15,,catalase,Vmax (nM s⁻¹),684.0,528.9126577520012,2.835056101720116,2.723383960526393,-0.11167214119372293,0.11167214119372293,0.7732641195204696
random_5fold_cv,A1_physics_plus_activity_category,4,R027,26,,unknown,Km (mM),2.33,1.7286506320332904,0.367355921026019,0.2377072292996179,-0.1296486917264011,0.1296486917264011,0.7419101425035581
random_5fold_cv,A1_physics_plus_activity_category,4,R027,26,,unknown,Kcat (s⁻¹),0.00052,0.007665483137380161,-3.283996656365201,-2.1154604673868125,1.1685361889783885,1.1685361889783885,14.74131372573108
random_5fold_cv,A1_physics_plus_activity_category,4,R027,26,,unknown,Vmax (nM s⁻¹),868000.0,62278.63184446362,5.938519725176492,4.794339063290328,-1.1441806618861632,1.1441806618861632,0.07174957585767698
random_5fold_cv,A1_physics_plus_activity_category,4,R028,27,,peroxidase,Km (mM),0.3,1.4077573323615058,-0.5228787452803376,0.1485277980594667,0.6714065433398043,0.6714065433398043,4.69252444120502
random_5fold_cv,A1_physics_plus_activity_category,4,R028,27,,peroxidase,Kcat (s⁻¹),0.000183,0.35630512436862394,-3.7375489102695707,-0.4481779315950605,3.2893709786745102,3.2893709786745102,1947.0225375334642
random_5fold_cv,A1_physics_plus_activity_category,4,R028,27,,peroxidase,Vmax (nM s⁻¹),84.3,90.61022877561666,1.9258275746247424,1.957177226926891,0.03134965230214859,0.03134965230214859,1.0748544338744563
random_5fold_cv,A1_physics_plus_activity_category,4,R033,32,,catalase,Km (mM),214.0,198.73280657154038,2.330413773349191,2.2982695658361756,-0.03214420751301539,0.03214420751301539,0.9286579746333663
random_5fold_cv,A1_physics_plus_activity_category,4,R033,32,,catalase,Kcat (s⁻¹),60500.0,67630.15428252002,4.781755374652469,4.830140378168662,0.04838500351619324,0.04838500351619324,1.1178537897937193
random_5fold_cv,A1_physics_plus_activity_category,4,R033,32,,catalase,Vmax (nM s⁻¹),506.0,528.9126577520012,2.7041505168397992,2.723383960526393,0.019233443686593965,0.019233443686593965,1.045281932316208
random_5fold_cv,A1_physics_plus_activity_category,4,R042,41,,unknown,Km (mM),4.3,1.7286506320332904,0.6334684555795865,0.2377072292996179,-0.3957612262799686,0.3957612262799686,0.4020117748914629
random_5fold_cv,A1_physics_plus_activity_category,4,R042,41,,unknown,Kcat (s⁻¹),0.00501,0.007665483137380161,-2.300162274132754,-2.1154604673868125,0.1847018067459416,0.1847018067459416,1.5300365543672976
random_5fold_cv,A1_physics_plus_activity_category,4,R042,41,,unknown,Vmax (nM s⁻¹),225000.0,62278.63184446362,5.352182518111363,4.794339063290328,-0.5578434548210343,0.5578434548210343,0.2767939193087272
random_5fold_cv,A1_physics_plus_activity_category,4,R044,43,,catalase,Km (mM),4.766,6.9605597899653695,0.6781540380104373,0.8426441683342318,0.16449013032379456,0.16449013032379456,1.460461558952029
random_5fold_cv,A1_physics_plus_activity_category,4,R044,43,,catalase,Kcat (s⁻¹),47.6476,6.215288558429925,1.6780410301998117,0.7934612965214553,-0.8845797336783564,0.8845797336783564,0.13044284619644902
random_5fold_cv,A1_physics_plus_activity_category,4,R044,43,,catalase,Vmax (nM s⁻¹),297.9,143.48181926768018,2.4740705032150436,2.1567968746453117,-0.31727362856973196,0.31727362856973196,0.4816442405763014
random_5fold_cv,A1_physics_plus_activity_category,4,R047,46,,catalase,Km (mM),0.62,0.8776403102761762,-0.20760831050174613,-0.05668343770264665,0.1509248727990995,0.1509248727990995,1.4155488875422197
random_5fold_cv,A1_physics_plus_activity_category,4,R047,46,,catalase,Kcat (s⁻¹),6.76e-05,5.456757023272388,-4.170053304058364,0.7369346160881937,4.906987920146557,4.906987920146557,80721.2577407158
random_5fold_cv,A1_physics_plus_activity_category,4,R047,46,,catalase,Vmax (nM s⁻¹),31.3,192.67560257560973,1.4955443375464486,2.2848267258770836,0.789282388330635,0.789282388330635,6.155770050338969
random_5fold_cv,A1_physics_plus_activity_category,4,R049,48,,unknown,Km (mM),6.97,0.575273334633268,0.8432327780980095,-0.24012575615009774,-1.0833585342481071,1.0833585342481071,0.08253562907220488
random_5fold_cv,A1_physics_plus_activity_category,4,R049,48,,unknown,Kcat (s⁻¹),18.52,0.8715497836864594,1.2676409823459156,-0.05970780056453602,-1.3273487829104516,1.3273487829104516,0.04705992352518679
random_5fold_cv,A1_physics_plus_activity_category,4,R049,48,,unknown,Vmax (nM s⁻¹),630.0,3521.4426605758576,2.7993405494535817,3.5467206211968323,0.7473800717432506,0.7473800717432506,5.589591524723583
random_5fold_cv,A1_physics_plus_activity_category,4,R051,50,,catalase,Km (mM),3.7,19.845326001976236,0.568201724066995,1.297658237518641,0.729456513451646,0.729456513451646,5.363601622155739
random_5fold_cv,A1_physics_plus_activity_category,4,R051,50,,catalase,Kcat (s⁻¹),3480.0,2275.0961987762316,3.5415792439465807,3.356999764823637,-0.1845794791229438,0.1845794791229438,0.6537632755104114
random_5fold_cv,A1_physics_plus_activity_category,4,R051,50,,catalase,Vmax (nM s⁻¹),87.1,176.2606867630762,1.9400181550076632,2.2461554579274448,0.3061373029197816,0.3061373029197816,2.023658860655295
random_5fold_cv,A1_physics_plus_activity_category,4,R058,57,,catalase,Km (mM),0.13,0.18092096626177975,-0.8860566476931632,-0.7425111014421569,0.14354554625100624,0.14354554625100624,1.391699740475229
random_5fold_cv,A1_physics_plus_activity_category,4,R058,57,,catalase,Kcat (s⁻¹),433.33,545.5762632102425,2.6368187568475414,2.7368554668884117,0.10003671004087034,0.10003671004087034,1.2590318307300268
random_5fold_cv,A1_physics_plus_activity_category,4,R058,57,,catalase,Vmax (nM s⁻¹),19.98,27.15795553759359,1.3005954838899636,1.433897072966291,0.1333015890763274,0.1333015890763274,1.359257033913593
random_5fold_cv,A1_physics_plus_activity_category,4,R059,58,,peroxidase,Km (mM),0.224,0.5780598797025647,-0.6497519816658371,-0.23802717182611702,0.41172480983972015,0.41172480983972015,2.580624462957878
random_5fold_cv,A1_physics_plus_activity_category,4,R059,58,,peroxidase,Kcat (s⁻¹),4970000.0,659.2598408593383,6.696356388733332,2.8190566212853576,-3.8772997674479748,3.8772997674479748,0.0001326478553036898
random_5fold_cv,A1_physics_plus_activity_category,4,R059,58,,peroxidase,Vmax (nM s⁻¹),121.5,88.49221525748865,2.084576277934331,1.946905067088554,-0.13767121084577694,0.13767121084577694,0.7283309897735691
random_5fold_cv,A1_physics_plus_activity_category,4,R070,69,,catalase,Km (mM),70.0,33.11198097484465,1.845098040014257,1.5199851638601365,-0.32511287615412043,0.32511287615412043,0.47302829964063786
random_5fold_cv,A1_physics_plus_activity_category,4,R070,69,,catalase,Kcat (s⁻¹),810.0,3937.028279728643,2.90848501887865,3.59516853434471,0.68668351546606,0.68668351546606,4.860528740405733
random_5fold_cv,A1_physics_plus_activity_category,4,R070,69,,catalase,Vmax (nM s⁻¹),9200000000.0,3042.742915692377,9.963787827345556,3.4832652599451626,-6.480522567400393,6.480522567400393,3.307329256187367e-07
random_5fold_cv,A1_physics_plus_activity_category,4,R077,76,,peroxidase,Km (mM),0.12,0.31857792351874525,-0.9208187539523752,-0.49678432277901824,0.424034431173357,0.424034431173357,2.6548160293228773
random_5fold_cv,A1_physics_plus_activity_category,4,R077,76,,peroxidase,Kcat (s⁻¹),70.6,0.057385332448472284,1.8488047010518038,-1.2411990980324292,-3.090003799084233,3.090003799084233,0.0008128234057857265
random_5fold_cv,A1_physics_plus_activity_category,4,R077,76,,peroxidase,Vmax (nM s⁻¹),35.0,138.20900002581453,1.5440680443502757,2.1405363247623583,0.5964682804120827,0.5964682804120827,3.9488285721661294
random_5fold_cv,A1_physics_plus_activity_category,4,R078,77,,catalase,Km (mM),0.072,0.18092096626177975,-1.1426675035687315,-0.7425111014421569,0.40015640212657455,0.40015640212657455,2.5127911980802744
random_5fold_cv,A1_physics_plus_activity_category,4,R078,77,,catalase,Kcat (s⁻¹),163.33,545.5762632102425,2.2130659620657176,2.7368554668884117,0.5237895048226942,0.5237895048226942,3.3403310060016067
random_5fold_cv,A1_physics_plus_activity_category,4,R078,77,,catalase,Vmax (nM s⁻¹),7.16,27.15795553759359,0.8549130223078556,1.433897072966291,0.5789840506584354,0.5789840506584354,3.7930105499432387
random_5fold_cv,A1_physics_plus_activity_category,4,R082,81,,catalase,Km (mM),6.49,69.75506244732112,0.8122446968003693,1.843575731847478,1.0313310350471085,1.0313310350471085,10.748083582021744
random_5fold_cv,A1_physics_plus_activity_category,4,R082,81,,catalase,Kcat (s⁻¹),4.75,214.01099257280106,0.6766936096248666,2.3304360812515266,1.65374247162666,1.65374247162666,45.05494580480022
random_5fold_cv,A1_physics_plus_activity_category,4,R082,81,,catalase,Vmax (nM s⁻¹),325.0,531.7220074397109,2.5118833609788744,2.725684635698479,0.21380127471960453,0.21380127471960453,1.6360677151991103
random_5fold_cv,A1_physics_plus_activity_category,4,R085,84,,peroxidase,Km (mM),0.236,0.47187307479212,-0.6270879970298935,-0.32617480291307177,0.3009131941168217,0.3009131941168217,1.9994621813225424
random_5fold_cv,A1_physics_plus_activity_category,4,R085,84,,peroxidase,Kcat (s⁻¹),2950.0,0.14561818344070185,3.469822015978163,-0.8367843909921544,-4.306606406970317,4.306606406970317,4.9362096081593846e-05
random_5fold_cv,A1_physics_plus_activity_category,4,R085,84,,peroxidase,Vmax (nM s⁻¹),87.8,106.51514638447519,1.9434945159061026,2.027411368558636,0.08391685265253335,0.08391685265253335,1.2131565647434532
random_5fold_cv,A1_physics_plus_activity_category,4,R086,85,,peroxidase,Km (mM),3.28,0.4468138568025769,0.5158738437116791,-0.34987336680177433,-0.8657472105134534,0.8657472105134534,0.13622373683005395
random_5fold_cv,A1_physics_plus_activity_category,4,R086,85,,peroxidase,Kcat (s⁻¹),0.00013,0.7500305643319669,-3.886056647693163,-0.1249210384079649,3.761135609285198,3.761135609285198,5769.465879476669
random_5fold_cv,A1_physics_plus_activity_category,4,R086,85,,peroxidase,Vmax (nM s⁻¹),25.0,115.86475361995495,1.3979400086720377,2.0639513424658613,0.6660113337938236,0.6660113337938236,4.6345901447981985
random_5fold_cv,A2_physics_plus_arrhenius,4,R016,15,,catalase,Km (mM),257.0,223.31451900767638,2.4099331233312946,2.34891696006173,-0.061016163269564494,0.061016163269564494,0.8689280895240327
random_5fold_cv,A2_physics_plus_arrhenius,4,R016,15,,catalase,Kcat (s⁻¹),93800.0,76855.77277587961,4.972202838379064,4.885676493703709,-0.08652634467535503,0.08652634467535503,0.8193579187193988
random_5fold_cv,A2_physics_plus_arrhenius,4,R016,15,,catalase,Vmax (nM s⁻¹),684.0,520.1628931348525,2.835056101720116,2.7161393676953605,-0.11891673402475567,0.11891673402475567,0.7604720659866265
random_5fold_cv,A2_physics_plus_arrhenius,4,R027,26,,unknown,Km (mM),2.33,1.4937509947445657,0.367355921026019,0.17427820750522174,-0.19307771352079725,0.19307771352079725,0.6410948475298566
random_5fold_cv,A2_physics_plus_arrhenius,4,R027,26,,unknown,Kcat (s⁻¹),0.00052,0.004679576207522411,-3.283996656365201,-2.3297934757866137,0.9542031805785873,0.9542031805785873,8.999185014466176
random_5fold_cv,A2_physics_plus_arrhenius,4,R027,26,,unknown,Vmax (nM s⁻¹),868000.0,65525.601299798735,5.938519725176492,4.816411014967533,-1.1221087102089582,1.1221087102089582,0.07549032407810914
random_5fold_cv,A2_physics_plus_arrhenius,4,R028,27,,peroxidase,Km (mM),0.3,2.827069932813642,-0.5228787452803376,0.4513365517011994,0.974215296981537,0.974215296981537,9.423566442712142
random_5fold_cv,A2_physics_plus_arrhenius,4,R028,27,,peroxidase,Kcat (s⁻¹),0.000183,0.39532485138142515,-3.7375489102695707,-0.40304588366214444,3.3345030266074263,3.3345030266074263,2160.2450895159845
random_5fold_cv,A2_physics_plus_arrhenius,4,R028,27,,peroxidase,Vmax (nM s⁻¹),84.3,68.68169076211109,1.9258275746247424,1.8368409778053736,-0.08898659681936882,0.08898659681936882,0.8147294277830497
random_5fold_cv,A2_physics_plus_arrhenius,4,R033,32,,catalase,Km (mM),214.0,223.31451900767638,2.330413773349191,2.34891696006173,0.018503186712539144,0.018503186712539144,1.043525789755497
random_5fold_cv,A2_physics_plus_arrhenius,4,R033,32,,catalase,Kcat (s⁻¹),60500.0,76855.77277587961,4.781755374652469,4.885676493703709,0.10392111905124057,0.10392111905124057,1.2703433516674316
random_5fold_cv,A2_physics_plus_arrhenius,4,R033,32,,catalase,Vmax (nM s⁻¹),506.0,520.1628931348525,2.7041505168397992,2.7161393676953605,0.011988850855561228,0.011988850855561228,1.0279899073811316
random_5fold_cv,A2_physics_plus_arrhenius,4,R042,41,,unknown,Km (mM),4.3,1.4937509947445657,0.6334684555795865,0.17427820750522174,-0.4591902480743648,0.4591902480743648,0.3473839522661781
random_5fold_cv,A2_physics_plus_arrhenius,4,R042,41,,unknown,Kcat (s⁻¹),0.00501,0.004679576207522411,-2.300162274132754,-2.3297934757866137,-0.029631201653859573,0.029631201653859573,0.9340471472100621
random_5fold_cv,A2_physics_plus_arrhenius,4,R042,41,,unknown,Vmax (nM s⁻¹),225000.0,65525.601299798735,5.352182518111363,4.816411014967533,-0.5357715031438293,0.5357715031438293,0.29122489466577217
random_5fold_cv,A2_physics_plus_arrhenius,4,R044,43,,catalase,Km (mM),4.766,4.544792225229844,0.6781540380104373,0.6575140333228316,-0.02064000468760563,0.02064000468760563,0.9535862830948056
random_5fold_cv,A2_physics_plus_arrhenius,4,R044,43,,catalase,Kcat (s⁻¹),47.6476,2.3066975453990546,1.6780410301998117,0.362990653482756,-1.3150503767170556,1.3150503767170556,0.048411620845521176
random_5fold_cv,A2_physics_plus_arrhenius,4,R044,43,,catalase,Vmax (nM s⁻¹),297.9,130.32841636069952,2.4740705032150436,2.1150391181158668,-0.35903138509917687,0.35903138509917687,0.4374904879513244
random_5fold_cv,A2_physics_plus_arrhenius,4,R047,46,,catalase,Km (mM),0.62,0.9126337052815292,-0.20760831050174613,-0.03970349595403183,0.1679048145477143,0.1679048145477143,1.4719898472282729
random_5fold_cv,A2_physics_plus_arrhenius,4,R047,46,,catalase,Kcat (s⁻¹),6.76e-05,0.5516290400528848,-4.170053304058364,-0.25835287882188795,3.9117004252364755,3.9117004252364755,8160.192900190604
random_5fold_cv,A2_physics_plus_arrhenius,4,R047,46,,catalase,Vmax (nM s⁻¹),31.3,1770.778133627086,1.4955443375464486,3.2481641504743455,1.752619812927897,1.752619812927897,56.57438126604108
random_5fold_cv,A2_physics_plus_arrhenius,4,R049,48,,unknown,Km (mM),6.97,0.5030720403492014,0.8432327780980095,-0.2983698191470894,-1.141602597245099,1.141602597245099,0.07217676332126276
random_5fold_cv,A2_physics_plus_arrhenius,4,R049,48,,unknown,Kcat (s⁻¹),18.52,7.804764771054923,1.2676409823459156,0.8923598183308767,-0.37528116401503886,0.37528116401503886,0.4214235837502658
random_5fold_cv,A2_physics_plus_arrhenius,4,R049,48,,unknown,Vmax (nM s⁻¹),630.0,372.2762028618595,2.7993405494535817,2.570865275552007,-0.22847527390157474,0.22847527390157474,0.5909146077172373
random_5fold_cv,A2_physics_plus_arrhenius,4,R051,50,,catalase,Km (mM),3.7,15.122359749695747,0.568201724066995,1.179619565391941,0.611417841324946,0.611417841324946,4.087124256674526
random_5fold_cv,A2_physics_plus_arrhenius,4,R051,50,,catalase,Kcat (s⁻¹),3480.0,2950.0431064596196,3.5415792439465807,3.469828361998763,-0.07175088194781765,0.07175088194781765,0.8477135363389712
random_5fold_cv,A2_physics_plus_arrhenius,4,R051,50,,catalase,Vmax (nM s⁻¹),87.1,163.51509436987917,1.9400181550076632,2.2135578493447245,0.2735396943370614,0.2735396943370614,1.87732599735797
random_5fold_cv,A2_physics_plus_arrhenius,4,R058,57,,catalase,Km (mM),0.13,0.15973524465092087,-0.8860566476931632,-0.7965992487416925,0.08945739895147065,0.08945739895147065,1.2287326511609298
random_5fold_cv,A2_physics_plus_arrhenius,4,R058,57,,catalase,Kcat (s⁻¹),433.33,538.4889422826458,2.6368187568475414,2.731176789611835,0.09435803276429366,0.09435803276429366,1.2426763489318666
random_5fold_cv,A2_physics_plus_arrhenius,4,R058,57,,catalase,Vmax (nM s⁻¹),19.98,28.96064526541218,1.3005954838899636,1.4618082340474132,0.16121275015744962,0.16121275015744962,1.4494817450156245
random_5fold_cv,A2_physics_plus_arrhenius,4,R059,58,,peroxidase,Km (mM),0.224,0.8795652314741907,-0.6497519816658371,-0.05573194629321649,0.5940200353726206,0.5940200353726206,3.926630497652637
random_5fold_cv,A2_physics_plus_arrhenius,4,R059,58,,peroxidase,Kcat (s⁻¹),4970000.0,860.1175526279294,6.696356388733332,2.9345578105096184,-3.761798578223714,3.761798578223714,0.00017306188181648478
random_5fold_cv,A2_physics_plus_arrhenius,4,R059,58,,peroxidase,Vmax (nM s⁻¹),121.5,74.97022058245373,2.084576277934331,1.8748887886585912,-0.20968748927573966,0.20968748927573966,0.6170388525304834
random_5fold_cv,A2_physics_plus_arrhenius,4,R070,69,,catalase,Km (mM),70.0,21.91549334610346,1.845098040014257,1.3407512516305793,-0.5043467883836776,0.5043467883836776,0.3130784763729066
random_5fold_cv,A2_physics_plus_arrhenius,4,R070,69,,catalase,Kcat (s⁻¹),810.0,5761.96655767222,2.90848501887865,3.760570733316042,0.8520857144373921,0.8520857144373921,7.11353896008916
random_5fold_cv,A2_physics_plus_arrhenius,4,R070,69,,catalase,Vmax (nM s⁻¹),9200000000.0,3776.8138455135813,9.963787827345556,3.577125579516803,-6.3866622478287525,6.3866622478287525,4.105232440775632e-07
random_5fold_cv,A2_physics_plus_arrhenius,4,R077,76,,peroxidase,Km (mM),0.12,0.7666969139134819,-0.9208187539523752,-0.11537628484999075,0.8054424691023845,0.8054424691023845,6.3891409492790165
random_5fold_cv,A2_physics_plus_arrhenius,4,R077,76,,peroxidase,Kcat (s⁻¹),70.6,0.013227898556177722,1.8488047010518038,-1.8785091443193547,-3.7273138453711585,3.7273138453711585,0.00018736400221214906
random_5fold_cv,A2_physics_plus_arrhenius,4,R077,76,,peroxidase,Vmax (nM s⁻¹),35.0,4812.507991022177,1.5440680443502757,3.6823714636498464,2.1383034192995707,2.1383034192995707,137.50022831491933
random_5fold_cv,A2_physics_plus_arrhenius,4,R078,77,,catalase,Km (mM),0.072,0.15973524465092087,-1.1426675035687315,-0.7965992487416925,0.34606825482703896,0.34606825482703896,2.2185450645961233
random_5fold_cv,A2_physics_plus_arrhenius,4,R078,77,,catalase,Kcat (s⁻¹),163.33,538.4889422826458,2.2130659620657176,2.731176789611835,0.5181108275461175,0.5181108275461175,3.2969383596561914
random_5fold_cv,A2_physics_plus_arrhenius,4,R078,77,,catalase,Vmax (nM s⁻¹),7.16,28.96064526541218,0.8549130223078556,1.4618082340474132,0.6068952117395576,0.6068952117395576,4.04478285829779
random_5fold_cv,A2_physics_plus_arrhenius,4,R082,81,,catalase,Km (mM),6.49,34.186605775325,0.8122446968003693,1.533855983913819,0.7216112871134498,0.7216112871134498,5.267581783563174
random_5fold_cv,A2_physics_plus_arrhenius,4,R082,81,,catalase,Kcat (s⁻¹),4.75,115.3805753539166,0.6766936096248666,2.0621327002696197,1.3854390906447531,1.3854390906447531,24.29064744292981
random_5fold_cv,A2_physics_plus_arrhenius,4,R082,81,,catalase,Vmax (nM s⁻¹),325.0,634.1718717366941,2.5118833609788744,2.8022069752810252,0.2903236143021508,0.2903236143021508,1.9512980668821358
random_5fold_cv,A2_physics_plus_arrhenius,4,R085,84,,peroxidase,Km (mM),0.236,0.5687204707188783,-0.6270879970298935,-0.24510113932256972,0.38198685770732377,0.38198685770732377,2.4098325030460948
random_5fold_cv,A2_physics_plus_arrhenius,4,R085,84,,peroxidase,Kcat (s⁻¹),2950.0,0.1881980884682598,3.469822015978163,-0.7253847920240794,-4.195206808002243,4.195206808002243,6.379596219263044e-05
random_5fold_cv,A2_physics_plus_arrhenius,4,R085,84,,peroxidase,Vmax (nM s⁻¹),87.8,98.69179389960742,1.9434945159061026,1.9942810431227291,0.050786527216626576,0.050786527216626576,1.124052322318991
random_5fold_cv,A2_physics_plus_arrhenius,4,R086,85,,peroxidase,Km (mM),3.28,0.5520918483367956,0.5158738437116791,-0.2579886651918372,-0.7738625089035163,0.7738625089035163,0.16832068546853526
random_5fold_cv,A2_physics_plus_arrhenius,4,R086,85,,peroxidase,Kcat (s⁻¹),0.00013,0.5123758255658464,-3.886056647693163,-0.290411368917642,3.595645278775521,3.595645278775521,3941.3525043526647
random_5fold_cv,A2_physics_plus_arrhenius,4,R086,85,,peroxidase,Vmax (nM s⁻¹),25.0,103.13914078578962,1.3979400086720377,2.013423509138326,0.6154835004662884,0.6154835004662884,4.125565631431585
random_5fold_cv,A3_physics_plus_activity_and_arrhenius,4,R016,15,,catalase,Km (mM),257.0,172.91696068242496,2.4099331233312946,2.2378375934447057,-0.17209552988658894,0.17209552988658894,0.6728286407876457
random_5fold_cv,A3_physics_plus_activity_and_arrhenius,4,R016,15,,catalase,Kcat (s⁻¹),93800.0,65835.51460335359,4.972202838379064,4.818460234577094,-0.15374260380197047,0.15374260380197047,0.7018711578182685
random_5fold_cv,A3_physics_plus_activity_and_arrhenius,4,R016,15,,catalase,Vmax (nM s⁻¹),684.0,525.4893236517382,2.835056101720116,2.7205638969080512,-0.1144922048120649,0.1144922048120649,0.7682592451048804
random_5fold_cv,A3_physics_plus_activity_and_arrhenius,4,R027,26,,unknown,Km (mM),2.33,1.4891870197741242,0.367355921026019,0.1729492421145526,-0.1944066789114664,0.1944066789114664,0.6391360599888944
random_5fold_cv,A3_physics_plus_activity_and_arrhenius,4,R027,26,,unknown,Kcat (s⁻¹),0.00052,0.006649255293565399,-3.283996656365201,-2.1772269922917658,1.1067696640734352,1.1067696640734352,12.787029410702692
random_5fold_cv,A3_physics_plus_activity_and_arrhenius,4,R027,26,,unknown,Vmax (nM s⁻¹),868000.0,55488.160233775,5.938519725176492,4.744200325578895,-1.194319399597597,1.194319399597597,0.06392645188222926
random_5fold_cv,A3_physics_plus_activity_and_arrhenius,4,R028,27,,peroxidase,Km (mM),0.3,1.1489370240564962,-0.5228787452803376,0.060296224637541515,0.5831749699178791,0.5831749699178791,3.829790080188321
random_5fold_cv,A3_physics_plus_activity_and_arrhenius,4,R028,27,,peroxidase,Kcat (s⁻¹),0.000183,0.41633823241355244,-3.7375489102695707,-0.3805537059428349,3.356995204326736,3.356995204326736,2275.072308270778
random_5fold_cv,A3_physics_plus_activity_and_arrhenius,4,R028,27,,peroxidase,Vmax (nM s⁻¹),84.3,97.36050395834806,1.9258275746247424,1.9883828132269719,0.06255523860222945,0.06255523860222945,1.154928872578269
random_5fold_cv,A3_physics_plus_activity_and_arrhenius,4,R033,32,,catalase,Km (mM),214.0,172.91696068242496,2.330413773349191,2.2378375934447057,-0.0925761799044853,0.0925761799044853,0.8080231807589952
random_5fold_cv,A3_physics_plus_activity_and_arrhenius,4,R033,32,,catalase,Kcat (s⁻¹),60500.0,65835.51460335359,4.781755374652469,4.818460234577094,0.03670485992462513,0.03670485992462513,1.0881903240223734
random_5fold_cv,A3_physics_plus_activity_and_arrhenius,4,R033,32,,catalase,Vmax (nM s⁻¹),506.0,525.4893236517382,2.7041505168397992,2.7205638969080512,0.016413380068251993,0.016413380068251993,1.038516449904621
random_5fold_cv,A3_physics_plus_activity_and_arrhenius,4,R042,41,,unknown,Km (mM),4.3,1.4891870197741242,0.6334684555795865,0.1729492421145526,-0.46051921346503394,0.46051921346503394,0.3463225627381684
random_5fold_cv,A3_physics_plus_activity_and_arrhenius,4,R042,41,,unknown,Kcat (s⁻¹),0.00501,0.006649255293565399,-2.300162274132754,-2.1772269922917658,0.12293528184098834,0.12293528184098834,1.3271966653823153
random_5fold_cv,A3_physics_plus_activity_and_arrhenius,4,R042,41,,unknown,Vmax (nM s⁻¹),225000.0,55488.160233775,5.352182518111363,4.744200325578895,-0.607982192532468,0.607982192532468,0.24661404548344446
random_5fold_cv,A3_physics_plus_activity_and_arrhenius,4,R044,43,,catalase,Km (mM),4.766,7.998734601858314,0.6781540380104373,0.9030212871297149,0.22486724911927758,0.22486724911927758,1.6782909361851268
random_5fold_cv,A3_physics_plus_activity_and_arrhenius,4,R044,43,,catalase,Kcat (s⁻¹),47.6476,11.302619141067265,1.6780410301998117,1.0531790936346992,-0.6248619365651125,0.6248619365651125,0.23721276918600864
random_5fold_cv,A3_physics_plus_activity_and_arrhenius,4,R044,43,,catalase,Vmax (nM s⁻¹),297.9,145.3921266140202,2.4740705032150436,2.1625408889118267,-0.3115296143032169,0.3115296143032169,0.4880568197852307
random_5fold_cv,A3_physics_plus_activity_and_arrhenius,4,R047,46,,catalase,Km (mM),0.62,0.8181281925738972,-0.20760831050174613,-0.08717864135861883,0.1204296691431273,0.1204296691431273,1.3195616009256408
random_5fold_cv,A3_physics_plus_activity_and_arrhenius,4,R047,46,,catalase,Kcat (s⁻¹),6.76e-05,11.038858652447278,-4.170053304058364,1.0429241724359046,5.2129774764942685,5.2129774764942685,163296.7256279183
random_5fold_cv,A3_physics_plus_activity_and_arrhenius,4,R047,46,,catalase,Vmax (nM s⁻¹),31.3,179.27526663322547,1.4955443375464486,2.2535203770934453,0.7579760395469968,0.7579760395469968,5.727644301381005
random_5fold_cv,A3_physics_plus_activity_and_arrhenius,4,R049,48,,unknown,Km (mM),6.97,0.717818765998368,0.8432327780980095,-0.1439851920559901,-0.9872179701539996,0.9872179701539996,0.10298691047322353
random_5fold_cv,A3_physics_plus_activity_and_arrhenius,4,R049,48,,unknown,Kcat (s⁻¹),18.52,0.7959784576021994,1.2676409823459156,-0.09909868586923141,-1.366739668215147,1.366739668215147,0.04297939835865008
random_5fold_cv,A3_physics_plus_activity_and_arrhenius,4,R049,48,,unknown,Vmax (nM s⁻¹),630.0,5523.135737134812,2.7993405494535817,3.7421857166193413,0.9428451671657596,0.9428451671657596,8.76688212243621
random_5fold_cv,A3_physics_plus_activity_and_arrhenius,4,R051,50,,catalase,Km (mM),3.7,21.623717170310425,0.568201724066995,1.3349303523273324,0.7667286282603374,0.7667286282603374,5.844247883867682
random_5fold_cv,A3_physics_plus_activity_and_arrhenius,4,R051,50,,catalase,Kcat (s⁻¹),3480.0,1509.2974915923799,3.5415792439465807,3.1787748502614757,-0.3628043936851051,0.3628043936851051,0.43370617574493675
random_5fold_cv,A3_physics_plus_activity_and_arrhenius,4,R051,50,,catalase,Vmax (nM s⁻¹),87.1,199.63275998280437,1.9400181550076632,2.300231811061181,0.36021365605351785,0.36021365605351785,2.2919949481378232
random_5fold_cv,A3_physics_plus_activity_and_arrhenius,4,R058,57,,catalase,Km (mM),0.13,0.1987226780142366,-0.8860566476931632,-0.7017525688516988,0.18430407884146438,0.18430407884146438,1.528635984724897
random_5fold_cv,A3_physics_plus_activity_and_arrhenius,4,R058,57,,catalase,Kcat (s⁻¹),433.33,606.8443769818674,2.6368187568475414,2.7830773321240048,0.14625857527646335,0.14625857527646335,1.4004208731956418
random_5fold_cv,A3_physics_plus_activity_and_arrhenius,4,R058,57,,catalase,Vmax (nM s⁻¹),19.98,27.41660414237493,1.3005954838899636,1.4380136614834127,0.1374181775934491,0.1374181775934491,1.3722024095282748
random_5fold_cv,A3_physics_plus_activity_and_arrhenius,4,R059,58,,peroxidase,Km (mM),0.224,0.38256472472715675,-0.6497519816658371,-0.4172950775983813,0.23245690406745584,0.23245690406745584,1.7078782353890927
random_5fold_cv,A3_physics_plus_activity_and_arrhenius,4,R059,58,,peroxidase,Kcat (s⁻¹),4970000.0,430.51970646907,6.696356388733332,2.633993035499074,-4.062363353234258,4.062363353234258,8.662368339417907e-05
random_5fold_cv,A3_physics_plus_activity_and_arrhenius,4,R059,58,,peroxidase,Vmax (nM s⁻¹),121.5,110.18739638424671,2.084576277934331,2.0421319212506934,-0.04244435668363744,0.04244435668363744,0.9068921513106725
random_5fold_cv,A3_physics_plus_activity_and_arrhenius,4,R070,69,,catalase,Km (mM),70.0,33.62654031387504,1.845098040014257,1.5266821869731402,-0.31841585304111675,0.31841585304111675,0.480379147341072
random_5fold_cv,A3_physics_plus_activity_and_arrhenius,4,R070,69,,catalase,Kcat (s⁻¹),810.0,2062.5578545602575,2.90848501887865,3.3144061393135407,0.4059211204348907,0.4059211204348907,2.54636772167933
random_5fold_cv,A3_physics_plus_activity_and_arrhenius,4,R070,69,,catalase,Vmax (nM s⁻¹),9200000000.0,2233.953059837658,9.963787827345556,3.3490740434135837,-6.614713783931972,6.614713783931972,2.4282098476496284e-07
random_5fold_cv,A3_physics_plus_activity_and_arrhenius,4,R077,76,,peroxidase,Km (mM),0.12,0.3202290569524419,-0.9208187539523752,-0.49453926360483547,0.42627949034753976,0.42627949034753976,2.6685754746036827
random_5fold_cv,A3_physics_plus_activity_and_arrhenius,4,R077,76,,peroxidase,Kcat (s⁻¹),70.6,0.060642690492323466,1.8488047010518038,-1.2172215389055372,-3.066026239957341,3.066026239957341,0.0008589616217042985
random_5fold_cv,A3_physics_plus_activity_and_arrhenius,4,R077,76,,peroxidase,Vmax (nM s⁻¹),35.0,82.99894531747205,1.5440680443502757,1.9190725737530347,0.3750045294027591,0.3750045294027591,2.3713984376420587
random_5fold_cv,A3_physics_plus_activity_and_arrhenius,4,R078,77,,catalase,Km (mM),0.072,0.1987226780142366,-1.1426675035687315,-0.7017525688516988,0.4409149347170327,0.4409149347170327,2.7600371946421753
random_5fold_cv,A3_physics_plus_activity_and_arrhenius,4,R078,77,,catalase,Kcat (s⁻¹),163.33,606.8443769818674,2.2130659620657176,2.7830773321240048,0.5700113700582872,0.5700113700582872,3.7154495621249457
random_5fold_cv,A3_physics_plus_activity_and_arrhenius,4,R078,77,,catalase,Vmax (nM s⁻¹),7.16,27.41660414237493,0.8549130223078556,1.4380136614834127,0.5831006391755571,0.5831006391755571,3.829134656756275
random_5fold_cv,A3_physics_plus_activity_and_arrhenius,4,R082,81,,catalase,Km (mM),6.49,75.79779658129694,0.8122446968003693,1.879656581008138,1.0674118842077687,1.0674118842077687,11.67916742392865
random_5fold_cv,A3_physics_plus_activity_and_arrhenius,4,R082,81,,catalase,Kcat (s⁻¹),4.75,159.1555228659901,0.6766936096248666,2.2018217136991343,1.5251281040742677,1.5251281040742677,33.50642586652423
random_5fold_cv,A3_physics_plus_activity_and_arrhenius,4,R082,81,,catalase,Vmax (nM s⁻¹),325.0,430.1412145050283,2.5118833609788744,2.6336110570032023,0.12172769602432787,0.12172769602432787,1.3235114292462409
random_5fold_cv,A3_physics_plus_activity_and_arrhenius,4,R085,84,,peroxidase,Km (mM),0.236,0.5060368235458436,-0.6270879970298935,-0.29581787904778334,0.33127011798211015,0.33127011798211015,2.144223828584083
random_5fold_cv,A3_physics_plus_activity_and_arrhenius,4,R085,84,,peroxidase,Kcat (s⁻¹),2950.0,0.2794775873465144,3.469822015978163,-0.5536530145468566,-4.023475030525019,4.023475030525019,9.473816520220828e-05
random_5fold_cv,A3_physics_plus_activity_and_arrhenius,4,R085,84,,peroxidase,Vmax (nM s⁻¹),87.8,100.99408917462141,1.9434945159061026,2.004295956812704,0.060801440906601556,0.060801440906601556,1.1502743641756425
random_5fold_cv,A3_physics_plus_activity_and_arrhenius,4,R086,85,,peroxidase,Km (mM),3.28,0.42727574800169393,0.5158738437116791,-0.36929175686205523,-0.8851656005737343,0.8851656005737343,0.13026699634197986
random_5fold_cv,A3_physics_plus_activity_and_arrhenius,4,R086,85,,peroxidase,Kcat (s⁻¹),0.00013,1.3038559891189518,-3.886056647693163,0.11522962622351629,4.001286273916679,4.001286273916679,10029.661454761168
random_5fold_cv,A3_physics_plus_activity_and_arrhenius,4,R086,85,,peroxidase,Vmax (nM s⁻¹),25.0,120.02873670705716,1.3979400086720377,2.079285235207705,0.6813452265356672,0.6813452265356672,4.801149468282286
random_5fold_cv,M1_raw_independent,5,R002,1,,unknown,Km (mM),2.75,0.7173718571648214,0.43933269383026263,-0.144255664902543,-0.5835883587328057,0.5835883587328057,0.26086249351448054
random_5fold_cv,M1_raw_independent,5,R002,1,,unknown,Kcat (s⁻¹),0.00063,0.35709796673962296,-3.2006594505464183,-0.4472126226055265,2.7534468279408917,2.7534468279408917,566.8221694279729
random_5fold_cv,M1_raw_independent,5,R002,1,,unknown,Vmax (nM s⁻¹),813000.0,930.1337325886649,5.910090545594068,2.968545394951622,-2.941545150642446,2.941545150642446,0.0011440759318433762
random_5fold_cv,M1_raw_independent,5,R003,2,,catalase,Km (mM),458.9,6.854696338082542,2.6617180576946593,0.8359882203777306,-1.8257298373169286,1.8257298373169286,0.014937233249253742
random_5fold_cv,M1_raw_independent,5,R003,2,,catalase,Kcat (s⁻¹),312000.0,20.969620028632356,5.494154594018442,1.3215905610822574,-4.172564032936185,4.172564032936185,6.721032060459088e-05
random_5fold_cv,M1_raw_independent,5,R003,2,,catalase,Vmax (nM s⁻¹),3.06,57.76239284643169,0.48572142648158,1.7616451758786922,1.275923749397112,1.275923749397112,18.87659896942212
random_5fold_cv,M1_raw_independent,5,R015,14,,catalase,Km (mM),2.97,2.0426484909330065,0.4727564493172124,0.31019363751718,-0.1625628118000324,0.1625628118000324,0.6877604346575779
random_5fold_cv,M1_raw_independent,5,R015,14,,catalase,Kcat (s⁻¹),0.000166,6.488879347429559,-3.779891911959945,0.8121696990728067,4.592061611032752,4.592061611032752,39089.63462306963
random_5fold_cv,M1_raw_independent,5,R015,14,,catalase,Vmax (nM s⁻¹),76.7,143.279151512716,1.884795363948981,2.156183000992591,0.2713876370436099,0.2713876370436099,1.8680463039467534
random_5fold_cv,M1_raw_independent,5,R021,20,,peroxidase,Km (mM),0.682,2.685558868079793,-0.16621562534352105,0.4290346766526859,0.595250301996207,0.595250301996207,3.9377696012900185
random_5fold_cv,M1_raw_independent,5,R021,20,,peroxidase,Kcat (s⁻¹),0.174,18.06430668260718,-0.7594507517174003,1.2568212977780462,2.0162720494954467,2.0162720494954467,103.81785449774243
random_5fold_cv,M1_raw_independent,5,R021,20,,peroxidase,Vmax (nM s⁻¹),177.0,261.79369689893844,2.247973266361807,2.417959186007849,0.16998591964604204,0.16998591964604204,1.4790604344572793
random_5fold_cv,M1_raw_independent,5,R022,21,,peroxidase,Km (mM),5.55,5.36248566722762,0.7442929831226762,0.7293661444184639,-0.014926838704212297,0.014926838704212297,0.9662136337347064
random_5fold_cv,M1_raw_independent,5,R022,21,,peroxidase,Kcat (s⁻¹),1062.0,199.43910991393895,3.0261245167454502,2.29981032726704,-0.7263141894784102,0.7263141894784102,0.1877957720470235
random_5fold_cv,M1_raw_independent,5,R022,21,,peroxidase,Vmax (nM s⁻¹),1062.0,8528.770418857219,3.0261245167454502,3.930886424040142,0.904761907294692,0.904761907294692,8.030857268227136
random_5fold_cv,M1_raw_independent,5,R024,23,,peroxidase,Km (mM),0.0223,4.747534092218466,-1.6516951369518393,0.6764680921050412,2.3281632290568806,2.3281632290568806,212.89390548064867
random_5fold_cv,M1_raw_independent,5,R024,23,,peroxidase,Kcat (s⁻¹),23900.0,6860.636531765438,4.378397900948138,3.836364411538923,-0.5420334894092149,0.5420334894092149,0.2870559218311899
random_5fold_cv,M1_raw_independent,5,R024,23,,peroxidase,Vmax (nM s⁻¹),174.0,308.1293785616035,2.2405492482826,2.4887331080505373,0.24818385976793733,0.24818385976793733,1.77085849748048
random_5fold_cv,M1_raw_independent,5,R030,29,,catalase,Km (mM),3.88,3.607365603495098,0.5888317255942073,0.5571901599324814,-0.03164156566172582,0.03164156566172582,0.9297334029626542
random_5fold_cv,M1_raw_independent,5,R030,29,,catalase,Kcat (s⁻¹),2350.0,274.190337841864,3.3710678622717363,2.4380521466756093,-0.933015715596127,0.933015715596127,0.11667673950717616
random_5fold_cv,M1_raw_independent,5,R030,29,,catalase,Vmax (nM s⁻¹),565.0,236.4665281150924,2.7520484478194387,2.3737696749524817,-0.378278772866957,0.378278772866957,0.4185248285222874
random_5fold_cv,M1_raw_independent,5,R038,37,,catalase,Km (mM),412.0,4.747534092218466,2.6148972160331345,0.6764680921050412,-1.9384291239280933,1.9384291239280933,0.011523141000530257
random_5fold_cv,M1_raw_independent,5,R038,37,,catalase,Kcat (s⁻¹),134000.0,6860.636531765438,5.127104798364807,3.836364411538923,-1.2907403868258842,1.2907403868258842,0.05119878008780178
random_5fold_cv,M1_raw_independent,5,R038,37,,catalase,Vmax (nM s⁻¹),1005.0,308.1293785616035,3.002166061756508,2.4887331080505373,-0.5134329537059705,0.5134329537059705,0.30659639657870996
random_5fold_cv,M1_raw_independent,5,R052,51,,catalase,Km (mM),1100.0,1.9425428441277584,3.041392685158225,0.28837060624415967,-2.753022078914065,2.753022078914065,0.001765948040116144
random_5fold_cv,M1_raw_independent,5,R052,51,,catalase,Kcat (s⁻¹),1200000.0,103.71282120434665,6.079181246047625,2.015832448135519,-4.063348797912106,4.063348797912106,8.642735100362221e-05
random_5fold_cv,M1_raw_independent,5,R052,51,,catalase,Vmax (nM s⁻¹),31000.0,658.4544237970772,4.491361693834273,2.818525719801307,-1.672835974032966,1.672835974032966,0.021240465283776683
random_5fold_cv,M1_raw_independent,5,R053,52,,peroxidase,Km (mM),0.0181,4.747534092218466,-1.7423214251308154,0.6764680921050412,2.4187895172358567,2.4187895172358567,262.2947012275395
random_5fold_cv,M1_raw_independent,5,R053,52,,peroxidase,Kcat (s⁻¹),21100.0,6860.636531765438,4.324282455297693,3.836364411538923,-0.48791804375877,0.48791804375877,0.3251486507945705
random_5fold_cv,M1_raw_independent,5,R053,52,,peroxidase,Vmax (nM s⁻¹),158.0,308.1293785616035,2.1986570869544226,2.4887331080505373,0.29007602109611463,0.29007602109611463,1.9501859402633135
random_5fold_cv,M1_raw_independent,5,R060,59,,peroxidase,Km (mM),0.24,1.9425428441277584,-0.619788758288394,0.28837060624415967,0.9081593645325536,0.9081593645325536,8.093928517198993
random_5fold_cv,M1_raw_independent,5,R060,59,,peroxidase,Kcat (s⁻¹),250000.0,103.71282120434665,5.3979400086720375,2.015832448135519,-3.3821075605365185,3.3821075605365185,0.0004148512848173866
random_5fold_cv,M1_raw_independent,5,R060,59,,peroxidase,Vmax (nM s⁻¹),6800.0,658.4544237970772,3.832508912706236,2.818525719801307,-1.013983192904929,1.013983192904929,0.09683153291133488
random_5fold_cv,M1_raw_independent,5,R061,60,,unknown,Km (mM),0.58,1.0714391734155462,-0.23657200643706275,0.029967520781659093,0.2665395272187218,0.2665395272187218,1.8473089196819763
random_5fold_cv,M1_raw_independent,5,R061,60,,unknown,Kcat (s⁻¹),1190.0,0.03946543481602205,3.0755469613925306,-1.4037831079312437,-4.479330069323774,4.479330069323774,3.316423093783365e-05
random_5fold_cv,M1_raw_independent,5,R061,60,,unknown,Vmax (nM s⁻¹),457.0,24.74286536113536,2.6599162000698504,1.3934499919168748,-1.2664662081529756,1.2664662081529756,0.05414193733290013
random_5fold_cv,M1_raw_independent,5,R064,63,,peroxidase,Km (mM),0.0349,12.86115192648699,-1.45717457304082,1.109279868503621,2.5664544415444412,2.5664544415444412,368.51438184776475
random_5fold_cv,M1_raw_independent,5,R064,63,,peroxidase,Kcat (s⁻¹),0.0797,92.14796978196391,-1.0985416786038877,1.9644857712186512,3.063027449822539,3.063027449822539,1156.1853172141018
random_5fold_cv,M1_raw_independent,5,R064,63,,peroxidase,Vmax (nM s⁻¹),557.0,286.29795075465546,2.745855195173729,2.456818239467179,-0.28903695570654975,0.28903695570654975,0.5139999115882504
random_5fold_cv,M1_raw_independent,5,R072,71,,peroxidase,Km (mM),0.143,3.128745846912685,-0.8446639625349383,0.4953702861355443,1.3400342486704826,1.3400342486704826,21.879341586801996
random_5fold_cv,M1_raw_independent,5,R072,71,,peroxidase,Kcat (s⁻¹),0.0421,7.576001194669017,-1.3757179041643317,0.8794400344796575,2.2551579386439893,2.2551579386439893,179.952522438694
random_5fold_cv,M1_raw_independent,5,R072,71,,peroxidase,Vmax (nM s⁻¹),45.0,79.3442924236483,1.6532125137753437,1.8995156915437126,0.24630317776836885,0.24630317776836885,1.7632064983032956
random_5fold_cv,M1_raw_independent,5,R075,74,,peroxidase,Km (mM),0.0152,4.747534092218466,-1.8181564120552274,0.6764680921050412,2.4946245041602686,2.4946245041602686,312.33776922489903
random_5fold_cv,M1_raw_independent,5,R075,74,,peroxidase,Kcat (s⁻¹),16000.0,6860.636531765438,4.204119982655925,3.836364411538923,-0.36775557111700197,0.36775557111700197,0.4287897832353399
random_5fold_cv,M1_raw_independent,5,R075,74,,peroxidase,Vmax (nM s⁻¹),113.0,308.1293785616035,2.0530784434834195,2.4887331080505373,0.43565466456711777,0.43565466456711777,2.7268086598371992
random_5fold_cv,M1_raw_independent,5,R080,79,,peroxidase,Km (mM),0.00101,12.86115192648699,-2.9956786262173574,1.109279868503621,4.104958494720979,4.104958494720979,12733.813788600979
random_5fold_cv,M1_raw_independent,5,R080,79,,peroxidase,Kcat (s⁻¹),1.97,92.14796978196391,0.2944662261615929,1.9644857712186512,1.6700195450570583,1.6700195450570583,46.775619178661884
random_5fold_cv,M1_raw_independent,5,R080,79,,peroxidase,Vmax (nM s⁻¹),360.0,286.29795075465546,2.5563025007672873,2.456818239467179,-0.09948426130010812,0.09948426130010812,0.7952720854295985
random_5fold_cv,M1_raw_independent,5,R081,80,,peroxidase,Km (mM),0.096,3.607365603495098,-1.0177287669604316,0.5571901599324814,1.574918926892913,1.574918926892913,37.57672503640727
random_5fold_cv,M1_raw_independent,5,R081,80,,peroxidase,Kcat (s⁻¹),1720.0,274.190337841864,3.2355284469075487,2.4380521466756093,-0.7974763002319394,0.7974763002319394,0.1594129871173628
random_5fold_cv,M1_raw_independent,5,R081,80,,peroxidase,Vmax (nM s⁻¹),412.0,236.4665281150924,2.6148972160331345,2.3737696749524817,-0.24112754108065282,0.24112754108065282,0.5739478837744961
random_5fold_cv,M2_raw_chain,5,R002,1,,unknown,Km (mM),2.75,0.7173718571648214,0.43933269383026263,-0.144255664902543,-0.5835883587328057,0.5835883587328057,0.26086249351448054
random_5fold_cv,M2_raw_chain,5,R002,1,,unknown,Kcat (s⁻¹),0.00063,0.2571959586896879,-3.2006594505464183,-0.5897358597468715,2.6109235907995467,2.6109235907995467,408.2475534756951
random_5fold_cv,M2_raw_chain,5,R002,1,,unknown,Vmax (nM s⁻¹),813000.0,787.9450057582326,5.910090545594068,2.8964959071733216,-3.0135946384207464,3.0135946384207464,0.0009691820489031151
random_5fold_cv,M2_raw_chain,5,R003,2,,catalase,Km (mM),458.9,6.854696338082542,2.6617180576946593,0.8359882203777306,-1.8257298373169286,1.8257298373169286,0.014937233249253742
random_5fold_cv,M2_raw_chain,5,R003,2,,catalase,Kcat (s⁻¹),312000.0,9.592880519220499,5.494154594018442,0.9819490353001229,-4.512205558718319,4.512205558718319,3.074641192057852e-05
random_5fold_cv,M2_raw_chain,5,R003,2,,catalase,Vmax (nM s⁻¹),3.06,81.7983097787822,0.48572142648158,1.9127443298164084,1.4270229033348283,1.4270229033348283,26.73147378391575
random_5fold_cv,M2_raw_chain,5,R015,14,,catalase,Km (mM),2.97,2.0426484909330065,0.4727564493172124,0.31019363751718,-0.1625628118000324,0.1625628118000324,0.6877604346575779
random_5fold_cv,M2_raw_chain,5,R015,14,,catalase,Kcat (s⁻¹),0.000166,8.261761295282648,-3.779891911959945,0.9170726428749945,4.696964554834939,4.696964554834939,49769.64635712439
random_5fold_cv,M2_raw_chain,5,R015,14,,catalase,Vmax (nM s⁻¹),76.7,236.0657814958299,1.884795363948981,2.373033039240707,0.4882376752917261,0.4882376752917261,3.077780723544066
random_5fold_cv,M2_raw_chain,5,R021,20,,peroxidase,Km (mM),0.682,2.685558868079793,-0.16621562534352105,0.4290346766526859,0.595250301996207,0.595250301996207,3.9377696012900185
random_5fold_cv,M2_raw_chain,5,R021,20,,peroxidase,Kcat (s⁻¹),0.174,7.355282149389125,-0.7594507517174003,0.8665993369646358,1.6260500886820362,1.6260500886820362,42.2717364907421
random_5fold_cv,M2_raw_chain,5,R021,20,,peroxidase,Vmax (nM s⁻¹),177.0,238.92128361986593,2.247973266361807,2.3782548393561624,0.1302815729943556,0.1302815729943556,1.3498377605642142
random_5fold_cv,M2_raw_chain,5,R022,21,,peroxidase,Km (mM),5.55,5.36248566722762,0.7442929831226762,0.7293661444184639,-0.014926838704212297,0.014926838704212297,0.9662136337347064
random_5fold_cv,M2_raw_chain,5,R022,21,,peroxidase,Kcat (s⁻¹),1062.0,90.98690938491707,3.0261245167454502,1.95897891330077,-1.0671456034446802,1.0671456034446802,0.08567505591800101
random_5fold_cv,M2_raw_chain,5,R022,21,,peroxidase,Vmax (nM s⁻¹),1062.0,1927.664008679767,3.0261245167454502,3.2850313387512298,0.2589068220057795,0.2589068220057795,1.8151261851975207
random_5fold_cv,M2_raw_chain,5,R024,23,,peroxidase,Km (mM),0.0223,4.747534092218466,-1.6516951369518393,0.6764680921050412,2.3281632290568806,2.3281632290568806,212.89390548064867
random_5fold_cv,M2_raw_chain,5,R024,23,,peroxidase,Kcat (s⁻¹),23900.0,3122.841023813095,4.378397900948138,3.4945498759246947,-0.8838480250234433,0.8838480250234433,0.13066280434364413
random_5fold_cv,M2_raw_chain,5,R024,23,,peroxidase,Vmax (nM s⁻¹),174.0,226.82372877439627,2.2405492482826,2.3556884855680007,0.11513923728540076,0.11513923728540076,1.303584648128714
random_5fold_cv,M2_raw_chain,5,R030,29,,catalase,Km (mM),3.88,3.607365603495098,0.5888317255942073,0.5571901599324814,-0.03164156566172582,0.03164156566172582,0.9297334029626542
random_5fold_cv,M2_raw_chain,5,R030,29,,catalase,Kcat (s⁻¹),2350.0,286.2711929359651,3.3710678622717363,2.4567776477826935,-0.9142902144890428,0.9142902144890428,0.12181752890892131
random_5fold_cv,M2_raw_chain,5,R030,29,,catalase,Vmax (nM s⁻¹),565.0,230.58963545133165,2.7520484478194387,2.362839782718203,-0.38920866510123586,0.38920866510123586,0.4081232485864277
random_5fold_cv,M2_raw_chain,5,R038,37,,catalase,Km (mM),412.0,4.747534092218466,2.6148972160331345,0.6764680921050412,-1.9384291239280933,1.9384291239280933,0.011523141000530257
random_5fold_cv,M2_raw_chain,5,R038,37,,catalase,Kcat (s⁻¹),134000.0,3122.841023813095,5.127104798364807,3.4945498759246947,-1.6325549224401126,1.6325549224401126,0.023304783759799216
random_5fold_cv,M2_raw_chain,5,R038,37,,catalase,Vmax (nM s⁻¹),1005.0,226.82372877439627,3.002166061756508,2.3556884855680007,-0.6464775761885071,0.6464775761885071,0.22569525251183709
random_5fold_cv,M2_raw_chain,5,R052,51,,catalase,Km (mM),1100.0,1.9425428441277584,3.041392685158225,0.28837060624415967,-2.753022078914065,2.753022078914065,0.001765948040116144
random_5fold_cv,M2_raw_chain,5,R052,51,,catalase,Kcat (s⁻¹),1200000.0,35.599395446714674,6.079181246047625,1.551442622793516,-4.527738623254109,4.527738623254109,2.9666162872262227e-05
random_5fold_cv,M2_raw_chain,5,R052,51,,catalase,Vmax (nM s⁻¹),31000.0,475.0719294330755,4.491361693834273,2.676759370026712,-1.814602323807561,1.814602323807561,0.015324900949454049
random_5fold_cv,M2_raw_chain,5,R053,52,,peroxidase,Km (mM),0.0181,4.747534092218466,-1.7423214251308154,0.6764680921050412,2.4187895172358567,2.4187895172358567,262.2947012275395
random_5fold_cv,M2_raw_chain,5,R053,52,,peroxidase,Kcat (s⁻¹),21100.0,3122.841023813095,4.324282455297693,3.4945498759246947,-0.8297325793729984,0.8297325793729984,0.14800194425654478
random_5fold_cv,M2_raw_chain,5,R053,52,,peroxidase,Vmax (nM s⁻¹),158.0,226.82372877439627,2.1986570869544226,2.3556884855680007,0.15703139861357807,0.15703139861357807,1.4355932200911157
random_5fold_cv,M2_raw_chain,5,R060,59,,peroxidase,Km (mM),0.24,1.9425428441277584,-0.619788758288394,0.28837060624415967,0.9081593645325536,0.9081593645325536,8.093928517198993
random_5fold_cv,M2_raw_chain,5,R060,59,,peroxidase,Kcat (s⁻¹),250000.0,35.599395446714674,5.3979400086720375,1.551442622793516,-3.8464973858785214,3.8464973858785214,0.0001423975817868587
random_5fold_cv,M2_raw_chain,5,R060,59,,peroxidase,Vmax (nM s⁻¹),6800.0,475.0719294330755,3.832508912706236,2.676759370026712,-1.1557495426795241,1.1557495426795241,0.06986351903427582
random_5fold_cv,M2_raw_chain,5,R061,60,,unknown,Km (mM),0.58,1.0714391734155462,-0.23657200643706275,0.029967520781659093,0.2665395272187218,0.2665395272187218,1.8473089196819763
random_5fold_cv,M2_raw_chain,5,R061,60,,unknown,Kcat (s⁻¹),1190.0,0.11890366487187143,3.0755469613925306,-0.9248047592660723,-4.000351720658603,4.000351720658603,9.991904611081633e-05
random_5fold_cv,M2_raw_chain,5,R061,60,,unknown,Vmax (nM s⁻¹),457.0,61.02588526657332,2.6599162000698504,1.7855140881891718,-0.8744021118806786,0.8744021118806786,0.13353585397499632
random_5fold_cv,M2_raw_chain,5,R064,63,,peroxidase,Km (mM),0.0349,12.86115192648699,-1.45717457304082,1.109279868503621,2.5664544415444412,2.5664544415444412,368.51438184776475
random_5fold_cv,M2_raw_chain,5,R064,63,,peroxidase,Kcat (s⁻¹),0.0797,89.96354589311181,-1.0985416786038877,1.954066564721163,3.052608243325051,3.052608243325051,1128.777238307551
random_5fold_cv,M2_raw_chain,5,R064,63,,peroxidase,Vmax (nM s⁻¹),557.0,260.9277463095363,2.745855195173729,2.4165202631876763,-0.32933493198605257,0.32933493198605257,0.468451968239742
random_5fold_cv,M2_raw_chain,5,R072,71,,peroxidase,Km (mM),0.143,3.128745846912685,-0.8446639625349383,0.4953702861355443,1.3400342486704826,1.3400342486704826,21.879341586801996
random_5fold_cv,M2_raw_chain,5,R072,71,,peroxidase,Kcat (s⁻¹),0.0421,1.6610176354499675,-1.3757179041643317,0.2203742434917003,1.596092147656032,1.596092147656032,39.45410060451229
random_5fold_cv,M2_raw_chain,5,R072,71,,peroxidase,Vmax (nM s⁻¹),45.0,189.12953939208847,1.6532125137753437,2.276759364874079,0.6235468510987354,0.6235468510987354,4.202878653157522
random_5fold_cv,M2_raw_chain,5,R075,74,,peroxidase,Km (mM),0.0152,4.747534092218466,-1.8181564120552274,0.6764680921050412,2.4946245041602686,2.4946245041602686,312.33776922489903
random_5fold_cv,M2_raw_chain,5,R075,74,,peroxidase,Kcat (s⁻¹),16000.0,3122.841023813095,4.204119982655925,3.4945498759246947,-0.7095701067312303,0.7095701067312303,0.19517756398831845
random_5fold_cv,M2_raw_chain,5,R075,74,,peroxidase,Vmax (nM s⁻¹),113.0,226.82372877439627,2.0530784434834195,2.3556884855680007,0.3026100420845812,0.3026100420845812,2.0072896351716483
random_5fold_cv,M2_raw_chain,5,R080,79,,peroxidase,Km (mM),0.00101,12.86115192648699,-2.9956786262173574,1.109279868503621,4.104958494720979,4.104958494720979,12733.813788600979
random_5fold_cv,M2_raw_chain,5,R080,79,,peroxidase,Kcat (s⁻¹),1.97,89.96354589311181,0.2944662261615929,1.954066564721163,1.6596003385595701,1.6596003385595701,45.666774565031375
random_5fold_cv,M2_raw_chain,5,R080,79,,peroxidase,Vmax (nM s⁻¹),360.0,260.9277463095363,2.5563025007672873,2.4165202631876763,-0.13978223757961095,0.13978223757961095,0.7247992953042675
random_5fold_cv,M2_raw_chain,5,R081,80,,peroxidase,Km (mM),0.096,3.607365603495098,-1.0177287669604316,0.5571901599324814,1.574918926892913,1.574918926892913,37.57672503640727
random_5fold_cv,M2_raw_chain,5,R081,80,,peroxidase,Kcat (s⁻¹),1720.0,286.2711929359651,3.2355284469075487,2.4567776477826935,-0.7787507991248552,0.7787507991248552,0.16643674007904946
random_5fold_cv,M2_raw_chain,5,R081,80,,peroxidase,Vmax (nM s⁻¹),412.0,230.58963545133165,2.6148972160331345,2.362839782718203,-0.2520574333149317,0.2520574333149317,0.5596835811925526
random_5fold_cv,M3_physics_independent,5,R002,1,,unknown,Km (mM),2.75,1.2008622257045685,0.43933269383026263,0.0794931838820735,-0.35983950994818914,0.35983950994818914,0.43667717298347947
random_5fold_cv,M3_physics_independent,5,R002,1,,unknown,Kcat (s⁻¹),0.00063,0.010125475507654415,-3.2006594505464183,-1.9945845725082252,1.2060748780381931,1.2060748780381931,16.072183345483197
random_5fold_cv,M3_physics_independent,5,R002,1,,unknown,Vmax (nM s⁻¹),813000.0,28713.825505090826,5.910090545594068,4.4580910568320595,-1.4519994887620085,1.4519994887620085,0.035318358554847266
random_5fold_cv,M3_physics_independent,5,R003,2,,catalase,Km (mM),458.9,6.378448491438197,2.6617180576946593,0.8047150527728677,-1.8570030049217916,1.8570030049217916,0.013899430140418823
random_5fold_cv,M3_physics_independent,5,R003,2,,catalase,Kcat (s⁻¹),312000.0,3.047154215440462,5.494154594018442,0.4838944342751841,-5.010260159743258,5.010260159743258,9.766519921283531e-06
random_5fold_cv,M3_physics_independent,5,R003,2,,catalase,Vmax (nM s⁻¹),3.06,41.036163092054984,0.48572142648158,1.613166747185437,1.127445320703857,1.127445320703857,13.410510814397053
random_5fold_cv,M3_physics_independent,5,R015,14,,catalase,Km (mM),2.97,3.8737527658573203,0.4727564493172124,0.5881318993334687,0.11537545001625626,0.11537545001625626,1.3042938605580203
random_5fold_cv,M3_physics_independent,5,R015,14,,catalase,Kcat (s⁻¹),0.000166,1.936854971428221,-3.779891911959945,0.2870971026672292,4.0669890146271745,4.0669890146271745,11667.801032700127
random_5fold_cv,M3_physics_independent,5,R015,14,,catalase,Vmax (nM s⁻¹),76.7,48.754515038662014,1.884795363948981,1.6880148408669369,-0.19678052308204408,0.19678052308204408,0.6356520865536116
random_5fold_cv,M3_physics_independent,5,R021,20,,peroxidase,Km (mM),0.682,2.5920360370425377,-0.16621562534352105,0.4136410352309331,0.5798566605744542,0.5798566605744542,3.800639350502254
random_5fold_cv,M3_physics_independent,5,R021,20,,peroxidase,Kcat (s⁻¹),0.174,9.31014371911354,-0.7594507517174003,0.9689563851635334,1.7284071368809337,1.7284071368809337,53.506573098353684
random_5fold_cv,M3_physics_independent,5,R021,20,,peroxidase,Vmax (nM s⁻¹),177.0,499.29537783705,2.247973266361807,2.69835754564823,0.450384279286423,0.450384279286423,2.820877840887288
random_5fold_cv,M3_physics_independent,5,R022,21,,peroxidase,Km (mM),5.55,11.877502874946863,0.7442929831226762,1.0747251442121362,0.33043216108945994,0.33043216108945994,2.140090608098534
random_5fold_cv,M3_physics_independent,5,R022,21,,peroxidase,Kcat (s⁻¹),1062.0,335.66468434806814,3.0261245167454502,2.5259056510497326,-0.5002188656957176,0.5002188656957176,0.31606844100571385
random_5fold_cv,M3_physics_independent,5,R022,21,,peroxidase,Vmax (nM s⁻¹),1062.0,304282.0900022232,3.0261245167454502,5.483276390602948,2.457151873857498,2.457151873857498,286.5179755199842
random_5fold_cv,M3_physics_independent,5,R024,23,,peroxidase,Km (mM),0.0223,6.552975797888788,-1.6516951369518393,0.816438563978913,2.4681337009307525,2.4681337009307525,293.85541694568553
random_5fold_cv,M3_physics_independent,5,R024,23,,peroxidase,Kcat (s⁻¹),23900.0,33805.3365995743,4.378397900948138,4.5289852645617374,0.15058736361359948,0.15058736361359948,1.4144492301077114
random_5fold_cv,M3_physics_independent,5,R024,23,,peroxidase,Vmax (nM s⁻¹),174.0,331.0211690729419,2.2405492482826,2.5198557681491023,0.27930651986650235,0.27930651986650235,1.9024205119134592
random_5fold_cv,M3_physics_independent,5,R030,29,,catalase,Km (mM),3.88,4.131016332560475,0.5888317255942073,0.6160569120249685,0.027225186430761217,0.027225186430761217,1.0646949310722873
random_5fold_cv,M3_physics_independent,5,R030,29,,catalase,Kcat (s⁻¹),2350.0,408.6663448260211,3.3710678622717363,2.611368873439068,-0.7596989888326684,0.7596989888326684,0.17390057226639194
random_5fold_cv,M3_physics_independent,5,R030,29,,catalase,Vmax (nM s⁻¹),565.0,99.79912053952188,2.7520484478194387,1.9991267141679763,-0.7529217336514624,0.7529217336514624,0.17663561157437502
random_5fold_cv,M3_physics_independent,5,R038,37,,catalase,Km (mM),412.0,6.552975797888788,2.6148972160331345,0.816438563978913,-1.7984586520542214,1.7984586520542214,0.015905281062836864
random_5fold_cv,M3_physics_independent,5,R038,37,,catalase,Kcat (s⁻¹),134000.0,33805.3365995743,5.127104798364807,4.5289852645617374,-0.5981195338030698,0.5981195338030698,0.2522786313401067
random_5fold_cv,M3_physics_independent,5,R038,37,,catalase,Vmax (nM s⁻¹),1005.0,331.0211690729419,3.002166061756508,2.5198557681491023,-0.4823102936074055,0.4823102936074055,0.32937429758501685
random_5fold_cv,M3_physics_independent,5,R052,51,,catalase,Km (mM),1100.0,1.773398111221294,3.041392685158225,0.24880624157847342,-2.7925864435797516,2.7925864435797516,0.0016121801011102672
random_5fold_cv,M3_physics_independent,5,R052,51,,catalase,Kcat (s⁻¹),1200000.0,345.1520761991934,6.079181246047625,2.5380104901512146,-3.5411707558964105,3.5411707558964105,0.0002876267301659945
random_5fold_cv,M3_physics_independent,5,R052,51,,catalase,Vmax (nM s⁻¹),31000.0,565.4634505751742,4.491361693834273,2.7524045390112533,-1.7389571548230198,1.7389571548230198,0.01824075647016691
random_5fold_cv,M3_physics_independent,5,R053,52,,peroxidase,Km (mM),0.0181,6.552975797888788,-1.7423214251308154,0.816438563978913,2.5587599891097286,2.5587599891097286,362.0428617618115
random_5fold_cv,M3_physics_independent,5,R053,52,,peroxidase,Kcat (s⁻¹),21100.0,33805.3365995743,4.324282455297693,4.5289852645617374,0.20470280926404438,0.20470280926404438,1.6021486540082608
random_5fold_cv,M3_physics_independent,5,R053,52,,peroxidase,Vmax (nM s⁻¹),158.0,331.0211690729419,2.1986570869544226,2.5198557681491023,0.32119868119467965,0.32119868119467965,2.0950706903350755
random_5fold_cv,M3_physics_independent,5,R060,59,,peroxidase,Km (mM),0.24,1.773398111221294,-0.619788758288394,0.24880624157847342,0.8685949998668674,0.8685949998668674,7.389158796755392
random_5fold_cv,M3_physics_independent,5,R060,59,,peroxidase,Kcat (s⁻¹),250000.0,345.1520761991934,5.3979400086720375,2.5380104901512146,-2.859929518520823,2.859929518520823,0.0013806083047967735
random_5fold_cv,M3_physics_independent,5,R060,59,,peroxidase,Vmax (nM s⁻¹),6800.0,565.4634505751742,3.832508912706236,2.7524045390112533,-1.080104373694983,1.080104373694983,0.08315638979046679
random_5fold_cv,M3_physics_independent,5,R061,60,,unknown,Km (mM),0.58,0.7090448813545579,-0.23657200643706275,-0.1493262738328502,0.08724573260421256,0.08724573260421256,1.2224911747492377
random_5fold_cv,M3_physics_independent,5,R061,60,,unknown,Kcat (s⁻¹),1190.0,0.2965105053903312,3.0755469613925306,-0.5279599149397644,-3.603506876332295,3.603506876332295,0.00024916849192464807
random_5fold_cv,M3_physics_independent,5,R061,60,,unknown,Vmax (nM s⁻¹),457.0,853.6887919583868,2.6599162000698504,2.931299579626454,0.27138337955660363,0.27138337955660363,1.8680279911562074
random_5fold_cv,M3_physics_independent,5,R064,63,,peroxidase,Km (mM),0.0349,13.854330416909079,-1.45717457304082,1.1415855410696345,2.598760114110455,2.598760114110455,396.9722182495438
random_5fold_cv,M3_physics_independent,5,R064,63,,peroxidase,Kcat (s⁻¹),0.0797,47.2858235464693,-1.0985416786038877,1.6747309572630245,2.7732726358669124,2.7732726358669124,593.2976605579587
random_5fold_cv,M3_physics_independent,5,R064,63,,peroxidase,Vmax (nM s⁻¹),557.0,1506.783610085673,2.745855195173729,3.1780508875545483,0.43219569238081945,0.43219569238081945,2.7051770378557864
random_5fold_cv,M3_physics_independent,5,R072,71,,peroxidase,Km (mM),0.143,0.9492748983920799,-0.8446639625349383,-0.022608002992507623,0.8220559595424306,0.8220559595424306,6.638286002741818
random_5fold_cv,M3_physics_independent,5,R072,71,,peroxidase,Kcat (s⁻¹),0.0421,0.281778402636429,-1.3757179041643317,-0.5500922971573625,0.8256256070069692,0.8256256070069692,6.693073696827293
random_5fold_cv,M3_physics_independent,5,R072,71,,peroxidase,Vmax (nM s⁻¹),45.0,44.27974908550831,1.6532125137753437,1.6462051512516735,-0.00700736252367018,0.00700736252367018,0.9839944241224068
random_5fold_cv,M3_physics_independent,5,R075,74,,peroxidase,Km (mM),0.0152,6.552975797888788,-1.8181564120552274,0.816438563978913,2.6345949760341405,2.6345949760341405,431.1168288084729
random_5fold_cv,M3_physics_independent,5,R075,74,,peroxidase,Kcat (s⁻¹),16000.0,33805.3365995743,4.204119982655925,4.5289852645617374,0.32486528190581243,0.32486528190581243,2.112833537473394
random_5fold_cv,M3_physics_independent,5,R075,74,,peroxidase,Vmax (nM s⁻¹),113.0,331.0211690729419,2.0530784434834195,2.5198557681491023,0.4667773246656828,0.4667773246656828,2.9293908767516985
random_5fold_cv,M3_physics_independent,5,R080,79,,peroxidase,Km (mM),0.00101,13.854330416909079,-2.9956786262173574,1.1415855410696345,4.137264167286991,4.137264167286991,13717.158828622849
random_5fold_cv,M3_physics_independent,5,R080,79,,peroxidase,Kcat (s⁻¹),1.97,47.2858235464693,0.2944662261615929,1.6747309572630245,1.3802647311014316,1.3802647311014316,24.002956114959037
random_5fold_cv,M3_physics_independent,5,R080,79,,peroxidase,Vmax (nM s⁻¹),360.0,1506.783610085673,2.5563025007672873,3.1780508875545483,0.6217483867872611,0.6217483867872611,4.185510028015758
random_5fold_cv,M3_physics_independent,5,R081,80,,peroxidase,Km (mM),0.096,4.131016332560475,-1.0177287669604316,0.6160569120249685,1.6337856789854,1.6337856789854,43.03142013083828
random_5fold_cv,M3_physics_independent,5,R081,80,,peroxidase,Kcat (s⁻¹),1720.0,408.6663448260211,3.2355284469075487,2.611368873439068,-0.6241595734684808,0.6241595734684808,0.2375967121081518
random_5fold_cv,M3_physics_independent,5,R081,80,,peroxidase,Vmax (nM s⁻¹),412.0,99.79912053952188,2.6148972160331345,1.9991267141679763,-0.6157705018651582,0.6157705018651582,0.2422308750959269
random_5fold_cv,M4_full_physics_chain,5,R002,1,,unknown,Km (mM),2.75,1.2008622257045682,0.43933269383026263,0.07949318388207342,-0.3598395099481892,0.3598395099481892,0.43667717298347936
random_5fold_cv,M4_full_physics_chain,5,R002,1,,unknown,Kcat (s⁻¹),0.00063,0.012037811127787871,-3.2006594505464183,-1.9194524750005129,1.2812069755459055,1.2812069755459055,19.107636710774397
random_5fold_cv,M4_full_physics_chain,5,R002,1,,unknown,Vmax (nM s⁻¹),813000.0,24231.179988128024,5.910090545594068,4.384374563533082,-1.5257159820609862,1.5257159820609862,0.02980464943189179
random_5fold_cv,M4_full_physics_chain,5,R003,2,,catalase,Km (mM),458.9,6.378448491438197,2.6617180576946593,0.8047150527728677,-1.8570030049217916,1.8570030049217916,0.013899430140418823
random_5fold_cv,M4_full_physics_chain,5,R003,2,,catalase,Kcat (s⁻¹),312000.0,3.480690219399401,5.494154594018442,0.5416653728987384,-4.952489221119704,4.952489221119704,1.1156058395510901e-05
random_5fold_cv,M4_full_physics_chain,5,R003,2,,catalase,Vmax (nM s⁻¹),3.06,49.88008295691257,0.48572142648158,1.697927167093983,1.212205740612403,1.212205740612403,16.300680704873386
random_5fold_cv,M4_full_physics_chain,5,R015,14,,catalase,Km (mM),2.97,3.873752765857321,0.4727564493172124,0.5881318993334688,0.11537545001625638,0.11537545001625638,1.3042938605580205
random_5fold_cv,M4_full_physics_chain,5,R015,14,,catalase,Kcat (s⁻¹),0.000166,4.396388714512715,-3.779891911959945,0.6430960843666894,4.4229879963266345,4.4229879963266345,26484.269364534426
random_5fold_cv,M4_full_physics_chain,5,R015,14,,catalase,Vmax (nM s⁻¹),76.7,60.799913685914234,1.884795363948981,1.7839029627306664,-0.10089240121831455,0.10089240121831455,0.7926977012505115
random_5fold_cv,M4_full_physics_chain,5,R021,20,,peroxidase,Km (mM),0.682,2.5920360370425373,-0.16621562534352105,0.413641035230933,0.5798566605744541,0.5798566605744541,3.8006393505022538
random_5fold_cv,M4_full_physics_chain,5,R021,20,,peroxidase,Kcat (s⁻¹),0.174,7.769719477260063,-0.7594507517174003,0.8904053390483686,1.649856090765769,1.649856090765769,44.653560214138295
random_5fold_cv,M4_full_physics_chain,5,R021,20,,peroxidase,Vmax (nM s⁻¹),177.0,251.5523768663676,2.247973266361807,2.400628425239866,0.15265515887805936,0.15265515887805936,1.421199869301512
random_5fold_cv,M4_full_physics_chain,5,R022,21,,peroxidase,Km (mM),5.55,11.877502874946858,0.7442929831226762,1.074725144212136,0.3304321610894597,0.3304321610894597,2.140090608098533
random_5fold_cv,M4_full_physics_chain,5,R022,21,,peroxidase,Kcat (s⁻¹),1062.0,205.90637505204677,3.0261245167454502,2.3136697929855172,-0.712454723759933,0.712454723759933,0.19388547556689903
random_5fold_cv,M4_full_physics_chain,5,R022,21,,peroxidase,Vmax (nM s⁻¹),1062.0,65588.3337183301,3.0261245167454502,4.816826597724313,1.7907020809788632,1.7907020809788632,61.75925962177976
random_5fold_cv,M4_full_physics_chain,5,R024,23,,peroxidase,Km (mM),0.0223,6.552975797888788,-1.6516951369518393,0.816438563978913,2.4681337009307525,2.4681337009307525,293.85541694568553
random_5fold_cv,M4_full_physics_chain,5,R024,23,,peroxidase,Kcat (s⁻¹),23900.0,30332.84517476856,4.378397900948138,4.481913148383511,0.10351524743537333,0.10351524743537333,1.2691567018731615
random_5fold_cv,M4_full_physics_chain,5,R024,23,,peroxidase,Vmax (nM s⁻¹),174.0,266.1760821306763,2.2405492482826,2.4251690283537424,0.18461978007114244,0.18461978007114244,1.5297475984521627
random_5fold_cv,M4_full_physics_chain,5,R030,29,,catalase,Km (mM),3.88,4.131016332560475,0.5888317255942073,0.6160569120249685,0.027225186430761217,0.027225186430761217,1.0646949310722873
random_5fold_cv,M4_full_physics_chain,5,R030,29,,catalase,Kcat (s⁻¹),2350.0,368.4308949652247,3.3710678622717363,2.5663560410425466,-0.8047118212291897,0.8047118212291897,0.15677910424052113
random_5fold_cv,M4_full_physics_chain,5,R030,29,,catalase,Vmax (nM s⁻¹),565.0,129.90941971170093,2.7520484478194387,2.113640642839717,-0.6384078049797215,0.6384078049797215,0.22992817648088662
random_5fold_cv,M4_full_physics_chain,5,R038,37,,catalase,Km (mM),412.0,6.552975797888788,2.6148972160331345,0.816438563978913,-1.7984586520542214,1.7984586520542214,0.015905281062836864
random_5fold_cv,M4_full_physics_chain,5,R038,37,,catalase,Kcat (s⁻¹),134000.0,30332.84517476856,5.127104798364807,4.481913148383511,-0.645191649981296,0.645191649981296,0.22636451622961612
random_5fold_cv,M4_full_physics_chain,5,R038,37,,catalase,Vmax (nM s⁻¹),1005.0,266.1760821306763,3.002166061756508,2.4251690283537424,-0.5769970334027654,0.5769970334027654,0.26485182301559834
random_5fold_cv,M4_full_physics_chain,5,R052,51,,catalase,Km (mM),1100.0,1.773398111221294,3.041392685158225,0.24880624157847342,-2.7925864435797516,2.7925864435797516,0.0016121801011102672
random_5fold_cv,M4_full_physics_chain,5,R052,51,,catalase,Kcat (s⁻¹),1200000.0,185.65440176862901,6.079181246047625,2.26870525057895,-3.8104759954686753,3.8104759954686753,0.0001547120014738575
random_5fold_cv,M4_full_physics_chain,5,R052,51,,catalase,Vmax (nM s⁻¹),31000.0,519.1213443170435,4.491361693834273,2.7152688858014873,-1.7760928080327858,1.7760928080327858,0.016745849816678822
random_5fold_cv,M4_full_physics_chain,5,R053,52,,peroxidase,Km (mM),0.0181,6.552975797888788,-1.7423214251308154,0.816438563978913,2.5587599891097286,2.5587599891097286,362.0428617618115
random_5fold_cv,M4_full_physics_chain,5,R053,52,,peroxidase,Kcat (s⁻¹),21100.0,30332.84517476856,4.324282455297693,4.481913148383511,0.15763069308581823,0.15763069308581823,1.4375756006999318
random_5fold_cv,M4_full_physics_chain,5,R053,52,,peroxidase,Vmax (nM s⁻¹),158.0,266.1760821306763,2.1986570869544226,2.4251690283537424,0.22651194139931974,0.22651194139931974,1.6846587476625083
random_5fold_cv,M4_full_physics_chain,5,R060,59,,peroxidase,Km (mM),0.24,1.773398111221294,-0.619788758288394,0.24880624157847342,0.8685949998668674,0.8685949998668674,7.389158796755392
random_5fold_cv,M4_full_physics_chain,5,R060,59,,peroxidase,Kcat (s⁻¹),250000.0,185.65440176862901,5.3979400086720375,2.26870525057895,-3.1292347580930877,3.1292347580930877,0.0007426176070745161
random_5fold_cv,M4_full_physics_chain,5,R060,59,,peroxidase,Vmax (nM s⁻¹),6800.0,519.1213443170435,3.832508912706236,2.7152688858014873,-1.1172400269047489,1.1172400269047489,0.0763413741642711
random_5fold_cv,M4_full_physics_chain,5,R061,60,,unknown,Km (mM),0.58,0.7090448813545578,-0.23657200643706275,-0.14932627383285024,0.0872457326042125,0.0872457326042125,1.2224911747492377
random_5fold_cv,M4_full_physics_chain,5,R061,60,,unknown,Kcat (s⁻¹),1190.0,0.2096587621875796,3.0755469613925306,-0.6784869825797741,-3.7540339439723045,3.7540339439723045,0.0001761838337710753
random_5fold_cv,M4_full_physics_chain,5,R061,60,,unknown,Vmax (nM s⁻¹),457.0,658.1651057199067,2.6599162000698504,2.818334853353354,0.15841865328350346,0.15841865328350346,1.4401862269582204
random_5fold_cv,M4_full_physics_chain,5,R064,63,,peroxidase,Km (mM),0.0349,13.854330416909072,-1.45717457304082,1.1415855410696343,2.5987601141104544,2.5987601141104544,396.9722182495436
random_5fold_cv,M4_full_physics_chain,5,R064,63,,peroxidase,Kcat (s⁻¹),0.0797,42.28887607155022,-1.0985416786038877,1.6262261428813491,2.724767821485237,2.724767821485237,530.6007035326252
random_5fold_cv,M4_full_physics_chain,5,R064,63,,peroxidase,Vmax (nM s⁻¹),557.0,1748.5147383140365,2.745855195173729,3.2426692973495714,0.49681410217584254,0.49681410217584254,3.139164700743333
random_5fold_cv,M4_full_physics_chain,5,R072,71,,peroxidase,Km (mM),0.143,0.9492748983920799,-0.8446639625349383,-0.022608002992507623,0.8220559595424306,0.8220559595424306,6.638286002741818
random_5fold_cv,M4_full_physics_chain,5,R072,71,,peroxidase,Kcat (s⁻¹),0.0421,0.2082401084201432,-1.3757179041643317,-0.6814356187834842,0.6942822853808475,0.6942822853808475,4.946320865086537
random_5fold_cv,M4_full_physics_chain,5,R072,71,,peroxidase,Vmax (nM s⁻¹),45.0,79.61027121762137,1.6532125137753437,1.9009691034834468,0.2477565897081031,0.2477565897081031,1.7691171381693638
random_5fold_cv,M4_full_physics_chain,5,R075,74,,peroxidase,Km (mM),0.0152,6.552975797888788,-1.8181564120552274,0.816438563978913,2.6345949760341405,2.6345949760341405,431.1168288084729
random_5fold_cv,M4_full_physics_chain,5,R075,74,,peroxidase,Kcat (s⁻¹),16000.0,30332.84517476856,4.204119982655925,4.481913148383511,0.2777931657275863,0.2777931657275863,1.895802823423035
random_5fold_cv,M4_full_physics_chain,5,R075,74,,peroxidase,Vmax (nM s⁻¹),113.0,266.1760821306763,2.0530784434834195,2.4251690283537424,0.37209058487032287,0.37209058487032287,2.355540549828994
random_5fold_cv,M4_full_physics_chain,5,R080,79,,peroxidase,Km (mM),0.00101,13.854330416909072,-2.9956786262173574,1.1415855410696343,4.137264167286991,4.137264167286991,13717.158828622843
random_5fold_cv,M4_full_physics_chain,5,R080,79,,peroxidase,Kcat (s⁻¹),1.97,42.28887607155022,0.2944662261615929,1.6262261428813491,1.3317599167197562,1.3317599167197562,21.466434554086405
random_5fold_cv,M4_full_physics_chain,5,R080,79,,peroxidase,Vmax (nM s⁻¹),360.0,1748.5147383140365,2.5563025007672873,3.2426692973495714,0.6863667965822842,0.6863667965822842,4.856985384205657
random_5fold_cv,M4_full_physics_chain,5,R081,80,,peroxidase,Km (mM),0.096,4.131016332560475,-1.0177287669604316,0.6160569120249685,1.6337856789854,1.6337856789854,43.03142013083828
random_5fold_cv,M4_full_physics_chain,5,R081,80,,peroxidase,Kcat (s⁻¹),1720.0,368.4308949652247,3.2355284469075487,2.5663560410425466,-0.6691724058650022,0.6691724058650022,0.21420400870071205
random_5fold_cv,M4_full_physics_chain,5,R081,80,,peroxidase,Vmax (nM s⁻¹),412.0,129.90941971170093,2.6148972160331345,2.113640642839717,-0.5012565731934173,0.5012565731934173,0.3153141255138372
random_5fold_cv,A0_physics_no_arrhenius,5,R002,1,,unknown,Km (mM),2.75,0.6942045166264978,0.43933269383026263,-0.15851256505299097,-0.5978452588832536,0.5978452588832536,0.2524380060459992
random_5fold_cv,A0_physics_no_arrhenius,5,R002,1,,unknown,Kcat (s⁻¹),0.00063,0.033612325473008624,-3.2006594505464183,-1.4735014397721697,1.7271580107742486,1.7271580107742486,53.352897576204164
random_5fold_cv,A0_physics_no_arrhenius,5,R002,1,,unknown,Vmax (nM s⁻¹),813000.0,2200.2289976956445,5.910090545594068,3.342467884122184,-2.567622661471884,2.567622661471884,0.002706308730252945
random_5fold_cv,A0_physics_no_arrhenius,5,R003,2,,catalase,Km (mM),458.9,6.818152131949232,2.6617180576946593,0.8336666873195318,-1.8280513703751275,1.8280513703751275,0.014857598892894383
random_5fold_cv,A0_physics_no_arrhenius,5,R003,2,,catalase,Kcat (s⁻¹),312000.0,4.493314645539211,5.494154594018442,0.652566831243123,-4.841587762775319,4.841587762775319,1.4401649504933369e-05
random_5fold_cv,A0_physics_no_arrhenius,5,R003,2,,catalase,Vmax (nM s⁻¹),3.06,50.08268960525007,0.48572142648158,1.6996876438715656,1.2139662173899857,1.2139662173899857,16.3668920278595
random_5fold_cv,A0_physics_no_arrhenius,5,R015,14,,catalase,Km (mM),2.97,3.7583927986600822,0.4727564493172124,0.5750021672961357,0.10224571797892335,0.10224571797892335,1.2654521207609704
random_5fold_cv,A0_physics_no_arrhenius,5,R015,14,,catalase,Kcat (s⁻¹),0.000166,2.7779042651475403,-3.779891911959945,0.4437172745784951,4.22360918653844,4.22360918653844,16734.36304305747
random_5fold_cv,A0_physics_no_arrhenius,5,R015,14,,catalase,Vmax (nM s⁻¹),76.7,74.05084628383814,1.884795363948981,1.8695300261833696,-0.015265337765611342,0.015265337765611342,0.965460838120445
random_5fold_cv,A0_physics_no_arrhenius,5,R021,20,,peroxidase,Km (mM),0.682,2.5504005518301542,-0.16621562534352105,0.4066083936843233,0.5728240190278443,0.5728240190278443,3.7395902519503723
random_5fold_cv,A0_physics_no_arrhenius,5,R021,20,,peroxidase,Kcat (s⁻¹),0.174,5.172444464921879,-0.7594507517174003,0.7136958364653785,1.4731465881827788,1.4731465881827788,29.72669232713724
random_5fold_cv,A0_physics_no_arrhenius,5,R021,20,,peroxidase,Vmax (nM s⁻¹),177.0,208.7772409882519,2.247973266361807,2.3196831540431813,0.07170988768137443,0.07170988768137443,1.179532434961875
random_5fold_cv,A0_physics_no_arrhenius,5,R022,21,,peroxidase,Km (mM),5.55,13.539175294334907,0.7442929831226762,1.1315922111713044,0.38729922804862815,0.38729922804862815,2.4394910440243076
random_5fold_cv,A0_physics_no_arrhenius,5,R022,21,,peroxidase,Kcat (s⁻¹),1062.0,335.34433923599056,3.0261245167454502,2.5254909796514062,-0.500633537094044,0.500633537094044,0.3157667977740024
random_5fold_cv,A0_physics_no_arrhenius,5,R022,21,,peroxidase,Vmax (nM s⁻¹),1062.0,128306.87180929682,3.0261245167454502,5.108249916771955,2.082125400026505,2.082125400026505,120.81626347391415
random_5fold_cv,A0_physics_no_arrhenius,5,R024,23,,peroxidase,Km (mM),0.0223,6.8814872533134075,-1.6516951369518393,0.8376823097623064,2.489377446714146,2.489377446714146,308.5868723458927
random_5fold_cv,A0_physics_no_arrhenius,5,R024,23,,peroxidase,Kcat (s⁻¹),23900.0,31635.052892972522,4.378397900948138,4.500168564924673,0.1217706639765348,0.1217706639765348,1.3236423804591013
random_5fold_cv,A0_physics_no_arrhenius,5,R024,23,,peroxidase,Vmax (nM s⁻¹),174.0,299.92987553384484,2.2405492482826,2.477019727290947,0.23647047900834695,0.23647047900834695,1.7237349168611773
random_5fold_cv,A0_physics_no_arrhenius,5,R030,29,,catalase,Km (mM),3.88,4.066628495233548,0.5888317255942073,0.6092344994664204,0.02040277387221312,0.02040277387221312,1.0481001276375124
random_5fold_cv,A0_physics_no_arrhenius,5,R030,29,,catalase,Kcat (s⁻¹),2350.0,459.921147647651,3.3710678622717363,2.6626833793403453,-0.708384482931391,0.708384482931391,0.1957111266585749
random_5fold_cv,A0_physics_no_arrhenius,5,R030,29,,catalase,Vmax (nM s⁻¹),565.0,149.9546098403744,2.7520484478194387,2.1759598211956725,-0.5760886266237661,0.5760886266237661,0.2654063890980078
random_5fold_cv,A0_physics_no_arrhenius,5,R038,37,,catalase,Km (mM),412.0,6.8814872533134075,2.6148972160331345,0.8376823097623064,-1.777214906270828,1.777214906270828,0.01670263896435293
random_5fold_cv,A0_physics_no_arrhenius,5,R038,37,,catalase,Kcat (s⁻¹),134000.0,31635.052892972522,5.127104798364807,4.500168564924673,-0.6269362334401345,0.6269362334401345,0.23608248427591436
random_5fold_cv,A0_physics_no_arrhenius,5,R038,37,,catalase,Vmax (nM s⁻¹),1005.0,299.92987553384484,3.002166061756508,2.477019727290947,-0.5251463344655609,0.5251463344655609,0.29843768709835305
random_5fold_cv,A0_physics_no_arrhenius,5,R052,51,,catalase,Km (mM),1100.0,1.9312611607729058,3.041392685158225,0.285841006567269,-2.755551678590956,2.755551678590956,0.0017556919643390053
random_5fold_cv,A0_physics_no_arrhenius,5,R052,51,,catalase,Kcat (s⁻¹),1200000.0,185.35753971311186,6.079181246047625,2.2680102563445512,-3.811170989703074,3.811170989703074,0.00015446461642759323
random_5fold_cv,A0_physics_no_arrhenius,5,R052,51,,catalase,Vmax (nM s⁻¹),31000.0,666.0779403771044,4.491361693834273,2.823525050634581,-1.667836643199692,1.667836643199692,0.02148638517345498
random_5fold_cv,A0_physics_no_arrhenius,5,R053,52,,peroxidase,Km (mM),0.0181,6.8814872533134075,-1.7423214251308154,0.8376823097623064,2.580003734893122,2.580003734893122,380.1926659289175
random_5fold_cv,A0_physics_no_arrhenius,5,R053,52,,peroxidase,Kcat (s⁻¹),21100.0,31635.052892972522,4.324282455297693,4.500168564924673,0.1758861096269797,0.1758861096269797,1.4992916063020152
random_5fold_cv,A0_physics_no_arrhenius,5,R053,52,,peroxidase,Vmax (nM s⁻¹),158.0,299.92987553384484,2.1986570869544226,2.477019727290947,0.27836264033652425,0.27836264033652425,1.8982903514800307
random_5fold_cv,A0_physics_no_arrhenius,5,R060,59,,peroxidase,Km (mM),0.24,1.9312611607729058,-0.619788758288394,0.285841006567269,0.905629764855663,0.905629764855663,8.04692150322044
random_5fold_cv,A0_physics_no_arrhenius,5,R060,59,,peroxidase,Kcat (s⁻¹),250000.0,185.35753971311186,5.3979400086720375,2.2680102563445512,-3.1299297523274863,3.1299297523274863,0.0007414301588524474
random_5fold_cv,A0_physics_no_arrhenius,5,R060,59,,peroxidase,Vmax (nM s⁻¹),6800.0,666.0779403771044,3.832508912706236,2.823525050634581,-1.0089838620716551,1.0089838620716551,0.09795263829075064
random_5fold_cv,A0_physics_no_arrhenius,5,R061,60,,unknown,Km (mM),0.58,0.41224043385113723,-0.23657200643706275,-0.38484941348542595,-0.1482774070483632,0.1482774070483632,0.7107593687088574
random_5fold_cv,A0_physics_no_arrhenius,5,R061,60,,unknown,Kcat (s⁻¹),1190.0,3.1464995714295894,3.0755469613925306,0.4978276769302302,-2.5777192844623005,2.5777192844623005,0.002644117286915621
random_5fold_cv,A0_physics_no_arrhenius,5,R061,60,,unknown,Vmax (nM s⁻¹),457.0,43.78114841302833,2.6599162000698504,1.6412871492579477,-1.0186290508119027,1.0186290508119027,0.0958012000285084
random_5fold_cv,A0_physics_no_arrhenius,5,R064,63,,peroxidase,Km (mM),0.0349,14.415992852955636,-1.45717457304082,1.1588445583240348,2.6160191313648546,2.6160191313648546,413.0656977924251
random_5fold_cv,A0_physics_no_arrhenius,5,R064,63,,peroxidase,Kcat (s⁻¹),0.0797,58.78096804946331,-1.0985416786038877,1.7692367340856618,2.8677784126895496,2.8677784126895496,737.5278299807192
random_5fold_cv,A0_physics_no_arrhenius,5,R064,63,,peroxidase,Vmax (nM s⁻¹),557.0,1153.1637101804222,2.745855195173729,3.061890966775155,0.31603577160142615,0.31603577160142615,2.0703118674693397
random_5fold_cv,A0_physics_no_arrhenius,5,R072,71,,peroxidase,Km (mM),0.143,1.0444103412350314,-0.8446639625349383,0.018871163341519233,0.8635351258764575,0.8635351258764575,7.303568819825395
random_5fold_cv,A0_physics_no_arrhenius,5,R072,71,,peroxidase,Kcat (s⁻¹),0.0421,0.10613690486733776,-1.3757179041643317,-0.9741335812877087,0.40158432287662305,0.40158432287662305,2.521066623927263
random_5fold_cv,A0_physics_no_arrhenius,5,R072,71,,peroxidase,Vmax (nM s⁻¹),45.0,296.8138917485907,1.6532125137753437,2.4724842233205044,0.8192717095451607,0.8192717095451607,6.595864261079794
random_5fold_cv,A0_physics_no_arrhenius,5,R075,74,,peroxidase,Km (mM),0.0152,6.8814872533134075,-1.8181564120552274,0.8376823097623064,2.655838721817534,2.655838721817534,452.7294245600926
random_5fold_cv,A0_physics_no_arrhenius,5,R075,74,,peroxidase,Kcat (s⁻¹),16000.0,31635.052892972522,4.204119982655925,4.500168564924673,0.29604858226874775,0.29604858226874775,1.9771908058107825
random_5fold_cv,A0_physics_no_arrhenius,5,R075,74,,peroxidase,Vmax (nM s⁻¹),113.0,299.92987553384484,2.0530784434834195,2.477019727290947,0.4239412838075274,0.4239412838075274,2.65424668614022
random_5fold_cv,A0_physics_no_arrhenius,5,R080,79,,peroxidase,Km (mM),0.00101,14.415992852955636,-2.9956786262173574,1.1588445583240348,4.154523184541392,4.154523184541392,14273.260250451123
random_5fold_cv,A0_physics_no_arrhenius,5,R080,79,,peroxidase,Kcat (s⁻¹),1.97,58.78096804946331,0.2944662261615929,1.7692367340856618,1.474770507924069,1.474770507924069,29.838054847443306
random_5fold_cv,A0_physics_no_arrhenius,5,R080,79,,peroxidase,Vmax (nM s⁻¹),360.0,1153.1637101804222,2.5563025007672873,3.061890966775155,0.5055884660078678,0.5055884660078678,3.2032325282789507
random_5fold_cv,A0_physics_no_arrhenius,5,R081,80,,peroxidase,Km (mM),0.096,4.066628495233548,-1.0177287669604316,0.6092344994664204,1.626963266426852,1.626963266426852,42.360713492016124
random_5fold_cv,A0_physics_no_arrhenius,5,R081,80,,peroxidase,Kcat (s⁻¹),1720.0,459.921147647651,3.2355284469075487,2.6626833793403453,-0.5728450675672034,0.5728450675672034,0.2673960160742157
random_5fold_cv,A0_physics_no_arrhenius,5,R081,80,,peroxidase,Vmax (nM s⁻¹),412.0,149.9546098403744,2.6148972160331345,2.1759598211956725,-0.43893739483746197,0.43893739483746197,0.3639674996125592
random_5fold_cv,A1_physics_plus_activity_category,5,R002,1,,unknown,Km (mM),2.75,1.7691947260215701,0.43933269383026263,0.2477756360654479,-0.19155705776481474,0.19155705776481474,0.6433435367351165
random_5fold_cv,A1_physics_plus_activity_category,5,R002,1,,unknown,Kcat (s⁻¹),0.00063,0.007255204801169144,-3.2006594505464183,-2.1393503237138716,1.0613091268325467,1.0613091268325467,11.516198097093879
random_5fold_cv,A1_physics_plus_activity_category,5,R002,1,,unknown,Vmax (nM s⁻¹),813000.0,33070.19714238096,5.910090545594068,4.519436783894441,-1.3906537616996273,1.3906537616996273,0.0406767492526211
random_5fold_cv,A1_physics_plus_activity_category,5,R003,2,,catalase,Km (mM),458.9,19.557307334660816,2.6617180576946593,1.2913090605641928,-1.3704089971304665,1.3704089971304665,0.042617797634911345
random_5fold_cv,A1_physics_plus_activity_category,5,R003,2,,catalase,Kcat (s⁻¹),312000.0,323.2872860276127,5.494154594018442,2.5095886253767152,-2.984565968641727,2.984565968641727,0.001036177198806451
random_5fold_cv,A1_physics_plus_activity_category,5,R003,2,,catalase,Vmax (nM s⁻¹),3.06,63.017281263926684,0.48572142648158,1.7994596626027537,1.3137382361211736,1.3137382361211736,20.59388276598911
random_5fold_cv,A1_physics_plus_activity_category,5,R015,14,,catalase,Km (mM),2.97,7.6969225885126,0.4727564493172124,0.8863171186822709,0.41356066936505853,0.41356066936505853,2.5915564271086193
random_5fold_cv,A1_physics_plus_activity_category,5,R015,14,,catalase,Kcat (s⁻¹),0.000166,423.42715847763196,-3.779891911959945,2.626778710080908,6.406670622040853,6.406670622040853,2550766.014925494
random_5fold_cv,A1_physics_plus_activity_category,5,R015,14,,catalase,Vmax (nM s⁻¹),76.7,79.80665533380133,1.884795363948981,1.902039110075328,0.017243746126347048,0.017243746126347048,1.0405039808839809
random_5fold_cv,A1_physics_plus_activity_category,5,R021,20,,peroxidase,Km (mM),0.682,0.7438990442948111,-0.16621562534352105,-0.1284859992399397,0.037729626103581354,0.037729626103581354,1.090761062015852
random_5fold_cv,A1_physics_plus_activity_category,5,R021,20,,peroxidase,Kcat (s⁻¹),0.174,3.3070399390589666,-0.7594507517174003,0.5194394399116411,1.2788901916290414,1.2788901916290414,19.00597666125843
random_5fold_cv,A1_physics_plus_activity_category,5,R021,20,,peroxidase,Vmax (nM s⁻¹),177.0,145.58808830330233,2.247973266361807,2.163125843412668,-0.08484742294913872,0.08484742294913872,0.8225315723350414
random_5fold_cv,A1_physics_plus_activity_category,5,R022,21,,peroxidase,Km (mM),5.55,1.0278470385272278,0.7442929831226762,0.011928488913813404,-0.7323644942088628,0.7323644942088628,0.18519766459950052
random_5fold_cv,A1_physics_plus_activity_category,5,R022,21,,peroxidase,Kcat (s⁻¹),1062.0,22.266521266615214,3.0261245167454502,1.3476523718286593,-1.678472144916791,1.678472144916791,0.020966592529769505
random_5fold_cv,A1_physics_plus_activity_category,5,R022,21,,peroxidase,Vmax (nM s⁻¹),1062.0,498.94363318606327,3.0261245167454502,2.698051485144487,-0.32807303160096346,0.32807303160096346,0.46981509716201814
random_5fold_cv,A1_physics_plus_activity_category,5,R024,23,,peroxidase,Km (mM),0.0223,0.05295984850305784,-1.6516951369518393,-1.2760532659093706,0.3756418710424687,0.3756418710424687,2.3748810987918314
random_5fold_cv,A1_physics_plus_activity_category,5,R024,23,,peroxidase,Kcat (s⁻¹),23900.0,16605.64027719378,4.378397900948138,4.2202556257032215,-0.15814227524491642,0.15814227524491642,0.6947966643177313
random_5fold_cv,A1_physics_plus_activity_category,5,R024,23,,peroxidase,Vmax (nM s⁻¹),174.0,151.0653125370782,2.2405492482826,2.179164753530542,-0.06138449475205787,0.06138449475205787,0.8681914513625184
random_5fold_cv,A1_physics_plus_activity_category,5,R030,29,,catalase,Km (mM),3.88,10.657236031832158,0.5888317255942073,1.0276445844495068,0.4388128588552995,0.4388128588552995,2.7467103174825147
random_5fold_cv,A1_physics_plus_activity_category,5,R030,29,,catalase,Kcat (s⁻¹),2350.0,377.4114102960539,3.3710678622717363,2.5768150260719,-0.7942528361998362,0.7942528361998362,0.16060060012598038
random_5fold_cv,A1_physics_plus_activity_category,5,R030,29,,catalase,Vmax (nM s⁻¹),565.0,228.0108530876673,2.7520484478194387,2.357955519473727,-0.3940929283457115,0.3940929283457115,0.40355903201357046
random_5fold_cv,A1_physics_plus_activity_category,5,R038,37,,catalase,Km (mM),412.0,125.3554518404675,2.6148972160331345,2.0981432266288467,-0.5167539894042879,0.5167539894042879,0.3042608054380279
random_5fold_cv,A1_physics_plus_activity_category,5,R038,37,,catalase,Kcat (s⁻¹),134000.0,47300.17655830508,5.127104798364807,4.674862761840444,-0.4522420365243631,0.4522420365243631,0.3529863922261573
random_5fold_cv,A1_physics_plus_activity_category,5,R038,37,,catalase,Vmax (nM s⁻¹),1005.0,517.8835971437244,3.002166061756508,2.7142321558860534,-0.2879339058704544,0.2879339058704544,0.5153070618345517
random_5fold_cv,A1_physics_plus_activity_category,5,R052,51,,catalase,Km (mM),1100.0,5.7812968664923625,3.041392685158225,0.7620252707363435,-2.2793674144218814,2.2793674144218814,0.005255724424083966
random_5fold_cv,A1_physics_plus_activity_category,5,R052,51,,catalase,Kcat (s⁻¹),1200000.0,699.8511738027669,6.079181246047625,2.8450056953455176,-3.2341755507021075,3.2341755507021075,0.0005832093115023057
random_5fold_cv,A1_physics_plus_activity_category,5,R052,51,,catalase,Vmax (nM s⁻¹),31000.0,488.43071047361076,4.491361693834273,2.6888029627460583,-1.8025587310882147,1.8025587310882147,0.015755829370116475
random_5fold_cv,A1_physics_plus_activity_category,5,R053,52,,peroxidase,Km (mM),0.0181,0.05295984850305784,-1.7423214251308154,-1.2760532659093706,0.4662681592214448,0.4662681592214448,2.9259584808319246
random_5fold_cv,A1_physics_plus_activity_category,5,R053,52,,peroxidase,Kcat (s⁻¹),21100.0,16605.64027719378,4.324282455297693,4.2202556257032215,-0.10402682959447151,0.10402682959447151,0.7869971695352502
random_5fold_cv,A1_physics_plus_activity_category,5,R053,52,,peroxidase,Vmax (nM s⁻¹),158.0,151.0653125370782,2.1986570869544226,2.179164753530542,-0.01949233342388057,0.01949233342388057,0.9561095730194823
random_5fold_cv,A1_physics_plus_activity_category,5,R060,59,,peroxidase,Km (mM),0.24,0.5151038191341297,-0.619788758288394,-0.28810523011800504,0.33168352817038893,0.33168352817038893,2.146265913058874
random_5fold_cv,A1_physics_plus_activity_category,5,R060,59,,peroxidase,Kcat (s⁻¹),250000.0,12.279031376524957,5.3979400086720375,1.0891641091160713,-4.308775899555966,4.308775899555966,4.9116125506099825e-05
random_5fold_cv,A1_physics_plus_activity_category,5,R060,59,,peroxidase,Vmax (nM s⁻¹),6800.0,249.2462254275321,3.832508912706236,2.396628590099413,-1.435880322606823,1.435880322606823,0.036653856680519424
random_5fold_cv,A1_physics_plus_activity_category,5,R061,60,,unknown,Km (mM),0.58,1.2324928347825017,-0.23657200643706275,0.09078440314320958,0.32735640958027235,0.32735640958027235,2.124987646176727
random_5fold_cv,A1_physics_plus_activity_category,5,R061,60,,unknown,Kcat (s⁻¹),1190.0,0.10097120878480095,3.0755469613925306,-0.9958024445184723,-4.071349405911003,4.071349405911003,8.484975528134533e-05
random_5fold_cv,A1_physics_plus_activity_category,5,R061,60,,unknown,Vmax (nM s⁻¹),457.0,1768.6910749363772,2.6599162000698504,3.2476519843135896,0.5877357842437392,0.5877357842437392,3.8702211705391187
random_5fold_cv,A1_physics_plus_activity_category,5,R064,63,,peroxidase,Km (mM),0.0349,1.1408158040744845,-1.45717457304082,0.05721552896536224,1.5143901020061823,1.5143901020061823,32.688131921905
random_5fold_cv,A1_physics_plus_activity_category,5,R064,63,,peroxidase,Kcat (s⁻¹),0.0797,12.204324301069327,-1.0985416786038877,1.0865137394729583,2.1850554180768462,2.1850554180768462,153.12828483148468
random_5fold_cv,A1_physics_plus_activity_category,5,R064,63,,peroxidase,Vmax (nM s⁻¹),557.0,255.4876085549809,2.745855195173729,2.4073698411959845,-0.3384853539777444,0.3384853539777444,0.4586851141022997
random_5fold_cv,A1_physics_plus_activity_category,5,R072,71,,peroxidase,Km (mM),0.143,0.3330022874330035,-0.8446639625349383,-0.47755278326209105,0.3671111792728472,0.3671111792728472,2.3286873247063182
random_5fold_cv,A1_physics_plus_activity_category,5,R072,71,,peroxidase,Kcat (s⁻¹),0.0421,0.08924544594046256,-1.3757179041643317,-1.049413936038051,0.3263039681262807,0.3263039681262807,2.1198443216261893
random_5fold_cv,A1_physics_plus_activity_category,5,R072,71,,peroxidase,Vmax (nM s⁻¹),45.0,34.4395898252761,1.6532125137753437,1.537057970375113,-0.11615454340023068,0.11615454340023068,0.765324218339469
random_5fold_cv,A1_physics_plus_activity_category,5,R075,74,,peroxidase,Km (mM),0.0152,0.05295984850305784,-1.8181564120552274,-1.2760532659093706,0.5421031461458568,0.5421031461458568,3.4842005594117
random_5fold_cv,A1_physics_plus_activity_category,5,R075,74,,peroxidase,Kcat (s⁻¹),16000.0,16605.64027719378,4.204119982655925,4.2202556257032215,0.016135643047296533,0.016135643047296533,1.0378525173246111
random_5fold_cv,A1_physics_plus_activity_category,5,R075,74,,peroxidase,Vmax (nM s⁻¹),113.0,151.0653125370782,2.0530784434834195,2.179164753530542,0.12608631004712256,0.12608631004712256,1.3368611728944972
random_5fold_cv,A1_physics_plus_activity_category,5,R080,79,,peroxidase,Km (mM),0.00101,1.1408158040744845,-2.9956786262173574,0.05721552896536224,3.05289415518272,3.05289415518272,1129.5205980935489
random_5fold_cv,A1_physics_plus_activity_category,5,R080,79,,peroxidase,Kcat (s⁻¹),1.97,12.204324301069327,0.2944662261615929,1.0865137394729583,0.7920475133113654,0.7920475133113654,6.195088477700167
random_5fold_cv,A1_physics_plus_activity_category,5,R080,79,,peroxidase,Vmax (nM s⁻¹),360.0,255.4876085549809,2.5563025007672873,2.4073698411959845,-0.14893265957130275,0.14893265957130275,0.7096878015416136
random_5fold_cv,A1_physics_plus_activity_category,5,R081,80,,peroxidase,Km (mM),0.096,0.5864199923784389,-1.0177287669604316,-0.2317912320374092,0.7859375349230224,0.7859375349230224,6.108541587275405
random_5fold_cv,A1_physics_plus_activity_category,5,R081,80,,peroxidase,Kcat (s⁻¹),1720.0,333.4466645539596,3.2355284469075487,2.5230263775559765,-0.7125020693515722,0.7125020693515722,0.19386433985695325
random_5fold_cv,A1_physics_plus_activity_category,5,R081,80,,peroxidase,Vmax (nM s⁻¹),412.0,86.50216459499158,2.6148972160331345,1.9370269752093034,-0.6778702408238311,0.6778702408238311,0.20995671018201842
random_5fold_cv,A2_physics_plus_arrhenius,5,R002,1,,unknown,Km (mM),2.75,1.2008622257045685,0.43933269383026263,0.0794931838820735,-0.35983950994818914,0.35983950994818914,0.43667717298347947
random_5fold_cv,A2_physics_plus_arrhenius,5,R002,1,,unknown,Kcat (s⁻¹),0.00063,0.012037811127787885,-3.2006594505464183,-1.9194524750005124,1.281206975545906,1.281206975545906,19.10763671077442
random_5fold_cv,A2_physics_plus_arrhenius,5,R002,1,,unknown,Vmax (nM s⁻¹),813000.0,24231.179988128024,5.910090545594068,4.384374563533082,-1.5257159820609862,1.5257159820609862,0.02980464943189179
random_5fold_cv,A2_physics_plus_arrhenius,5,R003,2,,catalase,Km (mM),458.9,6.378448491438197,2.6617180576946593,0.8047150527728677,-1.8570030049217916,1.8570030049217916,0.013899430140418823
random_5fold_cv,A2_physics_plus_arrhenius,5,R003,2,,catalase,Kcat (s⁻¹),312000.0,3.480690219399401,5.494154594018442,0.5416653728987384,-4.952489221119704,4.952489221119704,1.1156058395510901e-05
random_5fold_cv,A2_physics_plus_arrhenius,5,R003,2,,catalase,Vmax (nM s⁻¹),3.06,49.880082956912595,0.48572142648158,1.6979271670939833,1.2122057406124034,1.2122057406124034,16.300680704873397
random_5fold_cv,A2_physics_plus_arrhenius,5,R015,14,,catalase,Km (mM),2.97,3.8737527658573203,0.4727564493172124,0.5881318993334687,0.11537545001625626,0.11537545001625626,1.3042938605580203
random_5fold_cv,A2_physics_plus_arrhenius,5,R015,14,,catalase,Kcat (s⁻¹),0.000166,4.396388714512715,-3.779891911959945,0.6430960843666894,4.4229879963266345,4.4229879963266345,26484.269364534426
random_5fold_cv,A2_physics_plus_arrhenius,5,R015,14,,catalase,Vmax (nM s⁻¹),76.7,60.799913685914234,1.884795363948981,1.7839029627306664,-0.10089240121831455,0.10089240121831455,0.7926977012505115
random_5fold_cv,A2_physics_plus_arrhenius,5,R021,20,,peroxidase,Km (mM),0.682,2.5920360370425373,-0.16621562534352105,0.413641035230933,0.5798566605744541,0.5798566605744541,3.8006393505022538
random_5fold_cv,A2_physics_plus_arrhenius,5,R021,20,,peroxidase,Kcat (s⁻¹),0.174,7.769719477260063,-0.7594507517174003,0.8904053390483686,1.649856090765769,1.649856090765769,44.653560214138295
random_5fold_cv,A2_physics_plus_arrhenius,5,R021,20,,peroxidase,Vmax (nM s⁻¹),177.0,251.5523768663676,2.247973266361807,2.400628425239866,0.15265515887805936,0.15265515887805936,1.421199869301512
random_5fold_cv,A2_physics_plus_arrhenius,5,R022,21,,peroxidase,Km (mM),5.55,11.87750287494685,0.7442929831226762,1.0747251442121357,0.3304321610894595,0.3304321610894595,2.140090608098532
random_5fold_cv,A2_physics_plus_arrhenius,5,R022,21,,peroxidase,Kcat (s⁻¹),1062.0,205.90637505204657,3.0261245167454502,2.313669792985517,-0.7124547237599335,0.7124547237599335,0.19388547556689883
random_5fold_cv,A2_physics_plus_arrhenius,5,R022,21,,peroxidase,Vmax (nM s⁻¹),1062.0,65588.3337183301,3.0261245167454502,4.816826597724313,1.7907020809788632,1.7907020809788632,61.75925962177976
random_5fold_cv,A2_physics_plus_arrhenius,5,R024,23,,peroxidase,Km (mM),0.0223,6.552975797888788,-1.6516951369518393,0.816438563978913,2.4681337009307525,2.4681337009307525,293.85541694568553
random_5fold_cv,A2_physics_plus_arrhenius,5,R024,23,,peroxidase,Kcat (s⁻¹),23900.0,30332.84517476856,4.378397900948138,4.481913148383511,0.10351524743537333,0.10351524743537333,1.2691567018731615
random_5fold_cv,A2_physics_plus_arrhenius,5,R024,23,,peroxidase,Vmax (nM s⁻¹),174.0,266.1760821306763,2.2405492482826,2.4251690283537424,0.18461978007114244,0.18461978007114244,1.5297475984521627
random_5fold_cv,A2_physics_plus_arrhenius,5,R030,29,,catalase,Km (mM),3.88,4.131016332560475,0.5888317255942073,0.6160569120249685,0.027225186430761217,0.027225186430761217,1.0646949310722873
random_5fold_cv,A2_physics_plus_arrhenius,5,R030,29,,catalase,Kcat (s⁻¹),2350.0,368.4308949652243,3.3710678622717363,2.566356041042546,-0.8047118212291902,0.8047118212291902,0.15677910424052097
random_5fold_cv,A2_physics_plus_arrhenius,5,R030,29,,catalase,Vmax (nM s⁻¹),565.0,129.90941971170093,2.7520484478194387,2.113640642839717,-0.6384078049797215,0.6384078049797215,0.22992817648088662
random_5fold_cv,A2_physics_plus_arrhenius,5,R038,37,,catalase,Km (mM),412.0,6.552975797888788,2.6148972160331345,0.816438563978913,-1.7984586520542214,1.7984586520542214,0.015905281062836864
random_5fold_cv,A2_physics_plus_arrhenius,5,R038,37,,catalase,Kcat (s⁻¹),134000.0,30332.84517476856,5.127104798364807,4.481913148383511,-0.645191649981296,0.645191649981296,0.22636451622961612
random_5fold_cv,A2_physics_plus_arrhenius,5,R038,37,,catalase,Vmax (nM s⁻¹),1005.0,266.1760821306763,3.002166061756508,2.4251690283537424,-0.5769970334027654,0.5769970334027654,0.26485182301559834
random_5fold_cv,A2_physics_plus_arrhenius,5,R052,51,,catalase,Km (mM),1100.0,1.773398111221294,3.041392685158225,0.24880624157847342,-2.7925864435797516,2.7925864435797516,0.0016121801011102672
random_5fold_cv,A2_physics_plus_arrhenius,5,R052,51,,catalase,Kcat (s⁻¹),1200000.0,185.65440176862919,6.079181246047625,2.2687052505789502,-3.810475995468675,3.810475995468675,0.00015471200147385765
random_5fold_cv,A2_physics_plus_arrhenius,5,R052,51,,catalase,Vmax (nM s⁻¹),31000.0,519.121344317043,4.491361693834273,2.715268885801487,-1.7760928080327862,1.7760928080327862,0.016745849816678808
random_5fold_cv,A2_physics_plus_arrhenius,5,R053,52,,peroxidase,Km (mM),0.0181,6.552975797888788,-1.7423214251308154,0.816438563978913,2.5587599891097286,2.5587599891097286,362.0428617618115
random_5fold_cv,A2_physics_plus_arrhenius,5,R053,52,,peroxidase,Kcat (s⁻¹),21100.0,30332.84517476856,4.324282455297693,4.481913148383511,0.15763069308581823,0.15763069308581823,1.4375756006999318
random_5fold_cv,A2_physics_plus_arrhenius,5,R053,52,,peroxidase,Vmax (nM s⁻¹),158.0,266.1760821306763,2.1986570869544226,2.4251690283537424,0.22651194139931974,0.22651194139931974,1.6846587476625083
random_5fold_cv,A2_physics_plus_arrhenius,5,R060,59,,peroxidase,Km (mM),0.24,1.773398111221294,-0.619788758288394,0.24880624157847342,0.8685949998668674,0.8685949998668674,7.389158796755392
random_5fold_cv,A2_physics_plus_arrhenius,5,R060,59,,peroxidase,Kcat (s⁻¹),250000.0,185.65440176862919,5.3979400086720375,2.2687052505789502,-3.1292347580930873,3.1292347580930873,0.0007426176070745167
random_5fold_cv,A2_physics_plus_arrhenius,5,R060,59,,peroxidase,Vmax (nM s⁻¹),6800.0,519.121344317043,3.832508912706236,2.715268885801487,-1.1172400269047493,1.1172400269047493,0.07634137416427103
random_5fold_cv,A2_physics_plus_arrhenius,5,R061,60,,unknown,Km (mM),0.58,0.7090448813545579,-0.23657200643706275,-0.1493262738328502,0.08724573260421256,0.08724573260421256,1.2224911747492377
random_5fold_cv,A2_physics_plus_arrhenius,5,R061,60,,unknown,Kcat (s⁻¹),1190.0,0.20965876218757942,3.0755469613925306,-0.6784869825797745,-3.754033943972305,3.754033943972305,0.00017618383377107513
random_5fold_cv,A2_physics_plus_arrhenius,5,R061,60,,unknown,Vmax (nM s⁻¹),457.0,658.165105719906,2.6599162000698504,2.8183348533533534,0.15841865328350302,0.15841865328350302,1.4401862269582189
random_5fold_cv,A2_physics_plus_arrhenius,5,R064,63,,peroxidase,Km (mM),0.0349,13.854330416909079,-1.45717457304082,1.1415855410696345,2.598760114110455,2.598760114110455,396.9722182495438
random_5fold_cv,A2_physics_plus_arrhenius,5,R064,63,,peroxidase,Kcat (s⁻¹),0.0797,42.28887607155022,-1.0985416786038877,1.6262261428813491,2.724767821485237,2.724767821485237,530.6007035326252
random_5fold_cv,A2_physics_plus_arrhenius,5,R064,63,,peroxidase,Vmax (nM s⁻¹),557.0,1748.5147383140365,2.745855195173729,3.2426692973495714,0.49681410217584254,0.49681410217584254,3.139164700743333
random_5fold_cv,A2_physics_plus_arrhenius,5,R072,71,,peroxidase,Km (mM),0.143,0.9492748983920799,-0.8446639625349383,-0.022608002992507623,0.8220559595424306,0.8220559595424306,6.638286002741818
random_5fold_cv,A2_physics_plus_arrhenius,5,R072,71,,peroxidase,Kcat (s⁻¹),0.0421,0.20824010842014332,-1.3757179041643317,-0.681435618783484,0.6942822853808477,0.6942822853808477,4.946320865086539
random_5fold_cv,A2_physics_plus_arrhenius,5,R072,71,,peroxidase,Vmax (nM s⁻¹),45.0,79.61027121762137,1.6532125137753437,1.9009691034834468,0.2477565897081031,0.2477565897081031,1.7691171381693638
random_5fold_cv,A2_physics_plus_arrhenius,5,R075,74,,peroxidase,Km (mM),0.0152,6.552975797888788,-1.8181564120552274,0.816438563978913,2.6345949760341405,2.6345949760341405,431.1168288084729
random_5fold_cv,A2_physics_plus_arrhenius,5,R075,74,,peroxidase,Kcat (s⁻¹),16000.0,30332.84517476856,4.204119982655925,4.481913148383511,0.2777931657275863,0.2777931657275863,1.895802823423035
random_5fold_cv,A2_physics_plus_arrhenius,5,R075,74,,peroxidase,Vmax (nM s⁻¹),113.0,266.1760821306763,2.0530784434834195,2.4251690283537424,0.37209058487032287,0.37209058487032287,2.355540549828994
random_5fold_cv,A2_physics_plus_arrhenius,5,R080,79,,peroxidase,Km (mM),0.00101,13.854330416909079,-2.9956786262173574,1.1415855410696345,4.137264167286991,4.137264167286991,13717.158828622849
random_5fold_cv,A2_physics_plus_arrhenius,5,R080,79,,peroxidase,Kcat (s⁻¹),1.97,42.28887607155022,0.2944662261615929,1.6262261428813491,1.3317599167197562,1.3317599167197562,21.466434554086405
random_5fold_cv,A2_physics_plus_arrhenius,5,R080,79,,peroxidase,Vmax (nM s⁻¹),360.0,1748.5147383140365,2.5563025007672873,3.2426692973495714,0.6863667965822842,0.6863667965822842,4.856985384205657
random_5fold_cv,A2_physics_plus_arrhenius,5,R081,80,,peroxidase,Km (mM),0.096,4.131016332560475,-1.0177287669604316,0.6160569120249685,1.6337856789854,1.6337856789854,43.03142013083828
random_5fold_cv,A2_physics_plus_arrhenius,5,R081,80,,peroxidase,Kcat (s⁻¹),1720.0,368.4308949652243,3.2355284469075487,2.566356041042546,-0.6691724058650026,0.6691724058650026,0.2142040087007118
random_5fold_cv,A2_physics_plus_arrhenius,5,R081,80,,peroxidase,Vmax (nM s⁻¹),412.0,129.90941971170093,2.6148972160331345,2.113640642839717,-0.5012565731934173,0.5012565731934173,0.3153141255138372
random_5fold_cv,A3_physics_plus_activity_and_arrhenius,5,R002,1,,unknown,Km (mM),2.75,1.8779080472505323,0.43933269383026263,0.2736743229943188,-0.1656583708359438,0.1656583708359438,0.682875653545648
random_5fold_cv,A3_physics_plus_activity_and_arrhenius,5,R002,1,,unknown,Kcat (s⁻¹),0.00063,0.00787940532329497,-3.2006594505464183,-2.103506558469478,1.0971528920769402,1.0971528920769402,12.506992576658682
random_5fold_cv,A3_physics_plus_activity_and_arrhenius,5,R002,1,,unknown,Vmax (nM s⁻¹),813000.0,44133.24942599122,5.910090545594068,4.644765904692244,-1.2653246409018237,1.2653246409018237,0.054284439638365586
random_5fold_cv,A3_physics_plus_activity_and_arrhenius,5,R003,2,,catalase,Km (mM),458.9,24.633218061166325,2.6617180576946593,1.3915211513808527,-1.2701969063138066,1.2701969063138066,0.0536788364810772
random_5fold_cv,A3_physics_plus_activity_and_arrhenius,5,R003,2,,catalase,Kcat (s⁻¹),312000.0,221.8476362463847,5.494154594018442,2.3460548057340223,-3.14809978828442,3.14809978828442,0.0007110501161743099
random_5fold_cv,A3_physics_plus_activity_and_arrhenius,5,R003,2,,catalase,Vmax (nM s⁻¹),3.06,65.96661541782879,0.48572142648158,1.8193242020876008,1.3336027756060207,1.3336027756060207,21.557717456806795
random_5fold_cv,A3_physics_plus_activity_and_arrhenius,5,R015,14,,catalase,Km (mM),2.97,9.175685120136686,0.4727564493172124,0.9626385015656729,0.4898820522484605,0.4898820522484605,3.0894562694062913
random_5fold_cv,A3_physics_plus_activity_and_arrhenius,5,R015,14,,catalase,Kcat (s⁻¹),0.000166,298.2937645134682,-3.779891911959945,2.4746441750325396,6.254536086992484,6.254536086992484,1796950.3886353506
random_5fold_cv,A3_physics_plus_activity_and_arrhenius,5,R015,14,,catalase,Vmax (nM s⁻¹),76.7,90.6618164951372,1.884795363948981,1.957424416310043,0.07262905236106199,0.07262905236106199,1.1820315058036142
random_5fold_cv,A3_physics_plus_activity_and_arrhenius,5,R021,20,,peroxidase,Km (mM),0.682,0.760297172436845,-0.16621562534352105,-0.11901662466168654,0.04719900068183451,0.04719900068183451,1.114805238177192
random_5fold_cv,A3_physics_plus_activity_and_arrhenius,5,R021,20,,peroxidase,Kcat (s⁻¹),0.174,2.9275952760416537,-0.7594507517174003,0.4665110377105279,1.2259617894279282,1.2259617894279282,16.82526020713594
random_5fold_cv,A3_physics_plus_activity_and_arrhenius,5,R021,20,,peroxidase,Vmax (nM s⁻¹),177.0,213.00573794191035,2.247973266361807,2.3283913026074923,0.08041803624568544,0.08041803624568544,1.2034222482593806
random_5fold_cv,A3_physics_plus_activity_and_arrhenius,5,R022,21,,peroxidase,Km (mM),5.55,0.9560946456287382,0.7442929831226762,-0.019499113958476415,-0.7637920970811526,0.7637920970811526,0.17226930551869157
random_5fold_cv,A3_physics_plus_activity_and_arrhenius,5,R022,21,,peroxidase,Kcat (s⁻¹),1062.0,22.251383023952258,3.0261245167454502,1.3473570095193856,-1.6787675072260646,1.6787675072260646,0.020952338063985176
random_5fold_cv,A3_physics_plus_activity_and_arrhenius,5,R022,21,,peroxidase,Vmax (nM s⁻¹),1062.0,838.0675234241107,3.0261245167454502,2.923279011314159,-0.10284550543129134,0.10284550543129134,0.7891407941846617
random_5fold_cv,A3_physics_plus_activity_and_arrhenius,5,R024,23,,peroxidase,Km (mM),0.0223,0.054293585538623915,-1.6516951369518393,-1.2652514766677692,0.3864436602840702,0.3864436602840702,2.43468993446744
random_5fold_cv,A3_physics_plus_activity_and_arrhenius,5,R024,23,,peroxidase,Kcat (s⁻¹),23900.0,13040.29851658346,4.378397900948138,4.115287533314693,-0.26311036763344475,0.26311036763344475,0.5456191847942871
random_5fold_cv,A3_physics_plus_activity_and_arrhenius,5,R024,23,,peroxidase,Vmax (nM s⁻¹),174.0,154.35664184452497,2.2405492482826,2.1885253215691134,-0.052023926713486546,0.052023926713486546,0.8871071370374999
random_5fold_cv,A3_physics_plus_activity_and_arrhenius,5,R030,29,,catalase,Km (mM),3.88,10.608968711484474,0.5888317255942073,1.0256731685686367,0.4368414429744294,0.4368414429744294,2.7342702864650708
random_5fold_cv,A3_physics_plus_activity_and_arrhenius,5,R030,29,,catalase,Kcat (s⁻¹),2350.0,510.4579168453682,3.3710678622717363,2.7079599438074706,-0.6631079184642656,0.6631079184642656,0.21721613482781624
random_5fold_cv,A3_physics_plus_activity_and_arrhenius,5,R030,29,,catalase,Vmax (nM s⁻¹),565.0,271.99206322692146,2.7520484478194387,2.434556231434779,-0.31749221638465963,0.31749221638465963,0.4814018818175601
random_5fold_cv,A3_physics_plus_activity_and_arrhenius,5,R038,37,,catalase,Km (mM),412.0,133.96080726159843,2.6148972160331345,2.126977755978917,-0.4879194600542176,0.4879194600542176,0.3251475904407729
random_5fold_cv,A3_physics_plus_activity_and_arrhenius,5,R038,37,,catalase,Kcat (s⁻¹),134000.0,38566.45845851304,5.127104798364807,4.586209759619392,-0.5408950387454157,0.5408950387454157,0.28780939148144064
random_5fold_cv,A3_physics_plus_activity_and_arrhenius,5,R038,37,,catalase,Vmax (nM s⁻¹),1005.0,481.9685147287771,3.002166061756508,2.6830186682675294,-0.31914739348897836,0.31914739348897836,0.47957066142166876
random_5fold_cv,A3_physics_plus_activity_and_arrhenius,5,R052,51,,catalase,Km (mM),1100.0,6.399919266907783,3.041392685158225,0.8061744955217616,-2.2352181896364636,2.2352181896364636,0.005818108424461621
random_5fold_cv,A3_physics_plus_activity_and_arrhenius,5,R052,51,,catalase,Kcat (s⁻¹),1200000.0,481.1113409016361,6.079181246047625,2.68224559434374,-3.396935651703885,3.396935651703885,0.00040092611741803007
random_5fold_cv,A3_physics_plus_activity_and_arrhenius,5,R052,51,,catalase,Vmax (nM s⁻¹),31000.0,486.12051437133664,4.491361693834273,2.686743948764898,-1.804617745069375,1.804617745069375,0.015681306915204408
random_5fold_cv,A3_physics_plus_activity_and_arrhenius,5,R053,52,,peroxidase,Km (mM),0.0181,0.054293585538623915,-1.7423214251308154,-1.2652514766677692,0.4770699484630463,0.4770699484630463,2.9996456098687245
random_5fold_cv,A3_physics_plus_activity_and_arrhenius,5,R053,52,,peroxidase,Kcat (s⁻¹),21100.0,13040.29851658346,4.324282455297693,4.115287533314693,-0.20899492198299985,0.20899492198299985,0.6180236263783631
random_5fold_cv,A3_physics_plus_activity_and_arrhenius,5,R053,52,,peroxidase,Vmax (nM s⁻¹),158.0,154.35664184452497,2.1986570869544226,2.1885253215691134,-0.010131765385309244,0.010131765385309244,0.9769407711678796
random_5fold_cv,A3_physics_plus_activity_and_arrhenius,5,R060,59,,peroxidase,Km (mM),0.24,0.47476569581321965,-0.619788758288394,-0.32352066852377237,0.2962680897646216,0.2962680897646216,1.9781903992217487
random_5fold_cv,A3_physics_plus_activity_and_arrhenius,5,R060,59,,peroxidase,Kcat (s⁻¹),250000.0,11.113569512512871,5.3979400086720375,1.0458535702466354,-4.3520864384254025,4.3520864384254025,4.445427805005149e-05
random_5fold_cv,A3_physics_plus_activity_and_arrhenius,5,R060,59,,peroxidase,Vmax (nM s⁻¹),6800.0,278.4320440483346,3.832508912706236,2.444719215681801,-1.3877896970244352,1.3877896970244352,0.04094588883063744
random_5fold_cv,A3_physics_plus_activity_and_arrhenius,5,R061,60,,unknown,Km (mM),0.58,1.4071868802520733,-0.23657200643706275,0.14835177737273486,0.38492378380979764,0.38492378380979764,2.426184276296678
random_5fold_cv,A3_physics_plus_activity_and_arrhenius,5,R061,60,,unknown,Kcat (s⁻¹),1190.0,0.06180462384825669,3.0755469613925306,-1.208979032408534,-4.284525993801065,4.284525993801065,5.1936658696014026e-05
random_5fold_cv,A3_physics_plus_activity_and_arrhenius,5,R061,60,,unknown,Vmax (nM s⁻¹),457.0,4668.407560748955,2.6599162000698504,3.6691687637524693,1.0092525636826188,1.0092525636826188,10.215333830960514
random_5fold_cv,A3_physics_plus_activity_and_arrhenius,5,R064,63,,peroxidase,Km (mM),0.0349,0.9597544008194011,-1.45717457304082,-0.017839887809463564,1.4393346852313564,1.4393346852313564,27.50012609797711
random_5fold_cv,A3_physics_plus_activity_and_arrhenius,5,R064,63,,peroxidase,Kcat (s⁻¹),0.0797,13.641016120617008,-1.0985416786038877,1.1348467221636003,2.2333884007674882,2.2333884007674882,171.1545309989587
random_5fold_cv,A3_physics_plus_activity_and_arrhenius,5,R064,63,,peroxidase,Vmax (nM s⁻¹),557.0,276.1510148000532,2.745855195173729,2.4411466435084686,-0.30470855166526034,0.30470855166526034,0.49578279138250125
random_5fold_cv,A3_physics_plus_activity_and_arrhenius,5,R072,71,,peroxidase,Km (mM),0.143,0.31521218587272837,-0.8446639625349383,-0.501397001350679,0.34326696118425926,0.34326696118425926,2.20428102008901
random_5fold_cv,A3_physics_plus_activity_and_arrhenius,5,R072,71,,peroxidase,Kcat (s⁻¹),0.0421,0.10669042639054441,-1.3757179041643317,-0.971874549200614,0.4038433549637177,0.4038433549637177,2.5342144035758767
random_5fold_cv,A3_physics_plus_activity_and_arrhenius,5,R072,71,,peroxidase,Vmax (nM s⁻¹),45.0,23.212772283780616,1.6532125137753437,1.3657270110138526,-0.2874855027614911,0.2874855027614911,0.5158393840840136
random_5fold_cv,A3_physics_plus_activity_and_arrhenius,5,R075,74,,peroxidase,Km (mM),0.0152,0.054293585538623915,-1.8181564120552274,-1.2652514766677692,0.5529049353874582,0.5529049353874582,3.5719464170147313
random_5fold_cv,A3_physics_plus_activity_and_arrhenius,5,R075,74,,peroxidase,Kcat (s⁻¹),16000.0,13040.29851658346,4.204119982655925,4.115287533314693,-0.0888324493412318,0.0888324493412318,0.8150186572864663
random_5fold_cv,A3_physics_plus_activity_and_arrhenius,5,R075,74,,peroxidase,Vmax (nM s⁻¹),113.0,154.35664184452497,2.0530784434834195,2.1885253215691134,0.1354468780856939,0.1354468780856939,1.3659879809249997
random_5fold_cv,A3_physics_plus_activity_and_arrhenius,5,R080,79,,peroxidase,Km (mM),0.00101,0.9597544008194011,-2.9956786262173574,-0.017839887809463564,2.9778387384078937,2.9778387384078937,950.251881999407
random_5fold_cv,A3_physics_plus_activity_and_arrhenius,5,R080,79,,peroxidase,Kcat (s⁻¹),1.97,13.641016120617008,0.2944662261615929,1.1348467221636003,0.8403804960020074,0.8403804960020074,6.924373665287821
random_5fold_cv,A3_physics_plus_activity_and_arrhenius,5,R080,79,,peroxidase,Vmax (nM s⁻¹),360.0,276.1510148000532,2.5563025007672873,2.4411466435084686,-0.11515585725881872,0.11515585725881872,0.76708615222237
random_5fold_cv,A3_physics_plus_activity_and_arrhenius,5,R081,80,,peroxidase,Km (mM),0.096,0.4826311838815097,-1.0177287669604316,-0.3163846207817021,0.7013441461787295,0.7013441461787295,5.0274081654323926
random_5fold_cv,A3_physics_plus_activity_and_arrhenius,5,R081,80,,peroxidase,Kcat (s⁻¹),1720.0,643.9380106716502,3.2355284469075487,2.8088440615849426,-0.4266843853226061,0.4266843853226061,0.3743825643439827
random_5fold_cv,A3_physics_plus_activity_and_arrhenius,5,R081,80,,peroxidase,Vmax (nM s⁻¹),412.0,94.11506364666506,2.6148972160331345,1.9736591402715646,-0.6412380757615699,0.6412380757615699,0.22843462050161423
